model_name,gold_label,predicted_label,count
rule-based,exploratory_attention,exploratory_attention,4
rule-based,exploratory_attention,focused_attention,0
rule-based,exploratory_attention,inside_visible,0
rule-based,exploratory_attention,mixed_attention,8
rule-based,exploratory_attention,occluded_attention,0
rule-based,exploratory_attention,outside,0
rule-based,focused_attention,exploratory_attention,0
rule-based,focused_attention,focused_attention,12
rule-based,focused_attention,inside_visible,0
rule-based,focused_attention,mixed_attention,0
rule-based,focused_attention,occluded_attention,0
rule-based,focused_attention,outside,0
rule-based,inside_visible,exploratory_attention,0
rule-based,inside_visible,focused_attention,0
rule-based,inside_visible,inside_visible,0
rule-based,inside_visible,mixed_attention,0
rule-based,inside_visible,occluded_attention,0
rule-based,inside_visible,outside,0
rule-based,mixed_attention,exploratory_attention,0
rule-based,mixed_attention,focused_attention,0
rule-based,mixed_attention,inside_visible,0
rule-based,mixed_attention,mixed_attention,0
rule-based,mixed_attention,occluded_attention,0
rule-based,mixed_attention,outside,0
rule-based,occluded_attention,exploratory_attention,0
rule-based,occluded_attention,focused_attention,0
rule-based,occluded_attention,inside_visible,0
rule-based,occluded_attention,mixed_attention,0
rule-based,occluded_attention,occluded_attention,0
rule-based,occluded_attention,outside,0
rule-based,outside,exploratory_attention,0
rule-based,outside,focused_attention,0
rule-based,outside,inside_visible,0
rule-based,outside,mixed_attention,0
rule-based,outside,occluded_attention,0
rule-based,outside,outside,0
typeform/distilbert-base-uncased-mnli,exploratory_attention,exploratory_attention,12
typeform/distilbert-base-uncased-mnli,exploratory_attention,focused_attention,0
typeform/distilbert-base-uncased-mnli,exploratory_attention,inside_visible,0
typeform/distilbert-base-uncased-mnli,exploratory_attention,mixed_attention,0
typeform/distilbert-base-uncased-mnli,exploratory_attention,occluded_attention,0
typeform/distilbert-base-uncased-mnli,exploratory_attention,outside,0
typeform/distilbert-base-uncased-mnli,focused_attention,exploratory_attention,12
typeform/distilbert-base-uncased-mnli,focused_attention,focused_attention,0
typeform/distilbert-base-uncased-mnli,focused_attention,inside_visible,0
typeform/distilbert-base-uncased-mnli,focused_attention,mixed_attention,0
typeform/distilbert-base-uncased-mnli,focused_attention,occluded_attention,0
typeform/distilbert-base-uncased-mnli,focused_attention,outside,0
typeform/distilbert-base-uncased-mnli,inside_visible,exploratory_attention,0
typeform/distilbert-base-uncased-mnli,inside_visible,focused_attention,0
typeform/distilbert-base-uncased-mnli,inside_visible,inside_visible,0
typeform/distilbert-base-uncased-mnli,inside_visible,mixed_attention,0
typeform/distilbert-base-uncased-mnli,inside_visible,occluded_attention,0
typeform/distilbert-base-uncased-mnli,inside_visible,outside,0
typeform/distilbert-base-uncased-mnli,mixed_attention,exploratory_attention,0
typeform/distilbert-base-uncased-mnli,mixed_attention,focused_attention,0
typeform/distilbert-base-uncased-mnli,mixed_attention,inside_visible,0
typeform/distilbert-base-uncased-mnli,mixed_attention,mixed_attention,0
typeform/distilbert-base-uncased-mnli,mixed_attention,occluded_attention,0
typeform/distilbert-base-uncased-mnli,mixed_attention,outside,0
typeform/distilbert-base-uncased-mnli,occluded_attention,exploratory_attention,0
typeform/distilbert-base-uncased-mnli,occluded_attention,focused_attention,0
typeform/distilbert-base-uncased-mnli,occluded_attention,inside_visible,0
typeform/distilbert-base-uncased-mnli,occluded_attention,mixed_attention,0
typeform/distilbert-base-uncased-mnli,occluded_attention,occluded_attention,0
typeform/distilbert-base-uncased-mnli,occluded_attention,outside,0
typeform/distilbert-base-uncased-mnli,outside,exploratory_attention,0
typeform/distilbert-base-uncased-mnli,outside,focused_attention,0
typeform/distilbert-base-uncased-mnli,outside,inside_visible,0
typeform/distilbert-base-uncased-mnli,outside,mixed_attention,0
typeform/distilbert-base-uncased-mnli,outside,occluded_attention,0
typeform/distilbert-base-uncased-mnli,outside,outside,0
facebook/bart-large-mnli,exploratory_attention,exploratory_attention,0
facebook/bart-large-mnli,exploratory_attention,focused_attention,0
facebook/bart-large-mnli,exploratory_attention,inside_visible,0
facebook/bart-large-mnli,exploratory_attention,mixed_attention,7
facebook/bart-large-mnli,exploratory_attention,occluded_attention,5
facebook/bart-large-mnli,exploratory_attention,outside,0
facebook/bart-large-mnli,focused_attention,exploratory_attention,0
facebook/bart-large-mnli,focused_attention,focused_attention,0
facebook/bart-large-mnli,focused_attention,inside_visible,0
facebook/bart-large-mnli,focused_attention,mixed_attention,3
facebook/bart-large-mnli,focused_attention,occluded_attention,9
facebook/bart-large-mnli,focused_attention,outside,0
facebook/bart-large-mnli,inside_visible,exploratory_attention,0
facebook/bart-large-mnli,inside_visible,focused_attention,0
facebook/bart-large-mnli,inside_visible,inside_visible,0
facebook/bart-large-mnli,inside_visible,mixed_attention,0
facebook/bart-large-mnli,inside_visible,occluded_attention,0
facebook/bart-large-mnli,inside_visible,outside,0
facebook/bart-large-mnli,mixed_attention,exploratory_attention,0
facebook/bart-large-mnli,mixed_attention,focused_attention,0
facebook/bart-large-mnli,mixed_attention,inside_visible,0
facebook/bart-large-mnli,mixed_attention,mixed_attention,0
facebook/bart-large-mnli,mixed_attention,occluded_attention,0
facebook/bart-large-mnli,mixed_attention,outside,0
facebook/bart-large-mnli,occluded_attention,exploratory_attention,0
facebook/bart-large-mnli,occluded_attention,focused_attention,0
facebook/bart-large-mnli,occluded_attention,inside_visible,0
facebook/bart-large-mnli,occluded_attention,mixed_attention,0
facebook/bart-large-mnli,occluded_attention,occluded_attention,0
facebook/bart-large-mnli,occluded_attention,outside,0
facebook/bart-large-mnli,outside,exploratory_attention,0
facebook/bart-large-mnli,outside,focused_attention,0
facebook/bart-large-mnli,outside,inside_visible,0
facebook/bart-large-mnli,outside,mixed_attention,0
facebook/bart-large-mnli,outside,occluded_attention,0
facebook/bart-large-mnli,outside,outside,0
MoritzLaurer/deberta-v3-large-zeroshot-v2.0,exploratory_attention,exploratory_attention,0
MoritzLaurer/deberta-v3-large-zeroshot-v2.0,exploratory_attention,focused_attention,12
MoritzLaurer/deberta-v3-large-zeroshot-v2.0,exploratory_attention,inside_visible,0
MoritzLaurer/deberta-v3-large-zeroshot-v2.0,exploratory_attention,mixed_attention,0
MoritzLaurer/deberta-v3-large-zeroshot-v2.0,exploratory_attention,occluded_attention,0
MoritzLaurer/deberta-v3-large-zeroshot-v2.0,exploratory_attention,outside,0
MoritzLaurer/deberta-v3-large-zeroshot-v2.0,focused_attention,exploratory_attention,0
MoritzLaurer/deberta-v3-large-zeroshot-v2.0,focused_attention,focused_attention,12
MoritzLaurer/deberta-v3-large-zeroshot-v2.0,focused_attention,inside_visible,0
MoritzLaurer/deberta-v3-large-zeroshot-v2.0,focused_attention,mixed_attention,0
MoritzLaurer/deberta-v3-large-zeroshot-v2.0,focused_attention,occluded_attention,0
MoritzLaurer/deberta-v3-large-zeroshot-v2.0,focused_attention,outside,0
MoritzLaurer/deberta-v3-large-zeroshot-v2.0,inside_visible,exploratory_attention,0
MoritzLaurer/deberta-v3-large-zeroshot-v2.0,inside_visible,focused_attention,0
MoritzLaurer/deberta-v3-large-zeroshot-v2.0,inside_visible,inside_visible,0
MoritzLaurer/deberta-v3-large-zeroshot-v2.0,inside_visible,mixed_attention,0
MoritzLaurer/deberta-v3-large-zeroshot-v2.0,inside_visible,occluded_attention,0
MoritzLaurer/deberta-v3-large-zeroshot-v2.0,inside_visible,outside,0
MoritzLaurer/deberta-v3-large-zeroshot-v2.0,mixed_attention,exploratory_attention,0
MoritzLaurer/deberta-v3-large-zeroshot-v2.0,mixed_attention,focused_attention,0
MoritzLaurer/deberta-v3-large-zeroshot-v2.0,mixed_attention,inside_visible,0
MoritzLaurer/deberta-v3-large-zeroshot-v2.0,mixed_attention,mixed_attention,0
MoritzLaurer/deberta-v3-large-zeroshot-v2.0,mixed_attention,occluded_attention,0
MoritzLaurer/deberta-v3-large-zeroshot-v2.0,mixed_attention,outside,0
MoritzLaurer/deberta-v3-large-zeroshot-v2.0,occluded_attention,exploratory_attention,0
MoritzLaurer/deberta-v3-large-zeroshot-v2.0,occluded_attention,focused_attention,0
MoritzLaurer/deberta-v3-large-zeroshot-v2.0,occluded_attention,inside_visible,0
MoritzLaurer/deberta-v3-large-zeroshot-v2.0,occluded_attention,mixed_attention,0
MoritzLaurer/deberta-v3-large-zeroshot-v2.0,occluded_attention,occluded_attention,0
MoritzLaurer/deberta-v3-large-zeroshot-v2.0,occluded_attention,outside,0
MoritzLaurer/deberta-v3-large-zeroshot-v2.0,outside,exploratory_attention,0
MoritzLaurer/deberta-v3-large-zeroshot-v2.0,outside,focused_attention,0
MoritzLaurer/deberta-v3-large-zeroshot-v2.0,outside,inside_visible,0
MoritzLaurer/deberta-v3-large-zeroshot-v2.0,outside,mixed_attention,0
MoritzLaurer/deberta-v3-large-zeroshot-v2.0,outside,occluded_attention,0
MoritzLaurer/deberta-v3-large-zeroshot-v2.0,outside,outside,0
./models/qwen-7b,exploratory_attention,exploratory_attention,0
./models/qwen-7b,exploratory_attention,focused_attention,0
./models/qwen-7b,exploratory_attention,inside_visible,10
./models/qwen-7b,exploratory_attention,mixed_attention,0
./models/qwen-7b,exploratory_attention,occluded_attention,0
./models/qwen-7b,exploratory_attention,outside,2
./models/qwen-7b,focused_attention,exploratory_attention,0
./models/qwen-7b,focused_attention,focused_attention,0
./models/qwen-7b,focused_attention,inside_visible,12
./models/qwen-7b,focused_attention,mixed_attention,0
./models/qwen-7b,focused_attention,occluded_attention,0
./models/qwen-7b,focused_attention,outside,0
./models/qwen-7b,inside_visible,exploratory_attention,0
./models/qwen-7b,inside_visible,focused_attention,0
./models/qwen-7b,inside_visible,inside_visible,0
./models/qwen-7b,inside_visible,mixed_attention,0
./models/qwen-7b,inside_visible,occluded_attention,0
./models/qwen-7b,inside_visible,outside,0
./models/qwen-7b,mixed_attention,exploratory_attention,0
./models/qwen-7b,mixed_attention,focused_attention,0
./models/qwen-7b,mixed_attention,inside_visible,0
./models/qwen-7b,mixed_attention,mixed_attention,0
./models/qwen-7b,mixed_attention,occluded_attention,0
./models/qwen-7b,mixed_attention,outside,0
./models/qwen-7b,occluded_attention,exploratory_attention,0
./models/qwen-7b,occluded_attention,focused_attention,0
./models/qwen-7b,occluded_attention,inside_visible,0
./models/qwen-7b,occluded_attention,mixed_attention,0
./models/qwen-7b,occluded_attention,occluded_attention,0
./models/qwen-7b,occluded_attention,outside,0
./models/qwen-7b,outside,exploratory_attention,0
./models/qwen-7b,outside,focused_attention,0
./models/qwen-7b,outside,inside_visible,0
./models/qwen-7b,outside,mixed_attention,0
./models/qwen-7b,outside,occluded_attention,0
./models/qwen-7b,outside,outside,0
