child_id,clip_id,split,models_Qwen--Qwen2_5-72B-Instruct,models_Qwen--Qwen2_5-7B-Instruct,models_qwen-7b
1Ab4vLMMAbY_2354-2439:person_1,1Ab4vLMMAbY_2354-2439,test,focused_attention,focused_attention,focused_attention
1Ab4vLMMAbY_412-554:person_1,1Ab4vLMMAbY_412-554,test,focused_attention,focused_attention,mixed_attention
1Ab4vLMMAbY_557-690:person_1,1Ab4vLMMAbY_557-690,test,focused_attention,focused_attention,focused_attention
31lG75MDwSA_2857-2928:person_1,31lG75MDwSA_2857-2928,test,focused_attention,focused_attention,focused_attention
31lG75MDwSA_3180-3306:person_1,31lG75MDwSA_3180-3306,test,focused_attention,focused_attention,focused_attention
31lG75MDwSA_4686-4764:person_2,31lG75MDwSA_4686-4764,test,mixed_attention,focused_attention,mixed_attention
6mA6UAoT3M0_6165-6361:person_1,6mA6UAoT3M0_6165-6361,test,mixed_attention,focused_attention,mixed_attention
6mA6UAoT3M0_6165-6361:person_3,6mA6UAoT3M0_6165-6361,test,focused_attention,focused_attention,focused_attention
9DNwRwt5kI4_10666-10822:person_2,9DNwRwt5kI4_10666-10822,test,focused_attention,focused_attention,mixed_attention
9DNwRwt5kI4_10666-10822:person_3,9DNwRwt5kI4_10666-10822,test,reduced_visual_availability,mixed_attention,mixed_attention
9DNwRwt5kI4_14988-15270:person_2,9DNwRwt5kI4_14988-15270,test,mixed_attention,mixed_attention,mixed_attention
9DNwRwt5kI4_14988-15270:person_3,9DNwRwt5kI4_14988-15270,test,mixed_attention,focused_attention,mixed_attention
9DNwRwt5kI4_2442-3179:person_1,9DNwRwt5kI4_2442-3179,test,mixed_attention,focused_attention,mixed_attention
9DNwRwt5kI4_2442-3179:person_3,9DNwRwt5kI4_2442-3179,test,mixed_attention,focused_attention,mixed_attention
LHT2zVYvObg_1790-1917:person_1,LHT2zVYvObg_1790-1917,test,focused_attention,focused_attention,focused_attention
LHT2zVYvObg_1790-1917:person_2,LHT2zVYvObg_1790-1917,test,focused_attention,focused_attention,mixed_attention
LHT2zVYvObg_1921-2099:person_1,LHT2zVYvObg_1921-2099,test,focused_attention,focused_attention,mixed_attention
LS9Hztyrmmw_1768-1839:person_2,LS9Hztyrmmw_1768-1839,test,focused_attention,focused_attention,mixed_attention
LS9Hztyrmmw_1768-1839:person_3,LS9Hztyrmmw_1768-1839,test,mixed_attention,mixed_attention,mixed_attention
LS9Hztyrmmw_2667-2845:person_2,LS9Hztyrmmw_2667-2845,test,focused_attention,focused_attention,focused_attention
LS9Hztyrmmw_2667-2845:person_3,LS9Hztyrmmw_2667-2845,test,focused_attention,focused_attention,focused_attention
Lva4fn4_q88_1270-1473:person_2,Lva4fn4_q88_1270-1473,test,focused_attention,focused_attention,focused_attention
Lva4fn4_q88_1270-1473:person_3,Lva4fn4_q88_1270-1473,test,exploratory_attention,mixed_attention,exploratory_attention
Lva4fn4_q88_4391-4523:person_2,Lva4fn4_q88_4391-4523,test,focused_attention,focused_attention,focused_attention
Lva4fn4_q88_4391-4523:person_3,Lva4fn4_q88_4391-4523,test,focused_attention,focused_attention,focused_attention
Lva4fn4_q88_4691-4775:person_2,Lva4fn4_q88_4691-4775,test,focused_attention,focused_attention,focused_attention
Lva4fn4_q88_4691-4775:person_3,Lva4fn4_q88_4691-4775,test,focused_attention,focused_attention,focused_attention
Lva4fn4_q88_5291-5420:person_2,Lva4fn4_q88_5291-5420,test,focused_attention,focused_attention,focused_attention
Lva4fn4_q88_5291-5420:person_3,Lva4fn4_q88_5291-5420,test,focused_attention,focused_attention,focused_attention
ND7pXuhs3VM_1800-1925:person_2,ND7pXuhs3VM_1800-1925,test,mixed_attention,focused_attention,mixed_attention
ND7pXuhs3VM_3066-3159:person_1,ND7pXuhs3VM_3066-3159,test,reduced_visual_availability,mixed_attention,mixed_attention
NIk1-ck4c6Q_13651-13719:person_2,NIk1-ck4c6Q_13651-13719,test,focused_attention,focused_attention,mixed_attention
NIk1-ck4c6Q_13651-13719:person_3,NIk1-ck4c6Q_13651-13719,test,mixed_attention,focused_attention,mixed_attention
NIk1-ck4c6Q_22766-22806:person_2,NIk1-ck4c6Q_22766-22806,test,focused_attention,focused_attention,focused_attention
NIk1-ck4c6Q_22766-22806:person_3,NIk1-ck4c6Q_22766-22806,test,focused_attention,focused_attention,focused_attention
N_9vfhsDz8w_5785-5911:person_2,N_9vfhsDz8w_5785-5911,test,focused_attention,focused_attention,focused_attention
N_9vfhsDz8w_5785-5911:person_3,N_9vfhsDz8w_5785-5911,test,focused_attention,focused_attention,focused_attention
N_9vfhsDz8w_6085-6298:person_2,N_9vfhsDz8w_6085-6298,test,focused_attention,focused_attention,focused_attention
N_9vfhsDz8w_6085-6298:person_3,N_9vfhsDz8w_6085-6298,test,focused_attention,focused_attention,focused_attention
Pyb0z_YQjjI_7332-7429:person_2,Pyb0z_YQjjI_7332-7429,test,mixed_attention,focused_attention,mixed_attention
Pyb0z_YQjjI_7332-7429:person_3,Pyb0z_YQjjI_7332-7429,test,focused_attention,focused_attention,focused_attention
Pyb0z_YQjjI_7632-7685:person_2,Pyb0z_YQjjI_7632-7685,test,focused_attention,focused_attention,focused_attention
Pyb0z_YQjjI_7632-7685:person_3,Pyb0z_YQjjI_7632-7685,test,focused_attention,focused_attention,focused_attention
UUwGLDeYN8c_266-474:person_1,UUwGLDeYN8c_266-474,test,focused_attention,focused_attention,mixed_attention
WpbXt04qWEk_1166-1611:person_1,WpbXt04qWEk_1166-1611,test,mixed_attention,focused_attention,mixed_attention
WpbXt04qWEk_924-1135:person_1,WpbXt04qWEk_924-1135,test,focused_attention,focused_attention,focused_attention
aWV7UUMddCU_5934-6205:person_2,aWV7UUMddCU_5934-6205,test,mixed_attention,focused_attention,focused_attention
aWV7UUMddCU_6517-7514:person_1,aWV7UUMddCU_6517-7514,test,mixed_attention,focused_attention,focused_attention
dUYIh1U2z-8_3300-3427:person_1,dUYIh1U2z-8_3300-3427,test,focused_attention,focused_attention,focused_attention
dUYIh1U2z-8_3300-3427:person_2,dUYIh1U2z-8_3300-3427,test,focused_attention,focused_attention,focused_attention
dUYIh1U2z-8_4007-4220:person_1,dUYIh1U2z-8_4007-4220,test,focused_attention,focused_attention,focused_attention
dUYIh1U2z-8_4007-4220:person_2,dUYIh1U2z-8_4007-4220,test,focused_attention,focused_attention,focused_attention
dUYIh1U2z-8_4007-4220:person_3,dUYIh1U2z-8_4007-4220,test,focused_attention,focused_attention,focused_attention
f6wqlpG9rd0_1402-1688:person_1,f6wqlpG9rd0_1402-1688,test,focused_attention,focused_attention,focused_attention
f6wqlpG9rd0_203-262:person_1,f6wqlpG9rd0_203-262,test,focused_attention,focused_attention,focused_attention
f6wqlpG9rd0_9404-9541:person_1,f6wqlpG9rd0_9404-9541,test,mixed_attention,mixed_attention,mixed_attention
f6wqlpG9rd0_9704-9949:person_1,f6wqlpG9rd0_9704-9949,test,mixed_attention,focused_attention,mixed_attention
fvJbRuIu4-0_1308-1370:person_1,fvJbRuIu4-0_1308-1370,test,focused_attention,focused_attention,focused_attention
fvJbRuIu4-0_1308-1370:person_2,fvJbRuIu4-0_1308-1370,test,focused_attention,focused_attention,focused_attention
fvJbRuIu4-0_1907-2018:person_1,fvJbRuIu4-0_1907-2018,test,mixed_attention,focused_attention,mixed_attention
fvJbRuIu4-0_1907-2018:person_2,fvJbRuIu4-0_1907-2018,test,focused_attention,focused_attention,focused_attention
ivX3JXIV1W4_1-1920:person_1,ivX3JXIV1W4_1-1920,test,mixed_attention,focused_attention,mixed_attention
ivX3JXIV1W4_1-1920:person_2,ivX3JXIV1W4_1-1920,test,focused_attention,focused_attention,mixed_attention
odFKscFdEas_14127-14292:person_2,odFKscFdEas_14127-14292,test,mixed_attention,focused_attention,mixed_attention
odFKscFdEas_15822-16030:person_2,odFKscFdEas_15822-16030,test,focused_attention,focused_attention,mixed_attention
whHPATlDw8M_33039-33248-downsampled:person_1,whHPATlDw8M_33039-33248-downsampled,test,focused_attention,focused_attention,focused_attention
whHPATlDw8M_5014-5313-downsampled:person_2,whHPATlDw8M_5014-5313-downsampled,test,focused_attention,focused_attention,focused_attention
zmZpa1p5zaE_1028-1129:person_1,zmZpa1p5zaE_1028-1129,test,focused_attention,focused_attention,focused_attention
zmZpa1p5zaE_1028-1129:person_2,zmZpa1p5zaE_1028-1129,test,focused_attention,focused_attention,mixed_attention
