child_id,clip_id,split,predicted_label,confidence,reasoning
1Ab4vLMMAbY_2354-2439:person_1,1Ab4vLMMAbY_2354-2439,test,focused_attention,0.8500,"The high attention stability score and long visible streak indicate sustained focus, while the low number of gaze shifts and minimal occlusions support this classification."
1Ab4vLMMAbY_412-554:person_1,1Ab4vLMMAbY_412-554,test,focused_attention,0.8500,"The high attention stability score and long visible streaks indicate sustained focus, despite some gaze shifts."
1Ab4vLMMAbY_557-690:person_1,1Ab4vLMMAbY_557-690,test,focused_attention,0.9500,The high attention stability score and the absence of gaze shift events indicate sustained focus on a target. The long visible streak further supports this classification.
31lG75MDwSA_2857-2928:person_1,31lG75MDwSA_2857-2928,test,focused_attention,0.9500,The high attention stability score and the absence of gaze shift events indicate sustained focus on a target. The long visible streak further supports this classification.
31lG75MDwSA_3180-3306:person_1,31lG75MDwSA_3180-3306,test,focused_attention,0.9000,"The high attention stability score and long visible streak indicate sustained focus, while the low number of gaze shifts and minimal occlusions support this classification."
31lG75MDwSA_4686-4764:person_2,31lG75MDwSA_4686-4764,test,mixed_attention,0.7500,"The child shows a balance of stable attention (attention_stability_score: 0.648) and frequent gaze shifts (gaze_shift_events: 14), indicating both sustained focus and exploration."
6mA6UAoT3M0_6165-6361:person_1,6mA6UAoT3M0_6165-6361,test,mixed_attention,0.7000,"The child shows a balance of stable attention (high attention stability score and long visible streak) and frequent gaze shifts (moderate number of gaze shift events), indicating a mixed pattern."
6mA6UAoT3M0_6165-6361:person_3,6mA6UAoT3M0_6165-6361,test,focused_attention,0.9500,The high attention stability score and the absence of gaze shift events indicate sustained focus on a target. The long visible streak also supports this classification.
9DNwRwt5kI4_10666-10822:person_2,9DNwRwt5kI4_10666-10822,test,focused_attention,0.8500,"The high attention stability score and long visible streaks indicate sustained focus, while the low number of gaze shifts and minimal occlusions support this classification."
9DNwRwt5kI4_10666-10822:person_3,9DNwRwt5kI4_10666-10822,test,reduced_visual_availability,0.8500,"The child's gaze is predominantly outside the frame (dominant_gaze_class: 'outside_frame' and on_screen_ratio: 0.3885), which significantly limits the interpretation of their visual attention."
9DNwRwt5kI4_14988-15270:person_2,9DNwRwt5kI4_14988-15270,test,mixed_attention,0.7500,"The attention stability score is moderate, and there are a significant number of gaze shift events, indicating both stable attention and frequent shifts. The visible gaze fraction is also substantial, supporting a mixed pattern."
9DNwRwt5kI4_14988-15270:person_3,9DNwRwt5kI4_14988-15270,test,mixed_attention,0.7500,"The child shows a moderate attention stability score and a significant number of gaze shift events, indicating both stable attention periods and frequent shifts."
9DNwRwt5kI4_2442-3179:person_1,9DNwRwt5kI4_2442-3179,test,mixed_attention,0.7500,"The child shows a moderate attention stability score and a significant number of gaze shift events, indicating both stable attention periods and frequent shifts."
9DNwRwt5kI4_2442-3179:person_3,9DNwRwt5kI4_2442-3179,test,mixed_attention,0.7500,"The child shows a moderate attention stability score and a significant number of gaze shift events, indicating both stable attention periods and frequent shifts."
LHT2zVYvObg_1790-1917:person_1,LHT2zVYvObg_1790-1917,test,focused_attention,0.9200,"The high attention stability score (0.88) and low gaze shift ratio (0.015625) indicate predominantly stable, sustained visual attention on a target."
LHT2zVYvObg_1790-1917:person_2,LHT2zVYvObg_1790-1917,test,focused_attention,0.8500,"The high attention stability score and long visible streak indicate sustained focus, while the low number of gaze shifts and minimal occlusions support this classification."
LHT2zVYvObg_1921-2099:person_1,LHT2zVYvObg_1921-2099,test,focused_attention,0.8500,"The high attention stability score and long visible streaks indicate sustained focus, despite some gaze shifts."
LS9Hztyrmmw_1768-1839:person_2,LS9Hztyrmmw_1768-1839,test,focused_attention,0.8500,"The high attention stability score and long visible streak indicate sustained focus, while the low number of gaze shifts and minimal occlusions support this classification."
LS9Hztyrmmw_1768-1839:person_3,LS9Hztyrmmw_1768-1839,test,mixed_attention,0.7500,"The attention stability score is moderate, and there are a significant number of gaze shift events, indicating both stable attention and frequent shifts."
LS9Hztyrmmw_2667-2845:person_2,LS9Hztyrmmw_2667-2845,test,focused_attention,0.9500,"The high attention stability score and the absence of gaze shift events indicate sustained focus on a target. The visible gaze fraction is also high, supporting this classification."
LS9Hztyrmmw_2667-2845:person_3,LS9Hztyrmmw_2667-2845,test,focused_attention,0.8500,"The high attention stability score and long visible streak indicate sustained focus, despite some gaze shifts."
Lva4fn4_q88_1270-1473:person_2,Lva4fn4_q88_1270-1473,test,focused_attention,0.9000,"The high attention stability score and long visible streak indicate sustained focus, while the low number of gaze shifts and minimal occlusions support this classification."
Lva4fn4_q88_1270-1473:person_3,Lva4fn4_q88_1270-1473,test,exploratory_attention,0.8500,"The high gaze shift ratio (0.69) and frequent gaze shift events (141) indicate that the child is frequently shifting their attention across multiple targets, which is characteristic of exploratory attention."
Lva4fn4_q88_4391-4523:person_2,Lva4fn4_q88_4391-4523,test,focused_attention,0.9900,The high attention stability score and the absence of gaze shift events indicate sustained focus on a target. The long visible streak further supports this classification.
Lva4fn4_q88_4391-4523:person_3,Lva4fn4_q88_4391-4523,test,focused_attention,0.9900,The high attention stability score and the absence of gaze shift events indicate sustained focus on a target. The long visible streak further supports this classification.
Lva4fn4_q88_4691-4775:person_2,Lva4fn4_q88_4691-4775,test,focused_attention,0.9900,The high attention stability score and lack of gaze shift events indicate sustained focus on a target. The child's gaze is consistently visible and within the frame.
Lva4fn4_q88_4691-4775:person_3,Lva4fn4_q88_4691-4775,test,focused_attention,0.8500,"The high attention stability score and long visible streak indicate sustained focus, while the low number of gaze shifts and minimal occlusions support this classification."
Lva4fn4_q88_5291-5420:person_2,Lva4fn4_q88_5291-5420,test,focused_attention,0.9900,The high attention stability score and the absence of gaze shift events indicate sustained focus on a target. The long visible streak further supports this classification.
Lva4fn4_q88_5291-5420:person_3,Lva4fn4_q88_5291-5420,test,focused_attention,0.9500,"The high attention stability score (0.885) and low gaze shift ratio (0.023) indicate sustained visual attention on a target, with minimal shifts."
ND7pXuhs3VM_1800-1925:person_2,ND7pXuhs3VM_1800-1925,test,mixed_attention,0.7000,"The child shows a moderate attention stability score and a significant number of gaze shift events, indicating both stable attention periods and frequent shifts."
ND7pXuhs3VM_3066-3159:person_1,ND7pXuhs3VM_3066-3159,test,reduced_visual_availability,0.8500,"The child's gaze is predominantly outside the frame, with a low on-screen ratio, indicating limited visual availability for interpretation."
NIk1-ck4c6Q_13651-13719:person_2,NIk1-ck4c6Q_13651-13719,test,focused_attention,0.8500,"The high attention stability score and long visible streak suggest sustained focus, despite some gaze shifts."
NIk1-ck4c6Q_13651-13719:person_3,NIk1-ck4c6Q_13651-13719,test,mixed_attention,0.7500,"The child shows a balance of stable attention (attention_stability_score: 0.67) and frequent gaze shifts (gaze_shift_events: 21), indicating both sustained focus and exploration."
NIk1-ck4c6Q_22766-22806:person_2,NIk1-ck4c6Q_22766-22806,test,focused_attention,0.9900,The high attention stability score and lack of gaze shift events indicate sustained focus on a target. The child's gaze is consistently visible and on-screen throughout the observation period.
NIk1-ck4c6Q_22766-22806:person_3,NIk1-ck4c6Q_22766-22806,test,focused_attention,0.8500,"The high attention stability score and long visible streak indicate sustained focus, while the low number of gaze shifts and minimal occlusions support this classification."
N_9vfhsDz8w_5785-5911:person_2,N_9vfhsDz8w_5785-5911,test,focused_attention,0.9900,The high attention stability score and the absence of gaze shift events indicate sustained focus on a target. The long visible streak further supports this classification.
N_9vfhsDz8w_5785-5911:person_3,N_9vfhsDz8w_5785-5911,test,focused_attention,0.9900,The high attention stability score and the absence of gaze shift events indicate sustained focus on a target. The long visible streak further supports this classification.
N_9vfhsDz8w_6085-6298:person_2,N_9vfhsDz8w_6085-6298,test,focused_attention,0.9500,The high attention stability score (0.8899) and the absence of gaze shift events indicate sustained visual attention. The long visible streak (180 frames) further supports this classification.
N_9vfhsDz8w_6085-6298:person_3,N_9vfhsDz8w_6085-6298,test,focused_attention,0.9900,The high attention stability score and the absence of gaze shift events indicate sustained focus on a target. The long visible streak further supports this classification.
Pyb0z_YQjjI_7332-7429:person_2,Pyb0z_YQjjI_7332-7429,test,mixed_attention,0.7500,"The child shows a moderate attention stability score and a significant number of gaze shift events, indicating both stable attention periods and frequent shifts."
Pyb0z_YQjjI_7332-7429:person_3,Pyb0z_YQjjI_7332-7429,test,focused_attention,0.9500,The high attention stability score and the absence of gaze shift events indicate sustained focus on a target. The long visible streak further supports this classification.
Pyb0z_YQjjI_7632-7685:person_2,Pyb0z_YQjjI_7632-7685,test,focused_attention,0.9000,"The high attention stability score and long visible streak indicate sustained focus, while the low number of gaze shifts and minimal occlusions support this classification."
Pyb0z_YQjjI_7632-7685:person_3,Pyb0z_YQjjI_7632-7685,test,focused_attention,0.8500,"The high attention stability score and long visible streak indicate sustained focus, while the low number of gaze shifts and minimal occlusions support this classification."
UUwGLDeYN8c_266-474:person_1,UUwGLDeYN8c_266-474,test,focused_attention,0.8500,"The high attention stability score and long visible streaks indicate sustained focus, despite some gaze shifts."
WpbXt04qWEk_1166-1611:person_1,WpbXt04qWEk_1166-1611,test,mixed_attention,0.7000,"The child shows a moderate level of attention stability with frequent gaze shifts, indicating both sustained focus and exploration."
WpbXt04qWEk_924-1135:person_1,WpbXt04qWEk_924-1135,test,focused_attention,0.9900,The high attention stability score and the absence of gaze shift events indicate sustained focus on a target. The long visible streak further supports this classification.
aWV7UUMddCU_5934-6205:person_2,aWV7UUMddCU_5934-6205,test,mixed_attention,0.7000,"The child shows a relatively high attention stability score but also a significant number of gaze shift events, indicating both sustained focus and frequent exploration."
aWV7UUMddCU_6517-7514:person_1,aWV7UUMddCU_6517-7514,test,mixed_attention,0.7500,"The child shows a moderate attention stability score and a significant number of gaze shift events, indicating both stable attention periods and frequent shifts."
dUYIh1U2z-8_3300-3427:person_1,dUYIh1U2z-8_3300-3427,test,focused_attention,0.9500,The high attention stability score (0.9877) and the absence of gaze shift events indicate sustained focus on a target. The long visible streak (128 frames) further supports this classification.
dUYIh1U2z-8_3300-3427:person_2,dUYIh1U2z-8_3300-3427,test,focused_attention,0.9900,The high attention stability score and lack of gaze shift events indicate sustained focus on a target. The child's gaze is consistently visible and on-screen throughout the observation period.
dUYIh1U2z-8_4007-4220:person_1,dUYIh1U2z-8_4007-4220,test,focused_attention,0.8500,"The high attention stability score and long visible streak indicate sustained focus, despite some gaze shifts."
dUYIh1U2z-8_4007-4220:person_2,dUYIh1U2z-8_4007-4220,test,focused_attention,0.9900,The high attention stability score and the absence of gaze shift events indicate sustained focus on a target. The long visible streak further supports this classification.
dUYIh1U2z-8_4007-4220:person_3,dUYIh1U2z-8_4007-4220,test,focused_attention,0.9900,The high attention stability score and the absence of gaze shift events indicate sustained focus on a target. The long visible streak further supports this classification.
f6wqlpG9rd0_1402-1688:person_1,f6wqlpG9rd0_1402-1688,test,focused_attention,0.9000,"The high attention stability score and low gaze shift ratio indicate sustained focus on a target, with minimal shifts."
f6wqlpG9rd0_203-262:person_1,f6wqlpG9rd0_203-262,test,focused_attention,0.9900,The high attention stability score and lack of gaze shift events indicate sustained focus on a target. The child's gaze is consistently visible and on-screen throughout the observation period.
f6wqlpG9rd0_9404-9541:person_1,f6wqlpG9rd0_9404-9541,test,mixed_attention,0.7500,"The child shows a balance of stable attention (attention_stability_score: 0.65) and some gaze shifts (gaze_shift_events: 10), indicating both sustained focus and exploration."
f6wqlpG9rd0_9704-9949:person_1,f6wqlpG9rd0_9704-9949,test,mixed_attention,0.7500,"The child shows a relatively high attention stability score but also a significant number of gaze shift events, indicating both sustained focus and frequent exploration."
fvJbRuIu4-0_1308-1370:person_1,fvJbRuIu4-0_1308-1370,test,focused_attention,0.8500,"The high attention stability score and long visible streak indicate sustained focus, while the low number of gaze shifts and minimal occlusions support this classification."
fvJbRuIu4-0_1308-1370:person_2,fvJbRuIu4-0_1308-1370,test,focused_attention,0.9200,"The high attention stability score and long visible streak indicate sustained focus, with minimal gaze shifts."
fvJbRuIu4-0_1907-2018:person_1,fvJbRuIu4-0_1907-2018,test,mixed_attention,0.7500,"The child shows a moderate attention stability score and a low but present gaze shift ratio, indicating both periods of stable attention and some exploration."
fvJbRuIu4-0_1907-2018:person_2,fvJbRuIu4-0_1907-2018,test,focused_attention,0.9900,The high attention stability score and the absence of gaze shift events indicate sustained focus on a target. The long visible streak further supports this classification.
ivX3JXIV1W4_1-1920:person_1,ivX3JXIV1W4_1-1920,test,mixed_attention,0.7500,"The child shows a moderate attention stability score and a significant number of gaze shift events, indicating both stable attention periods and frequent shifts."
ivX3JXIV1W4_1-1920:person_2,ivX3JXIV1W4_1-1920,test,focused_attention,0.8500,"The high attention stability score and long visible streak indicate sustained focus, despite some gaze shifts."
odFKscFdEas_14127-14292:person_2,odFKscFdEas_14127-14292,test,mixed_attention,0.7500,"The child shows a moderate attention stability score and a significant number of gaze shift events, indicating both stable attention periods and frequent shifts."
odFKscFdEas_15822-16030:person_2,odFKscFdEas_15822-16030,test,focused_attention,0.8500,"The high attention stability score and long visible streak indicate sustained focus, despite some gaze shifts."
whHPATlDw8M_33039-33248-downsampled:person_1,whHPATlDw8M_33039-33248-downsampled,test,focused_attention,0.9900,The high attention stability score and the absence of gaze shift events indicate sustained focus on a target. The long visible streak further supports this classification.
whHPATlDw8M_5014-5313-downsampled:person_2,whHPATlDw8M_5014-5313-downsampled,test,focused_attention,0.8500,"The high attention stability score and long visible streak indicate sustained focus, despite some gaze shifts."
zmZpa1p5zaE_1028-1129:person_1,zmZpa1p5zaE_1028-1129,test,focused_attention,0.9900,The high attention stability score and the absence of gaze shift events indicate sustained focus on a target. The long visible streak further supports this classification.
zmZpa1p5zaE_1028-1129:person_2,zmZpa1p5zaE_1028-1129,test,focused_attention,0.8500,"The high attention stability score and long visible streak indicate sustained focus, despite some gaze shifts."
