child_id,clip_id,timestamp_mmss,rater1,rater2,final_manual_label,bart_label,bart_confidence,deberta_label,deberta_confidence,distilbert_label,distilbert_confidence,llm_models_Qwen--Qwen2_5-72B-Instruct_label,llm_models_Qwen--Qwen2_5-72B-Instruct_confidence,llm_models_Qwen--Qwen2_5-7B-Instruct_label,llm_models_Qwen--Qwen2_5-7B-Instruct_confidence,llm_models_qwen-7b_label,llm_models_qwen-7b_confidence,rule_based_label,rule_based_confidence
1Ab4vLMMAbY_2354-2439:person_1,1Ab4vLMMAbY_2354-2439,1:40,focused_attention,focused_attention,focused_attention,occluded_attention,0.2739,focused_attention,0.5516,exploratory_attention,0.5987,focused_attention,0.85,focused_attention,0.95,focused_attention,0.95,focused_attention,0.84
1Ab4vLMMAbY_412-554:person_1,1Ab4vLMMAbY_412-554,0:20,focused_attention,focused_attention,focused_attention,occluded_attention,0.285,focused_attention,0.5014,exploratory_attention,0.5858,focused_attention,0.85,focused_attention,0.85,mixed_attention,0.9,focused_attention,0.84
1Ab4vLMMAbY_557-690:person_1,1Ab4vLMMAbY_557-690,0:26,focused_attention,focused_attention,focused_attention,mixed_attention,0.2934,focused_attention,0.7796,exploratory_attention,0.5065,focused_attention,0.95,focused_attention,0.95,focused_attention,0.99,focused_attention,0.84
31lG75MDwSA_2857-2928:person_1,31lG75MDwSA_2857-2928,1:36,focused_attention,focused_attention,focused_attention,mixed_attention,0.2952,focused_attention,0.7635,exploratory_attention,0.4857,focused_attention,0.95,focused_attention,0.95,focused_attention,0.99,focused_attention,0.84
31lG75MDwSA_3180-3306:person_1,31lG75MDwSA_3180-3306,1:48,focused_attention,focused_attention,focused_attention,occluded_attention,0.273,focused_attention,0.5872,exploratory_attention,0.5797,focused_attention,0.9,focused_attention,0.95,focused_attention,0.98,focused_attention,0.84
31lG75MDwSA_4686-4764:person_2,31lG75MDwSA_4686-4764,2:37,mixed_attention,focused_attention,mixed_attention,mixed_attention,0.2717,focused_attention,0.426,exploratory_attention,0.4578,mixed_attention,0.75,focused_attention,0.85,mixed_attention,0.85,mixed_attention,0.68
6mA6UAoT3M0_6165-6361:person_1,6mA6UAoT3M0_6165-6361,3:29,mixed_attention,occluded_attention,occluded_attention,occluded_attention,0.2657,focused_attention,0.4621,exploratory_attention,0.4649,mixed_attention,0.7,focused_attention,0.85,mixed_attention,0.93,mixed_attention,0.68
6mA6UAoT3M0_6165-6361:person_3,6mA6UAoT3M0_6165-6361,3:29,focused_attention,focused_attention,focused_attention,mixed_attention,0.2704,focused_attention,0.6144,exploratory_attention,0.5731,focused_attention,0.95,focused_attention,0.98,focused_attention,0.99,focused_attention,0.84
9DNwRwt5kI4_10666-10822:person_2,9DNwRwt5kI4_10666-10822,7:10,mixed_attention,focused_attention,focused_attention,occluded_attention,0.3157,focused_attention,0.526,exploratory_attention,0.5911,focused_attention,0.85,focused_attention,0.95,mixed_attention,0.95,focused_attention,0.84
9DNwRwt5kI4_10666-10822:person_3,9DNwRwt5kI4_10666-10822,7:10,exploratory_attention,mixed_attention,mixed_attention,mixed_attention,0.2904,focused_attention,0.4582,exploratory_attention,0.5344,reduced_visual_availability,0.85,mixed_attention,0.85,mixed_attention,0.92,mixed_attention,0.68
9DNwRwt5kI4_14988-15270:person_2,9DNwRwt5kI4_14988-15270,10:05,occluded_attention,mixed_attention,occluded_attention,occluded_attention,0.3042,focused_attention,0.4384,exploratory_attention,0.4508,mixed_attention,0.75,mixed_attention,0.85,mixed_attention,0.85,mixed_attention,0.68
9DNwRwt5kI4_14988-15270:person_3,9DNwRwt5kI4_14988-15270,10:05,focused_attention,mixed_attention,mixed_attention,occluded_attention,0.2785,focused_attention,0.4752,exploratory_attention,0.4598,mixed_attention,0.75,focused_attention,0.85,mixed_attention,0.92,mixed_attention,0.68
9DNwRwt5kI4_2442-3179:person_1,9DNwRwt5kI4_2442-3179,2:00,mixed_attention,occluded_attention,focused_attention,occluded_attention,0.2865,focused_attention,0.5258,exploratory_attention,0.5779,mixed_attention,0.75,focused_attention,0.85,mixed_attention,0.92,focused_attention,0.84
9DNwRwt5kI4_2442-3179:person_3,9DNwRwt5kI4_2442-3179,1:52,mixed_attention,exploratory_attention,mixed_attention,occluded_attention,0.3036,focused_attention,0.4772,exploratory_attention,0.5895,mixed_attention,0.75,focused_attention,0.85,mixed_attention,0.85,mixed_attention,0.68
LHT2zVYvObg_1790-1917:person_1,LHT2zVYvObg_1790-1917,1:17,focused_attention,focused_attention,focused_attention,mixed_attention,0.264,focused_attention,0.5442,exploratory_attention,0.5902,focused_attention,0.92,focused_attention,0.95,focused_attention,0.95,focused_attention,0.84
LHT2zVYvObg_1790-1917:person_2,LHT2zVYvObg_1790-1917,1:17,focused_attention,mixed_attention,focused_attention,mixed_attention,0.277,focused_attention,0.5218,exploratory_attention,0.4514,focused_attention,0.85,focused_attention,0.9,mixed_attention,0.9,mixed_attention,0.68
LHT2zVYvObg_1921-2099:person_1,LHT2zVYvObg_1921-2099,1:24,focused_attention,focused_attention,focused_attention,occluded_attention,0.3117,focused_attention,0.5346,exploratory_attention,0.5566,focused_attention,0.85,focused_attention,0.92,mixed_attention,0.92,focused_attention,0.84
LS9Hztyrmmw_1768-1839:person_2,LS9Hztyrmmw_1768-1839,1:00,focused_attention,focused_attention,focused_attention,occluded_attention,0.2823,focused_attention,0.5318,exploratory_attention,0.5681,focused_attention,0.85,focused_attention,0.95,mixed_attention,0.95,focused_attention,0.84
LS9Hztyrmmw_1768-1839:person_3,LS9Hztyrmmw_1768-1839,1:00,mixed_attention,focused_attention,focused_attention,mixed_attention,0.2738,focused_attention,0.4593,exploratory_attention,0.4669,mixed_attention,0.75,mixed_attention,0.85,mixed_attention,0.9,mixed_attention,0.68
LS9Hztyrmmw_2667-2845:person_2,LS9Hztyrmmw_2667-2845,1:32,focused_attention,focused_attention,focused_attention,mixed_attention,0.2686,focused_attention,0.5836,exploratory_attention,0.4878,focused_attention,0.95,focused_attention,0.95,focused_attention,0.95,focused_attention,0.84
LS9Hztyrmmw_2667-2845:person_3,LS9Hztyrmmw_2667-2845,1:32,focused_attention,focused_attention,focused_attention,mixed_attention,0.2757,focused_attention,0.5899,exploratory_attention,0.4982,focused_attention,0.85,focused_attention,0.95,focused_attention,0.95,focused_attention,0.84
Lva4fn4_q88_1270-1473:person_2,Lva4fn4_q88_1270-1473,0:46,focused_attention,focused_attention,focused_attention,occluded_attention,0.2863,focused_attention,0.568,exploratory_attention,0.5878,focused_attention,0.9,focused_attention,0.95,focused_attention,0.95,focused_attention,0.84
Lva4fn4_q88_1270-1473:person_3,Lva4fn4_q88_1270-1473,0:46,exploratory_attention,focused_attention,focused_attention,occluded_attention,0.2676,focused_attention,0.4015,exploratory_attention,0.4629,exploratory_attention,0.85,mixed_attention,0.85,exploratory_attention,0.9,exploratory_attention,0.8
Lva4fn4_q88_4391-4523:person_2,Lva4fn4_q88_4391-4523,2:29,focused_attention,focused_attention,focused_attention,mixed_attention,0.2885,focused_attention,0.7567,exploratory_attention,0.512,focused_attention,0.99,focused_attention,0.98,focused_attention,0.98,focused_attention,0.84
Lva4fn4_q88_4391-4523:person_3,Lva4fn4_q88_4391-4523,2:29,mixed_attention,focused_attention,mixed_attention,mixed_attention,0.2822,focused_attention,0.7684,exploratory_attention,0.5117,focused_attention,0.99,focused_attention,0.98,focused_attention,0.99,focused_attention,0.84
Lva4fn4_q88_4691-4775:person_2,Lva4fn4_q88_4691-4775,2:38,focused_attention,focused_attention,focused_attention,mixed_attention,0.2883,focused_attention,0.7617,exploratory_attention,0.479,focused_attention,0.99,focused_attention,0.98,focused_attention,0.98,focused_attention,0.84
Lva4fn4_q88_4691-4775:person_3,Lva4fn4_q88_4691-4775,2:38,focused_attention,focused_attention,focused_attention,occluded_attention,0.2824,focused_attention,0.561,exploratory_attention,0.5796,focused_attention,0.85,focused_attention,0.9,focused_attention,0.95,focused_attention,0.84
Lva4fn4_q88_5291-5420:person_2,Lva4fn4_q88_5291-5420,2:58,focused_attention,focused_attention,focused_attention,mixed_attention,0.2838,focused_attention,0.7656,exploratory_attention,0.4941,focused_attention,0.99,focused_attention,0.98,focused_attention,0.99,focused_attention,0.84
Lva4fn4_q88_5291-5420:person_3,Lva4fn4_q88_5291-5420,2:58,focused_attention,focused_attention,focused_attention,occluded_attention,0.2936,focused_attention,0.5568,exploratory_attention,0.5695,focused_attention,0.95,focused_attention,0.95,focused_attention,0.95,focused_attention,0.84
ND7pXuhs3VM_1800-1925:person_2,ND7pXuhs3VM_1800-1925,1:02,focused_attention,mixed_attention,mixed_attention,occluded_attention,0.2844,focused_attention,0.5234,exploratory_attention,0.4717,mixed_attention,0.7,focused_attention,0.9,mixed_attention,0.9,mixed_attention,0.68
ND7pXuhs3VM_3066-3159:person_1,ND7pXuhs3VM_3066-3159,1:44,mixed_attention,mixed_attention,mixed_attention,mixed_attention,0.2629,focused_attention,0.4848,exploratory_attention,0.496,reduced_visual_availability,0.85,mixed_attention,0.8,mixed_attention,0.9,mixed_attention,0.68
NIk1-ck4c6Q_13651-13719:person_2,NIk1-ck4c6Q_13651-13719,9:07,mixed_attention,mixed_attention,mixed_attention,occluded_attention,0.2828,focused_attention,0.5195,exploratory_attention,0.4671,focused_attention,0.85,focused_attention,0.92,mixed_attention,0.92,mixed_attention,0.68
NIk1-ck4c6Q_13651-13719:person_3,NIk1-ck4c6Q_13651-13719,9:07,mixed_attention,mixed_attention,mixed_attention,mixed_attention,0.2704,focused_attention,0.4719,exploratory_attention,0.472,mixed_attention,0.75,focused_attention,0.85,mixed_attention,0.92,exploratory_attention,0.8
NIk1-ck4c6Q_22766-22806:person_2,NIk1-ck4c6Q_22766-22806,15:11,focused_attention,focused_attention,focused_attention,mixed_attention,0.3005,focused_attention,0.7782,exploratory_attention,0.5397,focused_attention,0.99,focused_attention,0.98,focused_attention,0.999,focused_attention,0.84
NIk1-ck4c6Q_22766-22806:person_3,NIk1-ck4c6Q_22766-22806,15:11,focused_attention,focused_attention,focused_attention,mixed_attention,0.2676,focused_attention,0.5458,exploratory_attention,0.5805,focused_attention,0.85,focused_attention,0.95,focused_attention,0.95,focused_attention,0.84
N_9vfhsDz8w_5785-5911:person_2,N_9vfhsDz8w_5785-5911,3:15,focused_attention,focused_attention,focused_attention,mixed_attention,0.29,focused_attention,0.7634,exploratory_attention,0.5394,focused_attention,0.99,focused_attention,0.98,focused_attention,0.999,focused_attention,0.84
N_9vfhsDz8w_5785-5911:person_3,N_9vfhsDz8w_5785-5911,3:15,focused_attention,focused_attention,focused_attention,mixed_attention,0.2884,focused_attention,0.7765,exploratory_attention,0.5081,focused_attention,0.99,focused_attention,0.98,focused_attention,0.99,focused_attention,0.84
N_9vfhsDz8w_6085-6298:person_2,N_9vfhsDz8w_6085-6298,3:26,focused_attention,focused_attention,focused_attention,mixed_attention,0.2742,focused_attention,0.6769,exploratory_attention,0.4993,focused_attention,0.95,focused_attention,0.95,focused_attention,0.95,focused_attention,0.84
N_9vfhsDz8w_6085-6298:person_3,N_9vfhsDz8w_6085-6298,3:26,focused_attention,focused_attention,focused_attention,mixed_attention,0.2892,focused_attention,0.7695,exploratory_attention,0.5052,focused_attention,0.99,focused_attention,0.98,focused_attention,0.99,focused_attention,0.84
Pyb0z_YQjjI_7332-7429:person_2,Pyb0z_YQjjI_7332-7429,4:55,exploratory_attention,mixed_attention,exploratory_attention,occluded_attention,0.2675,focused_attention,0.482,exploratory_attention,0.4757,mixed_attention,0.75,focused_attention,0.85,mixed_attention,0.9,exploratory_attention,0.8
Pyb0z_YQjjI_7332-7429:person_3,Pyb0z_YQjjI_7332-7429,4:55,focused_attention,focused_attention,focused_attention,mixed_attention,0.2855,focused_attention,0.7815,exploratory_attention,0.5015,focused_attention,0.95,focused_attention,0.95,focused_attention,0.99,focused_attention,0.84
Pyb0z_YQjjI_7632-7685:person_2,Pyb0z_YQjjI_7632-7685,5:06,focused_attention,focused_attention,focused_attention,occluded_attention,0.288,focused_attention,0.5281,exploratory_attention,0.5702,focused_attention,0.9,focused_attention,0.92,focused_attention,0.95,focused_attention,0.84
Pyb0z_YQjjI_7632-7685:person_3,Pyb0z_YQjjI_7632-7685,5:06,focused_attention,focused_attention,focused_attention,mixed_attention,0.2611,focused_attention,0.5619,exploratory_attention,0.5697,focused_attention,0.85,focused_attention,0.95,focused_attention,0.95,focused_attention,0.84
UUwGLDeYN8c_266-474:person_1,UUwGLDeYN8c_266-474,0:15,focused_attention,focused_attention,focused_attention,occluded_attention,0.269,focused_attention,0.4722,exploratory_attention,0.5749,focused_attention,0.85,focused_attention,0.85,mixed_attention,0.92,focused_attention,0.84
WpbXt04qWEk_1166-1611:person_1,WpbXt04qWEk_1166-1611,0:46,focused_attention,focused_attention,focused_attention,occluded_attention,0.2824,focused_attention,0.4964,exploratory_attention,0.5924,mixed_attention,0.7,focused_attention,0.95,mixed_attention,0.92,focused_attention,0.84
WpbXt04qWEk_924-1135:person_1,WpbXt04qWEk_924-1135,0:34,focused_attention,focused_attention,focused_attention,mixed_attention,0.2866,focused_attention,0.765,exploratory_attention,0.5075,focused_attention,0.99,focused_attention,0.98,focused_attention,0.999,focused_attention,0.84
aWV7UUMddCU_5934-6205:person_2,aWV7UUMddCU_5934-6205,3:22,focused_attention,mixed_attention,mixed_attention,occluded_attention,0.3063,focused_attention,0.5188,exploratory_attention,0.4673,mixed_attention,0.7,focused_attention,0.92,focused_attention,0.92,mixed_attention,0.68
aWV7UUMddCU_6517-7514:person_1,aWV7UUMddCU_6517-7514,3:54,mixed_attention,mixed_attention,mixed_attention,occluded_attention,0.3309,focused_attention,0.5276,exploratory_attention,0.5444,mixed_attention,0.75,focused_attention,0.95,focused_attention,0.95,mixed_attention,0.68
dUYIh1U2z-8_3300-3427:person_1,dUYIh1U2z-8_3300-3427,1:52,occluded_attention,occluded_attention,occluded_attention,mixed_attention,0.2955,focused_attention,0.7624,exploratory_attention,0.5112,focused_attention,0.95,focused_attention,0.95,focused_attention,0.99,focused_attention,0.84
dUYIh1U2z-8_3300-3427:person_2,dUYIh1U2z-8_3300-3427,1:52,focused_attention,focused_attention,focused_attention,mixed_attention,0.2798,focused_attention,0.7622,exploratory_attention,0.4854,focused_attention,0.99,focused_attention,0.95,focused_attention,0.98,focused_attention,0.84
dUYIh1U2z-8_4007-4220:person_1,dUYIh1U2z-8_4007-4220,2:17,focused_attention,focused_attention,focused_attention,occluded_attention,0.274,focused_attention,0.5157,exploratory_attention,0.5795,focused_attention,0.85,focused_attention,0.95,focused_attention,0.95,focused_attention,0.84
dUYIh1U2z-8_4007-4220:person_2,dUYIh1U2z-8_4007-4220,2:17,focused_attention,focused_attention,focused_attention,mixed_attention,0.2864,focused_attention,0.7768,exploratory_attention,0.5095,focused_attention,0.99,focused_attention,0.98,focused_attention,0.999,focused_attention,0.84
dUYIh1U2z-8_4007-4220:person_3,dUYIh1U2z-8_4007-4220,2:17,focused_attention,focused_attention,focused_attention,mixed_attention,0.2834,focused_attention,0.7471,exploratory_attention,0.5029,focused_attention,0.99,focused_attention,0.98,focused_attention,0.999,focused_attention,0.84
f6wqlpG9rd0_1402-1688:person_1,f6wqlpG9rd0_1402-1688,0:51,focused_attention,focused_attention,focused_attention,occluded_attention,0.2586,focused_attention,0.5356,exploratory_attention,0.584,focused_attention,0.9,focused_attention,0.98,focused_attention,0.99,focused_attention,0.84
f6wqlpG9rd0_203-262:person_1,f6wqlpG9rd0_203-262,0:08,focused_attention,focused_attention,focused_attention,mixed_attention,0.2924,focused_attention,0.7509,exploratory_attention,0.4981,focused_attention,0.99,focused_attention,0.98,focused_attention,0.99,focused_attention,0.84
f6wqlpG9rd0_9404-9541:person_1,f6wqlpG9rd0_9404-9541,5:16,mixed_attention,mixed_attention,mixed_attention,occluded_attention,0.2844,focused_attention,0.3951,exploratory_attention,0.5774,mixed_attention,0.75,mixed_attention,0.85,mixed_attention,0.85,mixed_attention,0.68
f6wqlpG9rd0_9704-9949:person_1,f6wqlpG9rd0_9704-9949,5:28,mixed_attention,mixed_attention,mixed_attention,occluded_attention,0.2944,focused_attention,0.5092,exploratory_attention,0.5782,mixed_attention,0.75,focused_attention,0.9,mixed_attention,0.92,mixed_attention,0.68
fvJbRuIu4-0_1308-1370:person_1,fvJbRuIu4-0_1308-1370,0:45,focused_attention,focused_attention,focused_attention,mixed_attention,0.2651,focused_attention,0.5538,exploratory_attention,0.4508,focused_attention,0.85,focused_attention,0.95,focused_attention,0.92,focused_attention,0.84
fvJbRuIu4-0_1308-1370:person_2,fvJbRuIu4-0_1308-1370,0:45,focused_attention,focused_attention,focused_attention,mixed_attention,0.2673,focused_attention,0.5674,exploratory_attention,0.5796,focused_attention,0.92,focused_attention,0.95,focused_attention,0.95,focused_attention,0.84
fvJbRuIu4-0_1907-2018:person_1,fvJbRuIu4-0_1907-2018,1:05,mixed_attention,mixed_attention,mixed_attention,mixed_attention,0.2721,focused_attention,0.4649,exploratory_attention,0.5613,mixed_attention,0.75,focused_attention,0.85,mixed_attention,0.85,mixed_attention,0.68
fvJbRuIu4-0_1907-2018:person_2,fvJbRuIu4-0_1907-2018,1:05,focused_attention,focused_attention,focused_attention,mixed_attention,0.2886,focused_attention,0.7539,exploratory_attention,0.504,focused_attention,0.99,focused_attention,0.98,focused_attention,0.98,focused_attention,0.84
ivX3JXIV1W4_1-1920:person_1,ivX3JXIV1W4_1-1920,0:32,focused_attention,focused_attention,focused_attention,mixed_attention,0.2737,focused_attention,0.4879,exploratory_attention,0.4626,mixed_attention,0.75,focused_attention,0.85,mixed_attention,0.9,exploratory_attention,0.8
ivX3JXIV1W4_1-1920:person_2,ivX3JXIV1W4_1-1920,0:32,focused_attention,focused_attention,focused_attention,occluded_attention,0.34,focused_attention,0.5592,exploratory_attention,0.5787,focused_attention,0.85,focused_attention,0.95,mixed_attention,0.92,focused_attention,0.84
odFKscFdEas_14127-14292:person_2,odFKscFdEas_14127-14292,7:54,mixed_attention,mixed_attention,mixed_attention,mixed_attention,0.2815,focused_attention,0.4508,exploratory_attention,0.4873,mixed_attention,0.75,focused_attention,0.85,mixed_attention,0.92,mixed_attention,0.68
odFKscFdEas_15822-16030:person_2,odFKscFdEas_15822-16030,8:51,mixed_attention,mixed_attention,mixed_attention,occluded_attention,0.3046,focused_attention,0.5398,exploratory_attention,0.5892,focused_attention,0.85,focused_attention,0.92,mixed_attention,0.92,focused_attention,0.84
whHPATlDw8M_33039-33248-downsampled:person_1,whHPATlDw8M_33039-33248-downsampled,9:12,focused_attention,focused_attention,focused_attention,mixed_attention,0.2888,focused_attention,0.7682,exploratory_attention,0.4996,focused_attention,0.99,focused_attention,0.98,focused_attention,0.99,focused_attention,0.84
whHPATlDw8M_5014-5313-downsampled:person_2,whHPATlDw8M_5014-5313-downsampled,1:26,focused_attention,focused_attention,focused_attention,mixed_attention,0.2797,focused_attention,0.5195,exploratory_attention,0.5827,focused_attention,0.85,focused_attention,0.95,focused_attention,0.95,focused_attention,0.84
zmZpa1p5zaE_1028-1129:person_1,zmZpa1p5zaE_1028-1129,0:36,focused_attention,focused_attention,focused_attention,mixed_attention,0.3045,focused_attention,0.7676,exploratory_attention,0.5452,focused_attention,0.99,focused_attention,0.95,focused_attention,0.999,focused_attention,0.84
zmZpa1p5zaE_1028-1129:person_2,zmZpa1p5zaE_1028-1129,0:36,mixed_attention,mixed_attention,mixed_attention,mixed_attention,0.2785,focused_attention,0.5107,exploratory_attention,0.4676,focused_attention,0.85,focused_attention,0.9,mixed_attention,0.9,mixed_attention,0.68
