child_id,clip_id,final_manual_label_3class,rater1_3class,rater2_3class,rule_based_label,rule_based_confidence,nli_deberta_label,nli_deberta_confidence,nli_bart_label,nli_bart_confidence,nli_distilbert_label,nli_distilbert_confidence,supervised_Dummy_majority_label,supervised_Dummy_stratified_label,supervised_LightGBM_label,supervised_LinearSVM_label,supervised_LogisticRegression_label,supervised_RandomForest_label,supervised_XGBoost_label,llm_models_01-ai--Yi-1_5-9B-Chat_label,llm_models_01-ai--Yi-1_5-9B-Chat_confidence,llm_models_Qwen--Qwen2_5-72B-Instruct_label,llm_models_Qwen--Qwen2_5-72B-Instruct_confidence,llm_models_Qwen--Qwen2_5-7B-Instruct_label,llm_models_Qwen--Qwen2_5-7B-Instruct_confidence,llm_models_meta-llama--Llama-3_1-8B-Instruct_label,llm_models_meta-llama--Llama-3_1-8B-Instruct_confidence,llm_models_microsoft--Phi-4-mini-instruct_label,llm_models_microsoft--Phi-4-mini-instruct_confidence,llm_models_mistralai--Mistral-7B-Instruct-v0_3_label,llm_models_mistralai--Mistral-7B-Instruct-v0_3_confidence,llm_models_qwen-7b_label,llm_models_qwen-7b_confidence
1Ab4vLMMAbY_2354-2439:person_1,1Ab4vLMMAbY_2354-2439,focused,focused,focused,focused,0.84,focused,0.6382,mix,0.4716,focused,0.4926,focused,focused,focused,focused,focused,focused,focused,focused,0.95,focused,0.85,focused,0.95,focused,0.8,focused,0.95,focused,0.95,focused,0.95
1Ab4vLMMAbY_412-554:person_1,1Ab4vLMMAbY_412-554,focused,focused,focused,focused,0.84,focused,0.5895,mix,0.4843,focused,0.5008,focused,focused,focused,mix,mix,focused,mix,focused,0.9,focused,0.85,focused,0.9,focused,0.8,focused,0.85,focused,0.95,focused,0.95
1Ab4vLMMAbY_557-690:person_1,1Ab4vLMMAbY_557-690,focused,focused,focused,focused,0.84,focused,0.8599,mix,0.4647,focused,0.512,focused,mix,focused,focused,focused,focused,focused,focused,0.9867,focused,0.9867,focused,0.98,focused,0.9,focused,0.995,focused,1.0,focused,0.99
31lG75MDwSA_2857-2928:person_1,31lG75MDwSA_2857-2928,focused,focused,focused,focused,0.84,focused,0.8524,mix,0.4714,focused,0.505,focused,mix,focused,focused,focused,focused,focused,focused,0.9867,focused,0.95,focused,0.98,focused,0.9,focused,0.995,focused,0.99,focused,0.99
31lG75MDwSA_3180-3306:person_1,31lG75MDwSA_3180-3306,focused,focused,focused,focused,0.84,focused,0.7111,mix,0.4835,focused,0.4868,focused,focused,focused,focused,focused,focused,focused,focused,0.95,focused,0.85,focused,0.95,focused,0.8,focused,0.95,focused,0.99,focused,0.95
31lG75MDwSA_4686-4764:person_2,31lG75MDwSA_4686-4764,mix,mix,focused,mix,0.68,focused,0.4862,mix,0.4956,focused,0.6432,focused,focused,mix,mix,mix,mix,mix,mix,0.9,mix,0.75,mix,0.85,mix,0.8,mix,0.75,mix,0.9,mix,0.85
6mA6UAoT3M0_6165-6361:person_1,6mA6UAoT3M0_6165-6361,others,mix,others,mix,0.68,focused,0.5342,mix,0.4754,focused,0.6329,focused,focused,mix,focused,focused,mix,mix,mix,0.9,mix,0.75,focused,0.9,mix,0.8,mix,0.85,mix,0.9,mix,0.9
6mA6UAoT3M0_6165-6361:person_3,6mA6UAoT3M0_6165-6361,focused,focused,focused,focused,0.84,focused,0.7815,mix,0.4762,focused,0.4802,focused,focused,focused,focused,focused,focused,focused,focused,0.95,focused,0.95,focused,0.98,focused,0.9,focused,0.95,focused,0.99,focused,0.99
9DNwRwt5kI4_10666-10822:person_2,9DNwRwt5kI4_10666-10822,focused,mix,focused,focused,0.84,focused,0.6217,mix,0.47,focused,0.4944,focused,mix,focused,focused,focused,focused,focused,focused,0.95,focused,0.85,focused,0.95,focused,0.8,focused,0.95,focused,0.95,focused,0.95
9DNwRwt5kI4_10666-10822:person_3,9DNwRwt5kI4_10666-10822,mix,mix,mix,mix,0.68,focused,0.4634,mix,0.4764,focused,0.5119,focused,focused,mix,focused,mix,mix,mix,mix,0.8,others,0.85,others,0.95,mix,0.8,others,1.0,others,1.0,mix,0.9
9DNwRwt5kI4_14988-15270:person_2,9DNwRwt5kI4_14988-15270,others,others,mix,mix,0.68,focused,0.5102,mix,0.4865,focused,0.6438,focused,focused,mix,mix,mix,mix,mix,mix,0.9,mix,0.75,mix,0.85,mix,0.8,mix,0.85,mix,0.9,mix,0.85
9DNwRwt5kI4_14988-15270:person_3,9DNwRwt5kI4_14988-15270,mix,focused,mix,mix,0.68,focused,0.5208,mix,0.4704,focused,0.6383,focused,focused,mix,mix,mix,mix,mix,mix,0.9,mix,0.75,mix,0.85,mix,0.8,mix,0.85,mix,0.9,mix,0.9
9DNwRwt5kI4_2442-3179:person_1,9DNwRwt5kI4_2442-3179,focused,mix,others,focused,0.84,focused,0.6269,mix,0.4824,focused,0.4885,focused,focused,focused,focused,focused,focused,focused,mix,0.9,mix,0.75,mix,0.85,mix,0.8,mix,0.85,mix,0.9,mix,0.9
9DNwRwt5kI4_2442-3179:person_3,9DNwRwt5kI4_2442-3179,mix,mix,mix,mix,0.68,focused,0.5324,mix,0.4866,focused,0.5008,focused,mix,mix,mix,mix,focused,focused,mix,0.9,mix,0.75,mix,0.85,mix,0.8,mix,0.85,mix,0.9,mix,0.9
LHT2zVYvObg_1790-1917:person_1,LHT2zVYvObg_1790-1917,focused,focused,focused,focused,0.84,focused,0.618,mix,0.4838,focused,0.4915,focused,focused,focused,focused,focused,focused,focused,focused,0.95,focused,0.92,focused,0.95,focused,0.8,focused,0.95,focused,0.95,focused,0.95
LHT2zVYvObg_1790-1917:person_2,LHT2zVYvObg_1790-1917,focused,focused,mix,mix,0.68,focused,0.5965,mix,0.4842,focused,0.6519,focused,focused,mix,focused,focused,focused,mix,focused,0.9,focused,0.85,focused,0.9,focused,0.8,focused,0.85,focused,0.95,focused,0.9
LHT2zVYvObg_1921-2099:person_1,LHT2zVYvObg_1921-2099,focused,focused,focused,focused,0.84,focused,0.6014,mix,0.4745,focused,0.4718,focused,focused,focused,focused,focused,focused,focused,focused,0.95,focused,0.85,focused,0.92,focused,0.8,focused,0.95,focused,0.95,mix,0.9
LS9Hztyrmmw_1768-1839:person_2,LS9Hztyrmmw_1768-1839,focused,focused,focused,focused,0.84,focused,0.6166,mix,0.4751,focused,0.4925,focused,focused,focused,focused,focused,focused,focused,focused,0.95,focused,0.85,focused,0.95,focused,0.9,focused,0.95,focused,0.95,focused,0.95
LS9Hztyrmmw_1768-1839:person_3,LS9Hztyrmmw_1768-1839,focused,mix,focused,mix,0.68,focused,0.4842,mix,0.477,focused,0.6397,focused,focused,mix,mix,mix,mix,mix,mix,0.85,mix,0.75,mix,0.8,mix,0.8,mix,0.75,mix,0.9,mix,0.9
LS9Hztyrmmw_2667-2845:person_2,LS9Hztyrmmw_2667-2845,focused,focused,focused,focused,0.84,focused,0.7467,mix,0.4569,focused,0.6351,focused,mix,focused,focused,focused,focused,focused,focused,0.95,focused,0.9,focused,0.95,focused,0.8,focused,0.95,focused,0.95,focused,0.95
LS9Hztyrmmw_2667-2845:person_3,LS9Hztyrmmw_2667-2845,focused,focused,focused,focused,0.84,focused,0.7267,mix,0.486,focused,0.5061,focused,mix,focused,mix,focused,focused,focused,focused,0.95,focused,0.85,focused,0.95,focused,0.8,focused,0.95,focused,0.95,focused,0.95
Lva4fn4_q88_1270-1473:person_2,Lva4fn4_q88_1270-1473,focused,focused,focused,focused,0.84,focused,0.7171,mix,0.4636,focused,0.5056,focused,mix,focused,focused,focused,focused,focused,focused,0.95,focused,0.85,focused,0.95,focused,0.8,focused,0.95,focused,0.99,focused,0.95
Lva4fn4_q88_1270-1473:person_3,Lva4fn4_q88_1270-1473,focused,mix,focused,mix,0.8,mix,0.4619,mix,0.4844,focused,0.6501,focused,mix,others,mix,mix,mix,mix,mix,0.9,mix,0.85,mix,0.85,mix,0.8,mix,0.85,mix,0.9,mix,0.9
Lva4fn4_q88_4391-4523:person_2,Lva4fn4_q88_4391-4523,focused,focused,focused,focused,0.84,focused,0.8572,mix,0.4583,focused,0.5117,focused,focused,focused,focused,focused,focused,focused,focused,0.9937,focused,0.99,focused,0.98,focused,0.9,focused,0.998,focused,1.0,focused,0.99
Lva4fn4_q88_4391-4523:person_3,Lva4fn4_q88_4391-4523,mix,mix,focused,focused,0.84,focused,0.8651,mix,0.4646,focused,0.5174,focused,focused,focused,focused,focused,focused,focused,focused,0.9966,focused,0.99,focused,0.98,focused,0.9,focused,0.998,focused,1.0,focused,0.9966
Lva4fn4_q88_4691-4775:person_2,Lva4fn4_q88_4691-4775,focused,focused,focused,focused,0.84,focused,0.8575,mix,0.4604,focused,0.5117,focused,mix,focused,focused,focused,focused,focused,focused,0.9926,focused,0.99,focused,0.98,focused,0.9,focused,0.998,focused,1.0,focused,0.99
Lva4fn4_q88_4691-4775:person_3,Lva4fn4_q88_4691-4775,focused,focused,focused,focused,0.84,focused,0.6366,mix,0.4619,focused,0.4943,focused,mix,focused,focused,focused,focused,focused,focused,0.95,focused,0.85,focused,0.95,focused,0.8,focused,0.95,focused,0.95,focused,0.95
Lva4fn4_q88_5291-5420:person_2,Lva4fn4_q88_5291-5420,focused,focused,focused,focused,0.84,focused,0.8621,mix,0.4536,focused,0.5233,focused,mix,focused,focused,focused,focused,focused,focused,0.9961,focused,0.99,focused,0.98,focused,0.9,focused,0.998,focused,1.0,focused,0.9961
Lva4fn4_q88_5291-5420:person_3,Lva4fn4_q88_5291-5420,focused,focused,focused,focused,0.84,focused,0.6755,mix,0.4673,focused,0.4903,focused,mix,focused,focused,focused,focused,focused,focused,0.95,focused,0.85,focused,0.95,focused,0.8,focused,0.95,focused,0.99,focused,0.95
ND7pXuhs3VM_1800-1925:person_2,ND7pXuhs3VM_1800-1925,mix,focused,mix,mix,0.68,focused,0.5536,mix,0.4598,focused,0.6314,focused,focused,others,focused,focused,mix,mix,focused,0.9,mix,0.75,focused,0.9,mix,0.8,mix,0.85,focused,0.95,focused,0.9
ND7pXuhs3VM_3066-3159:person_1,ND7pXuhs3VM_3066-3159,mix,mix,mix,mix,0.68,focused,0.5514,mix,0.4675,focused,0.5306,focused,focused,focused,mix,mix,focused,focused,mix,0.8,others,0.85,others,0.9,mix,0.8,others,1.0,others,1.0,mix,0.9
NIk1-ck4c6Q_13651-13719:person_2,NIk1-ck4c6Q_13651-13719,mix,mix,mix,mix,0.68,focused,0.5914,mix,0.4583,focused,0.6387,focused,focused,focused,focused,focused,focused,mix,focused,0.9,focused,0.85,focused,0.95,focused,0.8,focused,0.95,focused,0.95,focused,0.9
NIk1-ck4c6Q_13651-13719:person_3,NIk1-ck4c6Q_13651-13719,mix,mix,mix,mix,0.8,focused,0.4981,mix,0.4816,focused,0.6435,focused,focused,mix,focused,mix,mix,mix,mix,0.9,mix,0.75,mix,0.85,mix,0.8,mix,0.85,mix,0.9,mix,0.9
NIk1-ck4c6Q_22766-22806:person_2,NIk1-ck4c6Q_22766-22806,focused,focused,focused,focused,0.84,focused,0.8495,mix,0.4608,focused,0.5002,focused,focused,focused,focused,focused,focused,focused,focused,0.9991,focused,0.99,focused,0.99,focused,0.999,focused,0.999,focused,1.0,focused,0.9991
NIk1-ck4c6Q_22766-22806:person_3,NIk1-ck4c6Q_22766-22806,focused,focused,focused,focused,0.84,focused,0.6356,mix,0.4682,focused,0.484,focused,focused,focused,focused,focused,focused,focused,focused,0.9,focused,0.85,focused,0.95,focused,0.8,focused,0.95,focused,0.95,focused,0.95
N_9vfhsDz8w_5785-5911:person_2,N_9vfhsDz8w_5785-5911,focused,focused,focused,focused,0.84,focused,0.8489,mix,0.4539,focused,0.5096,focused,focused,focused,focused,focused,focused,focused,focused,0.9994,focused,0.99,focused,0.99,focused,0.999,focused,0.9994,focused,1.0,focused,0.9994
N_9vfhsDz8w_5785-5911:person_3,N_9vfhsDz8w_5785-5911,focused,focused,focused,focused,0.84,focused,0.8653,mix,0.4438,focused,0.5164,focused,focused,focused,focused,focused,focused,focused,focused,0.9959,focused,0.99,focused,0.98,focused,0.95,focused,0.995,focused,1.0,focused,0.99
N_9vfhsDz8w_6085-6298:person_2,N_9vfhsDz8w_6085-6298,focused,focused,focused,focused,0.84,focused,0.7952,mix,0.4767,focused,0.527,focused,focused,focused,focused,focused,focused,focused,focused,0.95,focused,0.95,focused,0.95,focused,0.8,focused,0.95,focused,0.95,focused,0.95
N_9vfhsDz8w_6085-6298:person_3,N_9vfhsDz8w_6085-6298,focused,focused,focused,focused,0.84,focused,0.8649,mix,0.4644,focused,0.5048,focused,focused,focused,focused,focused,focused,focused,focused,0.997,focused,0.99,focused,0.98,focused,0.9,focused,0.998,focused,1.0,focused,0.998
Pyb0z_YQjjI_7332-7429:person_2,Pyb0z_YQjjI_7332-7429,mix,mix,mix,mix,0.8,focused,0.5251,mix,0.4597,focused,0.639,focused,focused,mix,mix,mix,mix,mix,mix,0.9,mix,0.75,mix,0.85,mix,0.8,mix,0.85,mix,0.9,mix,0.9
Pyb0z_YQjjI_7332-7429:person_3,Pyb0z_YQjjI_7332-7429,focused,focused,focused,focused,0.84,focused,0.8561,mix,0.4513,focused,0.5006,focused,focused,focused,focused,focused,focused,focused,focused,0.9839,focused,0.98,focused,0.95,focused,0.9,focused,0.998,focused,1.0,focused,0.99
Pyb0z_YQjjI_7632-7685:person_2,Pyb0z_YQjjI_7632-7685,focused,focused,focused,focused,0.84,focused,0.6078,mix,0.4519,focused,0.4908,focused,focused,focused,focused,focused,focused,focused,focused,0.95,focused,0.88,focused,0.92,focused,0.8,focused,0.95,focused,0.95,focused,0.95
Pyb0z_YQjjI_7632-7685:person_3,Pyb0z_YQjjI_7632-7685,focused,focused,focused,focused,0.84,focused,0.6522,mix,0.4738,focused,0.4953,focused,focused,focused,mix,mix,focused,focused,focused,0.95,focused,0.85,focused,0.95,focused,0.8,focused,0.95,focused,0.95,focused,0.95
UUwGLDeYN8c_266-474:person_1,UUwGLDeYN8c_266-474,focused,focused,focused,focused,0.84,focused,0.5967,mix,0.4759,focused,0.4953,focused,focused,mix,mix,mix,focused,mix,focused,0.9,focused,0.85,focused,0.85,mix,0.8,focused,0.85,focused,0.95,mix,0.9
WpbXt04qWEk_1166-1611:person_1,WpbXt04qWEk_1166-1611,focused,focused,focused,focused,0.84,focused,0.5263,mix,0.4627,focused,0.4975,focused,focused,mix,focused,focused,focused,focused,focused,0.9,mix,0.85,focused,0.95,focused,0.8,focused,0.85,mix,0.9,focused,0.92
WpbXt04qWEk_924-1135:person_1,WpbXt04qWEk_924-1135,focused,focused,focused,focused,0.84,focused,0.8639,mix,0.4722,focused,0.5064,focused,focused,focused,focused,focused,focused,focused,focused,0.9972,focused,0.99,focused,0.98,focused,0.9,focused,0.998,focused,1.0,focused,0.999
aWV7UUMddCU_5934-6205:person_2,aWV7UUMddCU_5934-6205,mix,focused,mix,mix,0.68,focused,0.5725,mix,0.4749,focused,0.6325,focused,focused,focused,focused,focused,mix,focused,focused,0.9,mix,0.75,focused,0.9,focused,0.8,focused,0.85,mix,0.9,focused,0.9
aWV7UUMddCU_6517-7514:person_1,aWV7UUMddCU_6517-7514,mix,mix,mix,mix,0.68,focused,0.5862,mix,0.4687,focused,0.5303,focused,focused,focused,focused,focused,focused,focused,mix,0.9,mix,0.85,focused,0.95,focused,0.7,mix,0.85,mix,0.95,focused,0.95
dUYIh1U2z-8_3300-3427:person_1,dUYIh1U2z-8_3300-3427,others,others,others,focused,0.84,focused,0.8617,mix,0.4623,focused,0.5141,focused,focused,focused,focused,focused,focused,focused,focused,0.9877,focused,0.98,focused,0.98,focused,0.9,focused,0.987,focused,0.99,focused,0.99
dUYIh1U2z-8_3300-3427:person_2,dUYIh1U2z-8_3300-3427,focused,focused,focused,focused,0.84,focused,0.8637,mix,0.4497,focused,0.518,focused,focused,focused,focused,focused,focused,focused,focused,0.9929,focused,0.99,focused,0.98,focused,0.9,focused,0.998,focused,1.0,focused,0.99
dUYIh1U2z-8_4007-4220:person_1,dUYIh1U2z-8_4007-4220,focused,focused,focused,focused,0.84,focused,0.5799,mix,0.452,focused,0.4995,focused,focused,focused,focused,focused,focused,focused,focused,0.95,focused,0.85,focused,0.95,focused,0.8,focused,0.95,focused,0.95,focused,0.95
dUYIh1U2z-8_4007-4220:person_2,dUYIh1U2z-8_4007-4220,focused,focused,focused,focused,0.84,focused,0.8655,mix,0.458,focused,0.5087,focused,focused,focused,focused,focused,focused,focused,focused,0.9971,focused,0.99,focused,0.98,focused,0.9,focused,0.998,focused,1.0,focused,0.999
dUYIh1U2z-8_4007-4220:person_3,dUYIh1U2z-8_4007-4220,focused,focused,focused,focused,0.84,focused,0.8638,mix,0.4575,focused,0.5069,focused,focused,focused,focused,focused,focused,focused,focused,0.9984,focused,0.99,focused,0.98,focused,0.9,focused,0.998,focused,1.0,focused,0.9984
f6wqlpG9rd0_1402-1688:person_1,f6wqlpG9rd0_1402-1688,focused,focused,focused,focused,0.84,focused,0.614,mix,0.4733,focused,0.4932,focused,focused,focused,focused,focused,focused,focused,focused,0.9453,focused,0.9,focused,0.98,focused,0.95,focused,0.95,focused,0.99,focused,0.99
f6wqlpG9rd0_203-262:person_1,f6wqlpG9rd0_203-262,focused,focused,focused,focused,0.84,focused,0.8564,mix,0.4556,focused,0.5044,focused,focused,focused,focused,focused,focused,focused,focused,0.9962,focused,0.99,focused,0.98,focused,0.9,focused,0.998,focused,1.0,focused,0.99
f6wqlpG9rd0_9404-9541:person_1,f6wqlpG9rd0_9404-9541,mix,mix,mix,mix,0.68,focused,0.4535,mix,0.4761,focused,0.499,focused,focused,focused,others,others,focused,focused,mix,0.9,mix,0.75,mix,0.85,mix,0.8,focused,0.85,mix,0.9,mix,0.85
f6wqlpG9rd0_9704-9949:person_1,f6wqlpG9rd0_9704-9949,mix,mix,mix,mix,0.68,focused,0.5985,mix,0.4902,focused,0.4907,focused,focused,mix,focused,focused,mix,mix,mix,0.9,mix,0.75,focused,0.9,mix,0.8,mix,0.85,mix,0.9,mix,0.9
fvJbRuIu4-0_1308-1370:person_1,fvJbRuIu4-0_1308-1370,focused,focused,focused,focused,0.84,focused,0.6881,mix,0.4633,focused,0.6151,focused,focused,focused,focused,focused,focused,focused,focused,0.95,focused,0.85,focused,0.95,focused,0.8,focused,0.95,focused,0.99,focused,0.92
fvJbRuIu4-0_1308-1370:person_2,fvJbRuIu4-0_1308-1370,focused,focused,focused,focused,0.84,focused,0.6761,mix,0.4858,focused,0.4886,focused,focused,focused,focused,focused,focused,focused,focused,0.95,focused,0.87,focused,0.95,focused,0.9,focused,0.95,focused,0.99,focused,0.95
fvJbRuIu4-0_1907-2018:person_1,fvJbRuIu4-0_1907-2018,mix,mix,mix,mix,0.68,focused,0.5372,mix,0.4878,focused,0.491,focused,focused,focused,focused,focused,focused,focused,mix,0.9,mix,0.75,mix,0.85,mix,0.8,mix,0.85,mix,0.9,mix,0.9
fvJbRuIu4-0_1907-2018:person_2,fvJbRuIu4-0_1907-2018,focused,focused,focused,focused,0.84,focused,0.8611,mix,0.4671,focused,0.5073,focused,focused,focused,focused,focused,focused,focused,focused,0.9942,focused,0.99,focused,0.98,focused,0.9,focused,0.998,focused,1.0,focused,0.9942
ivX3JXIV1W4_1-1920:person_1,ivX3JXIV1W4_1-1920,focused,focused,focused,mix,0.8,focused,0.5444,mix,0.4945,focused,0.6177,focused,mix,mix,others,others,mix,mix,mix,0.9,mix,0.85,mix,0.85,mix,0.8,mix,0.75,mix,0.9,mix,0.9
ivX3JXIV1W4_1-1920:person_2,ivX3JXIV1W4_1-1920,focused,focused,focused,focused,0.84,focused,0.687,mix,0.4587,focused,0.4881,focused,focused,focused,mix,focused,focused,focused,focused,0.95,focused,0.85,focused,0.95,focused,0.8,focused,0.85,focused,0.95,focused,0.92
odFKscFdEas_14127-14292:person_2,odFKscFdEas_14127-14292,mix,mix,mix,mix,0.68,focused,0.4858,mix,0.4928,focused,0.6337,focused,focused,mix,mix,mix,mix,focused,mix,0.85,mix,0.75,mix,0.85,mix,0.8,mix,0.75,mix,0.9,mix,0.9
odFKscFdEas_15822-16030:person_2,odFKscFdEas_15822-16030,mix,mix,mix,focused,0.84,focused,0.6257,mix,0.4755,focused,0.4935,focused,mix,focused,focused,focused,focused,focused,focused,0.9,focused,0.85,focused,0.92,focused,0.8,focused,0.85,focused,0.95,focused,0.9
whHPATlDw8M_33039-33248-downsampled:person_1,whHPATlDw8M_33039-33248-downsampled,focused,focused,focused,focused,0.84,focused,0.865,mix,0.465,focused,0.5084,focused,focused,focused,focused,focused,focused,focused,focused,0.9969,focused,0.99,focused,0.98,focused,0.9,focused,0.998,focused,1.0,focused,0.9969
whHPATlDw8M_5014-5313-downsampled:person_2,whHPATlDw8M_5014-5313-downsampled,focused,focused,focused,focused,0.84,focused,0.6011,mix,0.46,focused,0.4952,focused,focused,mix,focused,focused,focused,focused,focused,0.95,focused,0.81,focused,0.95,focused,0.8,focused,0.95,focused,0.95,focused,0.95
zmZpa1p5zaE_1028-1129:person_1,zmZpa1p5zaE_1028-1129,focused,focused,focused,focused,0.84,focused,0.8411,mix,0.4655,focused,0.4987,focused,mix,focused,focused,focused,focused,focused,focused,0.999,focused,0.99,focused,0.98,focused,0.999,focused,0.999,focused,1.0,focused,0.999
zmZpa1p5zaE_1028-1129:person_2,zmZpa1p5zaE_1028-1129,mix,mix,mix,mix,0.68,focused,0.5846,mix,0.4806,focused,0.6319,focused,focused,mix,focused,focused,mix,mix,focused,0.9,mix,0.85,focused,0.9,focused,0.8,mix,0.85,mix,0.9,focused,0.9
