child_id,clip_id,split,final_manual_label,bart_label,bart_confidence,deberta_label,deberta_confidence,distilbert_label,distilbert_confidence,llm_models_Qwen--Qwen2_5-72B-Instruct_label,llm_models_Qwen--Qwen2_5-72B-Instruct_confidence,llm_models_Qwen--Qwen2_5-7B-Instruct_label,llm_models_Qwen--Qwen2_5-7B-Instruct_confidence,llm_models_qwen-7b_label,llm_models_qwen-7b_confidence,rule_based_label,rule_based_confidence,supervised_LinearSVM_label,supervised_LinearSVM_confidence,supervised_LogisticRegression_label,supervised_LogisticRegression_confidence,supervised_RandomForest_label,supervised_RandomForest_confidence
1Ab4vLMMAbY_2354-2439:person_1,1Ab4vLMMAbY_2354-2439,test,focused_attention,occluded_attention,0.2739,focused_attention,0.5516,exploratory_attention,0.5987,focused_attention,0.8500,focused_attention,0.9500,focused_attention,0.9500,focused_attention,0.8400,focused_attention,,focused_attention,0.9861,focused_attention,0.9250
1Ab4vLMMAbY_412-554:person_1,1Ab4vLMMAbY_412-554,test,focused_attention,occluded_attention,0.2850,focused_attention,0.5014,exploratory_attention,0.5858,focused_attention,0.8500,focused_attention,0.8500,mixed_attention,0.9000,focused_attention,0.8400,focused_attention,,focused_attention,0.8594,focused_attention,0.9300
1Ab4vLMMAbY_557-690:person_1,1Ab4vLMMAbY_557-690,test,focused_attention,mixed_attention,0.2934,focused_attention,0.7796,exploratory_attention,0.5065,focused_attention,0.9500,focused_attention,0.9500,focused_attention,0.9900,focused_attention,0.8400,focused_attention,,focused_attention,0.9788,focused_attention,0.9200
31lG75MDwSA_2857-2928:person_1,31lG75MDwSA_2857-2928,test,focused_attention,mixed_attention,0.2952,focused_attention,0.7635,exploratory_attention,0.4857,focused_attention,0.9500,focused_attention,0.9500,focused_attention,0.9900,focused_attention,0.8400,focused_attention,,focused_attention,0.9440,focused_attention,0.9400
31lG75MDwSA_3180-3306:person_1,31lG75MDwSA_3180-3306,test,focused_attention,occluded_attention,0.2730,focused_attention,0.5872,exploratory_attention,0.5797,focused_attention,0.9000,focused_attention,0.9500,focused_attention,0.9800,focused_attention,0.8400,focused_attention,,focused_attention,0.9345,focused_attention,0.9750
31lG75MDwSA_4686-4764:person_2,31lG75MDwSA_4686-4764,test,mixed_attention,mixed_attention,0.2717,focused_attention,0.4260,exploratory_attention,0.4578,mixed_attention,0.7500,focused_attention,0.8500,mixed_attention,0.8500,mixed_attention,0.6800,mixed_attention,,mixed_attention,0.9237,mixed_attention,0.8600
6mA6UAoT3M0_6165-6361:person_1,6mA6UAoT3M0_6165-6361,test,mixed_attention,occluded_attention,0.2657,focused_attention,0.4621,exploratory_attention,0.4649,mixed_attention,0.7000,focused_attention,0.8500,mixed_attention,0.9300,mixed_attention,0.6800,mixed_attention,,mixed_attention,0.7703,mixed_attention,0.9000
6mA6UAoT3M0_6165-6361:person_3,6mA6UAoT3M0_6165-6361,test,focused_attention,mixed_attention,0.2704,focused_attention,0.6144,exploratory_attention,0.5731,focused_attention,0.9500,focused_attention,0.9800,focused_attention,0.9900,focused_attention,0.8400,focused_attention,,focused_attention,0.9834,focused_attention,0.9950
9DNwRwt5kI4_10666-10822:person_2,9DNwRwt5kI4_10666-10822,test,focused_attention,occluded_attention,0.3157,focused_attention,0.5260,exploratory_attention,0.5911,focused_attention,0.8500,focused_attention,0.9500,mixed_attention,0.9500,focused_attention,0.8400,focused_attention,,focused_attention,0.9343,focused_attention,0.9950
9DNwRwt5kI4_10666-10822:person_3,9DNwRwt5kI4_10666-10822,test,mixed_attention,mixed_attention,0.2904,focused_attention,0.4582,exploratory_attention,0.5344,reduced_visual_availability,0.8500,mixed_attention,0.8500,mixed_attention,0.9200,mixed_attention,0.6800,mixed_attention,,mixed_attention,0.9967,mixed_attention,0.9750
9DNwRwt5kI4_14988-15270:person_2,9DNwRwt5kI4_14988-15270,test,mixed_attention,occluded_attention,0.3042,focused_attention,0.4384,exploratory_attention,0.4508,mixed_attention,0.7500,mixed_attention,0.8500,mixed_attention,0.8500,mixed_attention,0.6800,mixed_attention,,mixed_attention,0.9934,mixed_attention,0.9450
9DNwRwt5kI4_14988-15270:person_3,9DNwRwt5kI4_14988-15270,test,mixed_attention,occluded_attention,0.2785,focused_attention,0.4752,exploratory_attention,0.4598,mixed_attention,0.7500,focused_attention,0.8500,mixed_attention,0.9200,mixed_attention,0.6800,mixed_attention,,mixed_attention,0.9052,mixed_attention,0.8500
9DNwRwt5kI4_2442-3179:person_1,9DNwRwt5kI4_2442-3179,test,focused_attention,occluded_attention,0.2865,focused_attention,0.5258,exploratory_attention,0.5779,mixed_attention,0.7500,focused_attention,0.8500,mixed_attention,0.9200,focused_attention,0.8400,focused_attention,,focused_attention,0.8451,focused_attention,0.8700
9DNwRwt5kI4_2442-3179:person_3,9DNwRwt5kI4_2442-3179,test,mixed_attention,occluded_attention,0.3036,focused_attention,0.4772,exploratory_attention,0.5895,mixed_attention,0.7500,focused_attention,0.8500,mixed_attention,0.8500,mixed_attention,0.6800,mixed_attention,,mixed_attention,0.9219,mixed_attention,0.9000
LHT2zVYvObg_1790-1917:person_1,LHT2zVYvObg_1790-1917,test,focused_attention,mixed_attention,0.2640,focused_attention,0.5442,exploratory_attention,0.5902,focused_attention,0.9200,focused_attention,0.9500,focused_attention,0.9500,focused_attention,0.8400,focused_attention,,focused_attention,0.9678,focused_attention,0.9500
LHT2zVYvObg_1790-1917:person_2,LHT2zVYvObg_1790-1917,test,mixed_attention,mixed_attention,0.2770,focused_attention,0.5218,exploratory_attention,0.4514,focused_attention,0.8500,focused_attention,0.9000,mixed_attention,0.9000,mixed_attention,0.6800,mixed_attention,,mixed_attention,0.8360,mixed_attention,0.8150
LHT2zVYvObg_1921-2099:person_1,LHT2zVYvObg_1921-2099,test,focused_attention,occluded_attention,0.3117,focused_attention,0.5346,exploratory_attention,0.5566,focused_attention,0.8500,focused_attention,0.9200,mixed_attention,0.9200,focused_attention,0.8400,focused_attention,,focused_attention,0.7854,focused_attention,0.7850
LS9Hztyrmmw_1768-1839:person_2,LS9Hztyrmmw_1768-1839,test,focused_attention,occluded_attention,0.2823,focused_attention,0.5318,exploratory_attention,0.5681,focused_attention,0.8500,focused_attention,0.9500,mixed_attention,0.9500,focused_attention,0.8400,focused_attention,,focused_attention,0.7353,focused_attention,0.8700
LS9Hztyrmmw_1768-1839:person_3,LS9Hztyrmmw_1768-1839,test,mixed_attention,mixed_attention,0.2738,focused_attention,0.4593,exploratory_attention,0.4669,mixed_attention,0.7500,mixed_attention,0.8500,mixed_attention,0.9000,mixed_attention,0.6800,mixed_attention,,mixed_attention,0.9976,mixed_attention,0.9650
LS9Hztyrmmw_2667-2845:person_2,LS9Hztyrmmw_2667-2845,test,focused_attention,mixed_attention,0.2686,focused_attention,0.5836,exploratory_attention,0.4878,focused_attention,0.9500,focused_attention,0.9500,focused_attention,0.9500,focused_attention,0.8400,focused_attention,,focused_attention,0.9932,focused_attention,0.9650
LS9Hztyrmmw_2667-2845:person_3,LS9Hztyrmmw_2667-2845,test,focused_attention,mixed_attention,0.2757,focused_attention,0.5899,exploratory_attention,0.4982,focused_attention,0.8500,focused_attention,0.9500,focused_attention,0.9500,focused_attention,0.8400,focused_attention,,focused_attention,0.8454,focused_attention,0.9550
Lva4fn4_q88_1270-1473:person_2,Lva4fn4_q88_1270-1473,test,focused_attention,occluded_attention,0.2863,focused_attention,0.5680,exploratory_attention,0.5878,focused_attention,0.9000,focused_attention,0.9500,focused_attention,0.9500,focused_attention,0.8400,focused_attention,,focused_attention,0.9125,focused_attention,0.9800
Lva4fn4_q88_1270-1473:person_3,Lva4fn4_q88_1270-1473,test,mixed_attention,occluded_attention,0.2676,focused_attention,0.4015,exploratory_attention,0.4629,exploratory_attention,0.8500,mixed_attention,0.8500,exploratory_attention,0.9000,exploratory_attention,0.8000,mixed_attention,,mixed_attention,1.0000,mixed_attention,0.9400
Lva4fn4_q88_4391-4523:person_2,Lva4fn4_q88_4391-4523,test,focused_attention,mixed_attention,0.2885,focused_attention,0.7567,exploratory_attention,0.5120,focused_attention,0.9900,focused_attention,0.9800,focused_attention,0.9800,focused_attention,0.8400,focused_attention,,focused_attention,0.9613,focused_attention,0.9950
Lva4fn4_q88_4391-4523:person_3,Lva4fn4_q88_4391-4523,test,focused_attention,mixed_attention,0.2822,focused_attention,0.7684,exploratory_attention,0.5117,focused_attention,0.9900,focused_attention,0.9800,focused_attention,0.9900,focused_attention,0.8400,focused_attention,,focused_attention,0.9737,focused_attention,1.0000
Lva4fn4_q88_4691-4775:person_2,Lva4fn4_q88_4691-4775,test,focused_attention,mixed_attention,0.2883,focused_attention,0.7617,exploratory_attention,0.4790,focused_attention,0.9900,focused_attention,0.9800,focused_attention,0.9800,focused_attention,0.8400,focused_attention,,focused_attention,0.9409,focused_attention,0.9850
Lva4fn4_q88_4691-4775:person_3,Lva4fn4_q88_4691-4775,test,exploratory_attention,occluded_attention,0.2824,focused_attention,0.5610,exploratory_attention,0.5796,focused_attention,0.8500,focused_attention,0.9000,focused_attention,0.9500,focused_attention,0.8400,focused_attention,,focused_attention,0.7184,exploratory_attention,0.6100
Lva4fn4_q88_5291-5420:person_2,Lva4fn4_q88_5291-5420,test,focused_attention,mixed_attention,0.2838,focused_attention,0.7656,exploratory_attention,0.4941,focused_attention,0.9900,focused_attention,0.9800,focused_attention,0.9900,focused_attention,0.8400,focused_attention,,focused_attention,0.9679,focused_attention,0.9800
Lva4fn4_q88_5291-5420:person_3,Lva4fn4_q88_5291-5420,test,focused_attention,occluded_attention,0.2936,focused_attention,0.5568,exploratory_attention,0.5695,focused_attention,0.9500,focused_attention,0.9500,focused_attention,0.9500,focused_attention,0.8400,focused_attention,,focused_attention,0.9061,focused_attention,0.9900
ND7pXuhs3VM_1800-1925:person_2,ND7pXuhs3VM_1800-1925,test,mixed_attention,occluded_attention,0.2844,focused_attention,0.5234,exploratory_attention,0.4717,mixed_attention,0.7000,focused_attention,0.9000,mixed_attention,0.9000,mixed_attention,0.6800,mixed_attention,,mixed_attention,0.8600,mixed_attention,0.9550
ND7pXuhs3VM_3066-3159:person_1,ND7pXuhs3VM_3066-3159,test,mixed_attention,mixed_attention,0.2629,focused_attention,0.4848,exploratory_attention,0.4960,reduced_visual_availability,0.8500,mixed_attention,0.8000,mixed_attention,0.9000,mixed_attention,0.6800,mixed_attention,,mixed_attention,0.9987,mixed_attention,0.8600
NIk1-ck4c6Q_13651-13719:person_2,NIk1-ck4c6Q_13651-13719,test,mixed_attention,occluded_attention,0.2828,focused_attention,0.5195,exploratory_attention,0.4671,focused_attention,0.8500,focused_attention,0.9200,mixed_attention,0.9200,mixed_attention,0.6800,mixed_attention,,mixed_attention,0.7905,mixed_attention,0.7750
NIk1-ck4c6Q_13651-13719:person_3,NIk1-ck4c6Q_13651-13719,test,mixed_attention,mixed_attention,0.2704,focused_attention,0.4719,exploratory_attention,0.4720,mixed_attention,0.7500,focused_attention,0.8500,mixed_attention,0.9200,exploratory_attention,0.8000,mixed_attention,,mixed_attention,0.9818,mixed_attention,0.8950
NIk1-ck4c6Q_22766-22806:person_2,NIk1-ck4c6Q_22766-22806,test,focused_attention,mixed_attention,0.3005,focused_attention,0.7782,exploratory_attention,0.5397,focused_attention,0.9900,focused_attention,0.9800,focused_attention,0.9990,focused_attention,0.8400,focused_attention,,focused_attention,0.9754,focused_attention,0.9850
NIk1-ck4c6Q_22766-22806:person_3,NIk1-ck4c6Q_22766-22806,test,focused_attention,mixed_attention,0.2676,focused_attention,0.5458,exploratory_attention,0.5805,focused_attention,0.8500,focused_attention,0.9500,focused_attention,0.9500,focused_attention,0.8400,focused_attention,,focused_attention,0.9022,focused_attention,0.9400
N_9vfhsDz8w_5785-5911:person_2,N_9vfhsDz8w_5785-5911,test,focused_attention,mixed_attention,0.2900,focused_attention,0.7634,exploratory_attention,0.5394,focused_attention,0.9900,focused_attention,0.9800,focused_attention,0.9990,focused_attention,0.8400,focused_attention,,focused_attention,0.9812,focused_attention,0.9800
N_9vfhsDz8w_5785-5911:person_3,N_9vfhsDz8w_5785-5911,test,focused_attention,mixed_attention,0.2884,focused_attention,0.7765,exploratory_attention,0.5081,focused_attention,0.9900,focused_attention,0.9800,focused_attention,0.9900,focused_attention,0.8400,focused_attention,,focused_attention,0.9792,focused_attention,0.9900
N_9vfhsDz8w_6085-6298:person_2,N_9vfhsDz8w_6085-6298,test,focused_attention,mixed_attention,0.2742,focused_attention,0.6769,exploratory_attention,0.4993,focused_attention,0.9500,focused_attention,0.9500,focused_attention,0.9500,focused_attention,0.8400,focused_attention,,focused_attention,0.9461,focused_attention,0.9400
N_9vfhsDz8w_6085-6298:person_3,N_9vfhsDz8w_6085-6298,test,focused_attention,mixed_attention,0.2892,focused_attention,0.7695,exploratory_attention,0.5052,focused_attention,0.9900,focused_attention,0.9800,focused_attention,0.9900,focused_attention,0.8400,focused_attention,,focused_attention,0.9833,focused_attention,0.9950
Pyb0z_YQjjI_7332-7429:person_2,Pyb0z_YQjjI_7332-7429,test,exploratory_attention,occluded_attention,0.2675,focused_attention,0.4820,exploratory_attention,0.4757,mixed_attention,0.7500,focused_attention,0.8500,mixed_attention,0.9000,exploratory_attention,0.8000,exploratory_attention,,exploratory_attention,0.7387,exploratory_attention,0.6800
Pyb0z_YQjjI_7332-7429:person_3,Pyb0z_YQjjI_7332-7429,test,focused_attention,mixed_attention,0.2855,focused_attention,0.7815,exploratory_attention,0.5015,focused_attention,0.9500,focused_attention,0.9500,focused_attention,0.9900,focused_attention,0.8400,focused_attention,,focused_attention,0.9434,focused_attention,0.9750
Pyb0z_YQjjI_7632-7685:person_2,Pyb0z_YQjjI_7632-7685,test,focused_attention,occluded_attention,0.2880,focused_attention,0.5281,exploratory_attention,0.5702,focused_attention,0.9000,focused_attention,0.9200,focused_attention,0.9500,focused_attention,0.8400,focused_attention,,focused_attention,0.5612,focused_attention,0.9200
Pyb0z_YQjjI_7632-7685:person_3,Pyb0z_YQjjI_7632-7685,test,focused_attention,mixed_attention,0.2611,focused_attention,0.5619,exploratory_attention,0.5697,focused_attention,0.8500,focused_attention,0.9500,focused_attention,0.9500,focused_attention,0.8400,focused_attention,,focused_attention,0.9656,focused_attention,0.9150
UUwGLDeYN8c_266-474:person_1,UUwGLDeYN8c_266-474,test,focused_attention,occluded_attention,0.2690,focused_attention,0.4722,exploratory_attention,0.5749,focused_attention,0.8500,focused_attention,0.8500,mixed_attention,0.9200,focused_attention,0.8400,focused_attention,,focused_attention,0.7089,focused_attention,0.8550
WpbXt04qWEk_1166-1611:person_1,WpbXt04qWEk_1166-1611,test,focused_attention,occluded_attention,0.2824,focused_attention,0.4964,exploratory_attention,0.5924,mixed_attention,0.7000,focused_attention,0.9500,mixed_attention,0.9200,focused_attention,0.8400,focused_attention,,focused_attention,0.5850,focused_attention,0.7250
WpbXt04qWEk_924-1135:person_1,WpbXt04qWEk_924-1135,test,focused_attention,mixed_attention,0.2866,focused_attention,0.7650,exploratory_attention,0.5075,focused_attention,0.9900,focused_attention,0.9800,focused_attention,0.9990,focused_attention,0.8400,focused_attention,,focused_attention,0.9854,focused_attention,1.0000
aWV7UUMddCU_5934-6205:person_2,aWV7UUMddCU_5934-6205,test,focused_attention,occluded_attention,0.3063,focused_attention,0.5188,exploratory_attention,0.4673,mixed_attention,0.7000,focused_attention,0.9200,focused_attention,0.9200,mixed_attention,0.6800,focused_attention,,focused_attention,0.8473,focused_attention,0.7350
aWV7UUMddCU_6517-7514:person_1,aWV7UUMddCU_6517-7514,test,mixed_attention,occluded_attention,0.3309,focused_attention,0.5276,exploratory_attention,0.5444,mixed_attention,0.7500,focused_attention,0.9500,focused_attention,0.9500,mixed_attention,0.6800,focused_attention,,focused_attention,0.8671,mixed_attention,0.6800
dUYIh1U2z-8_3300-3427:person_1,dUYIh1U2z-8_3300-3427,test,occluded_attention,mixed_attention,0.2955,focused_attention,0.7624,exploratory_attention,0.5112,focused_attention,0.9500,focused_attention,0.9500,focused_attention,0.9900,focused_attention,0.8400,focused_attention,,focused_attention,0.9534,occluded_attention,0.6050
dUYIh1U2z-8_3300-3427:person_2,dUYIh1U2z-8_3300-3427,test,focused_attention,mixed_attention,0.2798,focused_attention,0.7622,exploratory_attention,0.4854,focused_attention,0.9900,focused_attention,0.9500,focused_attention,0.9800,focused_attention,0.8400,focused_attention,,focused_attention,0.9834,focused_attention,0.9350
dUYIh1U2z-8_4007-4220:person_1,dUYIh1U2z-8_4007-4220,test,focused_attention,occluded_attention,0.2740,focused_attention,0.5157,exploratory_attention,0.5795,focused_attention,0.8500,focused_attention,0.9500,focused_attention,0.9500,focused_attention,0.8400,focused_attention,,focused_attention,0.7686,focused_attention,0.9250
dUYIh1U2z-8_4007-4220:person_2,dUYIh1U2z-8_4007-4220,test,focused_attention,mixed_attention,0.2864,focused_attention,0.7768,exploratory_attention,0.5095,focused_attention,0.9900,focused_attention,0.9800,focused_attention,0.9990,focused_attention,0.8400,focused_attention,,focused_attention,0.9832,focused_attention,1.0000
dUYIh1U2z-8_4007-4220:person_3,dUYIh1U2z-8_4007-4220,test,focused_attention,mixed_attention,0.2834,focused_attention,0.7471,exploratory_attention,0.5029,focused_attention,0.9900,focused_attention,0.9800,focused_attention,0.9990,focused_attention,0.8400,focused_attention,,focused_attention,0.9817,focused_attention,0.9950
f6wqlpG9rd0_1402-1688:person_1,f6wqlpG9rd0_1402-1688,test,focused_attention,occluded_attention,0.2586,focused_attention,0.5356,exploratory_attention,0.5840,focused_attention,0.9000,focused_attention,0.9800,focused_attention,0.9900,focused_attention,0.8400,focused_attention,,focused_attention,0.9811,focused_attention,0.9650
f6wqlpG9rd0_203-262:person_1,f6wqlpG9rd0_203-262,test,focused_attention,mixed_attention,0.2924,focused_attention,0.7509,exploratory_attention,0.4981,focused_attention,0.9900,focused_attention,0.9800,focused_attention,0.9900,focused_attention,0.8400,focused_attention,,focused_attention,0.9820,focused_attention,0.9850
f6wqlpG9rd0_9404-9541:person_1,f6wqlpG9rd0_9404-9541,test,mixed_attention,occluded_attention,0.2844,focused_attention,0.3951,exploratory_attention,0.5774,mixed_attention,0.7500,mixed_attention,0.8500,mixed_attention,0.8500,mixed_attention,0.6800,mixed_attention,,mixed_attention,0.8792,mixed_attention,0.8650
f6wqlpG9rd0_9704-9949:person_1,f6wqlpG9rd0_9704-9949,test,mixed_attention,occluded_attention,0.2944,focused_attention,0.5092,exploratory_attention,0.5782,mixed_attention,0.7500,focused_attention,0.9000,mixed_attention,0.9200,mixed_attention,0.6800,mixed_attention,,mixed_attention,0.7735,mixed_attention,0.8450
fvJbRuIu4-0_1308-1370:person_1,fvJbRuIu4-0_1308-1370,test,focused_attention,mixed_attention,0.2651,focused_attention,0.5538,exploratory_attention,0.4508,focused_attention,0.8500,focused_attention,0.9500,focused_attention,0.9200,focused_attention,0.8400,focused_attention,,focused_attention,0.8164,focused_attention,0.9450
fvJbRuIu4-0_1308-1370:person_2,fvJbRuIu4-0_1308-1370,test,focused_attention,mixed_attention,0.2673,focused_attention,0.5674,exploratory_attention,0.5796,focused_attention,0.9200,focused_attention,0.9500,focused_attention,0.9500,focused_attention,0.8400,focused_attention,,focused_attention,0.8476,focused_attention,0.9950
fvJbRuIu4-0_1907-2018:person_1,fvJbRuIu4-0_1907-2018,test,mixed_attention,mixed_attention,0.2721,focused_attention,0.4649,exploratory_attention,0.5613,mixed_attention,0.7500,focused_attention,0.8500,mixed_attention,0.8500,mixed_attention,0.6800,mixed_attention,,mixed_attention,0.9478,mixed_attention,0.8850
fvJbRuIu4-0_1907-2018:person_2,fvJbRuIu4-0_1907-2018,test,focused_attention,mixed_attention,0.2886,focused_attention,0.7539,exploratory_attention,0.5040,focused_attention,0.9900,focused_attention,0.9800,focused_attention,0.9800,focused_attention,0.8400,focused_attention,,focused_attention,0.9717,focused_attention,0.9950
ivX3JXIV1W4_1-1920:person_1,ivX3JXIV1W4_1-1920,test,focused_attention,mixed_attention,0.2737,focused_attention,0.4879,exploratory_attention,0.4626,mixed_attention,0.7500,focused_attention,0.8500,mixed_attention,0.9000,exploratory_attention,0.8000,focused_attention,,focused_attention,0.7489,focused_attention,0.7500
ivX3JXIV1W4_1-1920:person_2,ivX3JXIV1W4_1-1920,test,focused_attention,occluded_attention,0.3400,focused_attention,0.5592,exploratory_attention,0.5787,focused_attention,0.8500,focused_attention,0.9500,mixed_attention,0.9200,focused_attention,0.8400,focused_attention,,focused_attention,0.9831,focused_attention,0.9600
odFKscFdEas_14127-14292:person_2,odFKscFdEas_14127-14292,test,mixed_attention,mixed_attention,0.2815,focused_attention,0.4508,exploratory_attention,0.4873,mixed_attention,0.7500,focused_attention,0.8500,mixed_attention,0.9200,mixed_attention,0.6800,mixed_attention,,mixed_attention,0.9755,mixed_attention,0.9600
odFKscFdEas_15822-16030:person_2,odFKscFdEas_15822-16030,test,mixed_attention,occluded_attention,0.3046,focused_attention,0.5398,exploratory_attention,0.5892,focused_attention,0.8500,focused_attention,0.9200,mixed_attention,0.9200,focused_attention,0.8400,mixed_attention,,focused_attention,0.4796,mixed_attention,0.7600
whHPATlDw8M_33039-33248-downsampled:person_1,whHPATlDw8M_33039-33248-downsampled,test,focused_attention,mixed_attention,0.2888,focused_attention,0.7682,exploratory_attention,0.4996,focused_attention,0.9900,focused_attention,0.9800,focused_attention,0.9900,focused_attention,0.8400,focused_attention,,focused_attention,0.9820,focused_attention,1.0000
whHPATlDw8M_5014-5313-downsampled:person_2,whHPATlDw8M_5014-5313-downsampled,test,focused_attention,mixed_attention,0.2797,focused_attention,0.5195,exploratory_attention,0.5827,focused_attention,0.8500,focused_attention,0.9500,focused_attention,0.9500,focused_attention,0.8400,focused_attention,,focused_attention,0.7881,focused_attention,0.8700
zmZpa1p5zaE_1028-1129:person_1,zmZpa1p5zaE_1028-1129,test,focused_attention,mixed_attention,0.3045,focused_attention,0.7676,exploratory_attention,0.5452,focused_attention,0.9900,focused_attention,0.9500,focused_attention,0.9990,focused_attention,0.8400,focused_attention,,focused_attention,0.9808,focused_attention,0.9800
zmZpa1p5zaE_1028-1129:person_2,zmZpa1p5zaE_1028-1129,test,mixed_attention,mixed_attention,0.2785,focused_attention,0.5107,exploratory_attention,0.4676,focused_attention,0.8500,focused_attention,0.9000,mixed_attention,0.9000,mixed_attention,0.6800,mixed_attention,,mixed_attention,0.8082,mixed_attention,0.8150
