config,num_features,accuracy,kappa,macro_f1
full,14,0.7105,0.3178,0.4495
without_visibility,10,0.6962,0.2566,0.362
without_motion,12,0.7248,0.3508,0.5059
without_shifts,12,0.6958,0.278,0.3597
without_occlusion,11,0.7109,0.2944,0.3705
without_temporal,12,0.6815,0.2027,0.3392
without_head,13,0.6958,0.2684,0.4088
only_visibility,4,0.6958,0.2452,0.3511
only_motion,2,0.6811,0.027,0.258
only_shifts,2,0.7101,0.1635,0.2985
only_occlusion,3,0.6664,0.0425,0.2612
only_temporal,2,0.7538,0.3707,0.3839
only_head,1,0.6958,0.0,0.2396
