model,accuracy_mean,accuracy_ci_low,accuracy_ci_high,kappa_mean,kappa_ci_low,kappa_ci_high,macro_f1_mean,macro_f1_ci_low,macro_f1_ci_high
bart,0.1442,0.0725,0.2319,-0.0207,-0.0882,0.051,0.1123,0.0508,0.1943
deberta,0.6956,0.5938,0.7971,0.0,0.0,0.0,0.2368,0.1864,0.3016
distilbert,0.0138,0.0,0.0435,0.0,0.0,0.0,0.0068,0.0,0.0208
llm_models_Qwen--Qwen2_5-72B-Instruct,0.7832,0.6812,0.8696,0.5146,0.3378,0.6989,0.33,0.2593,0.4893
llm_models_Qwen--Qwen2_5-7B-Instruct,0.7093,0.6083,0.8116,0.1508,-0.0338,0.3429,0.3107,0.2076,0.4509
llm_models_qwen-7b,0.7245,0.6232,0.8261,0.4406,0.2604,0.6202,0.3812,0.303,0.5271
rule_based,0.8539,0.7681,0.9275,0.6795,0.4957,0.8439,0.5213,0.3978,0.7114
supervised_LinearSVM,0.7096,0.6087,0.8116,0.3136,0.0899,0.5376,0.4458,0.272,0.6977
supervised_LogisticRegression,0.6956,0.5942,0.8116,0.2679,0.0536,0.4872,0.3527,0.2518,0.4953
supervised_RandomForest,0.7676,0.6667,0.8696,0.444,0.2306,0.6521,0.4139,0.3017,0.5621
