feature,impurity_importance,permutation_mean,permutation_std
observed_frames,0.0566,0.0121,0.0106
visible_ratio,0.0587,0.0,0.0
on_screen_ratio,0.0675,0.0039,0.0064
gaze_shift_ratio,0.0891,0.0063,0.0072
occlusion_ratio,0.037,0.0,0.0
eyes_closed_ratio,0.0,0.0,0.0
mean_head_area,0.0448,0.015,0.0095
mean_head_motion,0.1003,0.0159,0.0078
mean_gaze_motion,0.129,0.014,0.0079
visible_gaze_fraction,0.0588,0.0043,0.0066
gaze_shift_events,0.0792,0.0072,0.0072
max_visible_streak,0.1117,0.0208,0.0089
max_occlusion_streak,0.059,0.0266,0.0054
attention_stability_score,0.1083,0.0527,0.0127
