model_a,model_b,b_only_a_correct,c_only_b_correct,p_value,significant_at_0.05
bart,deberta,10,48,0.0,True
bart,distilbert,10,1,0.011719,True
bart,llm_models_Qwen--Qwen2_5-72B-Instruct,6,50,0.0,True
bart,llm_models_Qwen--Qwen2_5-7B-Instruct,8,47,0.0,True
bart,llm_models_qwen-7b,3,43,0.0,True
bart,rule_based,4,53,0.0,True
bart,supervised_LinearSVM,5,44,0.0,True
bart,supervised_LogisticRegression,6,44,0.0,True
bart,supervised_RandomForest,5,48,0.0,True
deberta,distilbert,48,1,0.0,True
deberta,llm_models_Qwen--Qwen2_5-72B-Instruct,5,11,0.210114,False
deberta,llm_models_Qwen--Qwen2_5-7B-Instruct,2,3,1.0,False
deberta,llm_models_qwen-7b,12,14,0.845019,False
deberta,rule_based,4,15,0.019211,True
deberta,supervised_LinearSVM,7,8,1.0,False
deberta,supervised_LogisticRegression,7,7,1.0,False
deberta,supervised_RandomForest,5,10,0.301758,False
distilbert,llm_models_Qwen--Qwen2_5-72B-Instruct,1,54,0.0,True
distilbert,llm_models_Qwen--Qwen2_5-7B-Instruct,1,49,0.0,True
distilbert,llm_models_qwen-7b,1,50,0.0,True
distilbert,rule_based,0,58,0.0,True
distilbert,supervised_LinearSVM,1,49,0.0,True
distilbert,supervised_LogisticRegression,1,48,0.0,True
distilbert,supervised_RandomForest,1,53,0.0,True
llm_models_Qwen--Qwen2_5-72B-Instruct,llm_models_Qwen--Qwen2_5-7B-Instruct,10,5,0.301758,False
llm_models_Qwen--Qwen2_5-72B-Instruct,llm_models_qwen-7b,9,5,0.42395,False
llm_models_Qwen--Qwen2_5-72B-Instruct,rule_based,2,7,0.179688,False
llm_models_Qwen--Qwen2_5-72B-Instruct,supervised_LinearSVM,9,4,0.266846,False
llm_models_Qwen--Qwen2_5-72B-Instruct,supervised_LogisticRegression,9,3,0.145996,False
llm_models_Qwen--Qwen2_5-72B-Instruct,supervised_RandomForest,4,3,1.0,False
llm_models_Qwen--Qwen2_5-7B-Instruct,llm_models_qwen-7b,10,11,1.0,False
llm_models_Qwen--Qwen2_5-7B-Instruct,rule_based,2,12,0.012939,True
llm_models_Qwen--Qwen2_5-7B-Instruct,supervised_LinearSVM,6,6,1.0,False
llm_models_Qwen--Qwen2_5-7B-Instruct,supervised_LogisticRegression,6,5,1.0,False
llm_models_Qwen--Qwen2_5-7B-Instruct,supervised_RandomForest,5,9,0.42395,False
llm_models_qwen-7b,rule_based,2,11,0.022461,True
llm_models_qwen-7b,supervised_LinearSVM,10,9,1.0,False
llm_models_qwen-7b,supervised_LogisticRegression,9,7,0.803619,False
llm_models_qwen-7b,supervised_RandomForest,5,8,0.581055,False
rule_based,supervised_LinearSVM,13,3,0.021271,True
rule_based,supervised_LogisticRegression,13,2,0.007385,True
rule_based,supervised_RandomForest,8,2,0.109375,False
supervised_LinearSVM,supervised_LogisticRegression,3,2,1.0,False
supervised_LinearSVM,supervised_RandomForest,4,8,0.387695,False
supervised_LogisticRegression,supervised_RandomForest,2,7,0.179688,False
