child_id,true_label,num_correct,num_wrong,difficulty,wrong_models
1Ab4vLMMAbY_2354-2439:person_1,focused_attention,8,2,easy,bart|distilbert
1Ab4vLMMAbY_412-554:person_1,focused_attention,5,5,medium,bart|distilbert|llm_models_qwen-7b|supervised_LinearSVM|supervised_LogisticRegression
1Ab4vLMMAbY_557-690:person_1,focused_attention,8,2,easy,bart|distilbert
31lG75MDwSA_2857-2928:person_1,focused_attention,8,2,easy,bart|distilbert
31lG75MDwSA_3180-3306:person_1,focused_attention,8,2,easy,bart|distilbert
31lG75MDwSA_4686-4764:person_2,mixed_attention,7,3,medium,deberta|distilbert|llm_models_Qwen--Qwen2_5-7B-Instruct
6mA6UAoT3M0_6165-6361:person_1,occluded_attention,2,8,hard,deberta|distilbert|llm_models_Qwen--Qwen2_5-72B-Instruct|llm_models_Qwen--Qwen2_5-7B-Instruct|llm_models_qwen-7b|rule_based|supervised_LogisticRegression|supervised_RandomForest
6mA6UAoT3M0_6165-6361:person_3,focused_attention,8,2,easy,bart|distilbert
9DNwRwt5kI4_10666-10822:person_2,focused_attention,7,3,medium,bart|distilbert|llm_models_qwen-7b
9DNwRwt5kI4_10666-10822:person_3,mixed_attention,7,3,medium,deberta|distilbert|llm_models_Qwen--Qwen2_5-72B-Instruct
9DNwRwt5kI4_14988-15270:person_2,occluded_attention,1,9,hard,deberta|distilbert|llm_models_Qwen--Qwen2_5-72B-Instruct|llm_models_Qwen--Qwen2_5-7B-Instruct|llm_models_qwen-7b|rule_based|supervised_LinearSVM|supervised_LogisticRegression|supervised_RandomForest
9DNwRwt5kI4_14988-15270:person_3,mixed_attention,5,5,medium,bart|deberta|distilbert|llm_models_Qwen--Qwen2_5-7B-Instruct|supervised_LinearSVM
9DNwRwt5kI4_2442-3179:person_1,focused_attention,6,4,medium,bart|distilbert|llm_models_Qwen--Qwen2_5-72B-Instruct|llm_models_qwen-7b
9DNwRwt5kI4_2442-3179:person_3,mixed_attention,4,6,medium,bart|deberta|distilbert|llm_models_Qwen--Qwen2_5-7B-Instruct|supervised_LinearSVM|supervised_LogisticRegression
LHT2zVYvObg_1790-1917:person_1,focused_attention,8,2,easy,bart|distilbert
LHT2zVYvObg_1790-1917:person_2,focused_attention,6,4,medium,bart|distilbert|llm_models_qwen-7b|rule_based
LHT2zVYvObg_1921-2099:person_1,focused_attention,6,4,medium,bart|distilbert|llm_models_qwen-7b|supervised_RandomForest
LS9Hztyrmmw_1768-1839:person_2,focused_attention,7,3,medium,bart|distilbert|llm_models_qwen-7b
LS9Hztyrmmw_1768-1839:person_3,focused_attention,1,9,hard,bart|distilbert|llm_models_Qwen--Qwen2_5-72B-Instruct|llm_models_Qwen--Qwen2_5-7B-Instruct|llm_models_qwen-7b|rule_based|supervised_LinearSVM|supervised_LogisticRegression|supervised_RandomForest
LS9Hztyrmmw_2667-2845:person_2,focused_attention,8,2,easy,bart|distilbert
LS9Hztyrmmw_2667-2845:person_3,focused_attention,8,2,easy,bart|distilbert
Lva4fn4_q88_1270-1473:person_2,focused_attention,8,2,easy,bart|distilbert
Lva4fn4_q88_1270-1473:person_3,focused_attention,1,9,hard,bart|distilbert|llm_models_Qwen--Qwen2_5-72B-Instruct|llm_models_Qwen--Qwen2_5-7B-Instruct|llm_models_qwen-7b|rule_based|supervised_LinearSVM|supervised_LogisticRegression|supervised_RandomForest
Lva4fn4_q88_4391-4523:person_2,focused_attention,8,2,easy,bart|distilbert
Lva4fn4_q88_4391-4523:person_3,mixed_attention,1,9,hard,deberta|distilbert|llm_models_Qwen--Qwen2_5-72B-Instruct|llm_models_Qwen--Qwen2_5-7B-Instruct|llm_models_qwen-7b|rule_based|supervised_LinearSVM|supervised_LogisticRegression|supervised_RandomForest
Lva4fn4_q88_4691-4775:person_2,focused_attention,8,2,easy,bart|distilbert
Lva4fn4_q88_4691-4775:person_3,focused_attention,8,2,easy,bart|distilbert
Lva4fn4_q88_5291-5420:person_2,focused_attention,8,2,easy,bart|distilbert
Lva4fn4_q88_5291-5420:person_3,focused_attention,8,2,easy,bart|distilbert
ND7pXuhs3VM_1800-1925:person_2,mixed_attention,6,4,medium,bart|deberta|distilbert|llm_models_Qwen--Qwen2_5-7B-Instruct
ND7pXuhs3VM_3066-3159:person_1,mixed_attention,6,4,medium,deberta|distilbert|llm_models_Qwen--Qwen2_5-72B-Instruct|supervised_RandomForest
NIk1-ck4c6Q_13651-13719:person_2,mixed_attention,2,8,hard,bart|deberta|distilbert|llm_models_Qwen--Qwen2_5-72B-Instruct|llm_models_Qwen--Qwen2_5-7B-Instruct|supervised_LinearSVM|supervised_LogisticRegression|supervised_RandomForest
NIk1-ck4c6Q_13651-13719:person_3,mixed_attention,6,4,medium,deberta|distilbert|llm_models_Qwen--Qwen2_5-7B-Instruct|rule_based
NIk1-ck4c6Q_22766-22806:person_2,focused_attention,8,2,easy,bart|distilbert
NIk1-ck4c6Q_22766-22806:person_3,focused_attention,8,2,easy,bart|distilbert
N_9vfhsDz8w_5785-5911:person_2,focused_attention,8,2,easy,bart|distilbert
N_9vfhsDz8w_5785-5911:person_3,focused_attention,8,2,easy,bart|distilbert
N_9vfhsDz8w_6085-6298:person_2,focused_attention,8,2,easy,bart|distilbert
N_9vfhsDz8w_6085-6298:person_3,focused_attention,8,2,easy,bart|distilbert
Pyb0z_YQjjI_7332-7429:person_2,exploratory_attention,2,8,hard,bart|deberta|llm_models_Qwen--Qwen2_5-72B-Instruct|llm_models_Qwen--Qwen2_5-7B-Instruct|llm_models_qwen-7b|supervised_LinearSVM|supervised_LogisticRegression|supervised_RandomForest
Pyb0z_YQjjI_7332-7429:person_3,focused_attention,8,2,easy,bart|distilbert
Pyb0z_YQjjI_7632-7685:person_2,focused_attention,8,2,easy,bart|distilbert
Pyb0z_YQjjI_7632-7685:person_3,focused_attention,6,4,medium,bart|distilbert|supervised_LinearSVM|supervised_LogisticRegression
UUwGLDeYN8c_266-474:person_1,focused_attention,6,4,medium,bart|distilbert|llm_models_qwen-7b|supervised_LogisticRegression
WpbXt04qWEk_1166-1611:person_1,focused_attention,3,7,hard,bart|distilbert|llm_models_Qwen--Qwen2_5-72B-Instruct|llm_models_qwen-7b|supervised_LinearSVM|supervised_LogisticRegression|supervised_RandomForest
WpbXt04qWEk_924-1135:person_1,focused_attention,8,2,easy,bart|distilbert
aWV7UUMddCU_5934-6205:person_2,mixed_attention,5,5,medium,bart|deberta|distilbert|llm_models_Qwen--Qwen2_5-7B-Instruct|llm_models_qwen-7b
aWV7UUMddCU_6517-7514:person_1,mixed_attention,3,7,hard,bart|deberta|distilbert|llm_models_Qwen--Qwen2_5-7B-Instruct|llm_models_qwen-7b|supervised_LogisticRegression|supervised_RandomForest
dUYIh1U2z-8_3300-3427:person_1,occluded_attention,0,10,hard,bart|deberta|distilbert|llm_models_Qwen--Qwen2_5-72B-Instruct|llm_models_Qwen--Qwen2_5-7B-Instruct|llm_models_qwen-7b|rule_based|supervised_LinearSVM|supervised_LogisticRegression|supervised_RandomForest
dUYIh1U2z-8_3300-3427:person_2,focused_attention,8,2,easy,bart|distilbert
dUYIh1U2z-8_4007-4220:person_1,focused_attention,8,2,easy,bart|distilbert
dUYIh1U2z-8_4007-4220:person_2,focused_attention,8,2,easy,bart|distilbert
dUYIh1U2z-8_4007-4220:person_3,focused_attention,8,2,easy,bart|distilbert
f6wqlpG9rd0_1402-1688:person_1,focused_attention,8,2,easy,bart|distilbert
f6wqlpG9rd0_203-262:person_1,focused_attention,8,2,easy,bart|distilbert
f6wqlpG9rd0_9404-9541:person_1,mixed_attention,4,6,medium,bart|deberta|distilbert|supervised_LinearSVM|supervised_LogisticRegression|supervised_RandomForest
f6wqlpG9rd0_9704-9949:person_1,mixed_attention,4,6,medium,bart|deberta|distilbert|llm_models_Qwen--Qwen2_5-7B-Instruct|supervised_LinearSVM|supervised_LogisticRegression
fvJbRuIu4-0_1308-1370:person_1,focused_attention,8,2,easy,bart|distilbert
fvJbRuIu4-0_1308-1370:person_2,focused_attention,8,2,easy,bart|distilbert
fvJbRuIu4-0_1907-2018:person_1,mixed_attention,4,6,medium,deberta|distilbert|llm_models_Qwen--Qwen2_5-7B-Instruct|supervised_LinearSVM|supervised_LogisticRegression|supervised_RandomForest
fvJbRuIu4-0_1907-2018:person_2,focused_attention,8,2,easy,bart|distilbert
ivX3JXIV1W4_1-1920:person_1,focused_attention,2,8,hard,bart|distilbert|llm_models_Qwen--Qwen2_5-72B-Instruct|llm_models_qwen-7b|rule_based|supervised_LinearSVM|supervised_LogisticRegression|supervised_RandomForest
ivX3JXIV1W4_1-1920:person_2,focused_attention,6,4,medium,bart|distilbert|llm_models_qwen-7b|supervised_LinearSVM
odFKscFdEas_14127-14292:person_2,mixed_attention,5,5,medium,deberta|distilbert|llm_models_Qwen--Qwen2_5-7B-Instruct|supervised_LinearSVM|supervised_LogisticRegression
odFKscFdEas_15822-16030:person_2,mixed_attention,1,9,hard,bart|deberta|distilbert|llm_models_Qwen--Qwen2_5-72B-Instruct|llm_models_Qwen--Qwen2_5-7B-Instruct|rule_based|supervised_LinearSVM|supervised_LogisticRegression|supervised_RandomForest
whHPATlDw8M_33039-33248-downsampled:person_1,focused_attention,8,2,easy,bart|distilbert
whHPATlDw8M_5014-5313-downsampled:person_2,focused_attention,8,2,easy,bart|distilbert
zmZpa1p5zaE_1028-1129:person_1,focused_attention,8,2,easy,bart|distilbert
zmZpa1p5zaE_1028-1129:person_2,mixed_attention,4,6,medium,deberta|distilbert|llm_models_Qwen--Qwen2_5-72B-Instruct|llm_models_Qwen--Qwen2_5-7B-Instruct|supervised_LinearSVM|supervised_LogisticRegression
