weights,w,kappa,accuracy,changed_vs_paper
"paper (0.45, 0.25, 0.15, 0.15)","0.450, 0.250, 0.150, 0.150",0.7055476529160739,0.8695652173913043,0
equal (0.25 each),"0.250, 0.250, 0.250, 0.250",0.7055476529160739,0.8695652173913043,0
drop visibility,"0.000, 0.455, 0.273, 0.273",0.7136929460580912,0.8695652173913043,2
drop longest visible streak,"0.600, 0.000, 0.200, 0.200",0.7055476529160739,0.8695652173913043,0
drop low gaze motion,"0.529, 0.294, 0.000, 0.176",0.7055476529160739,0.8695652173913043,0
drop few gaze shifts,"0.529, 0.294, 0.176, 0.000",0.6774193548387097,0.855072463768116,1
"+0.05 visibility, -0.05 longest visible streak","0.500, 0.200, 0.150, 0.150",0.7055476529160739,0.8695652173913043,0
"+0.05 visibility, -0.05 low gaze motion","0.500, 0.250, 0.100, 0.150",0.7055476529160739,0.8695652173913043,0
"+0.05 visibility, -0.05 few gaze shifts","0.500, 0.250, 0.150, 0.100",0.7055476529160739,0.8695652173913043,0
"+0.05 longest visible streak, -0.05 visibility","0.400, 0.300, 0.150, 0.150",0.7055476529160739,0.8695652173913043,0
"+0.05 longest visible streak, -0.05 low gaze motion","0.450, 0.300, 0.100, 0.150",0.7055476529160739,0.8695652173913043,0
"+0.05 longest visible streak, -0.05 few gaze shifts","0.450, 0.300, 0.150, 0.100",0.7055476529160739,0.8695652173913043,0
"+0.05 low gaze motion, -0.05 visibility","0.400, 0.250, 0.200, 0.150",0.7055476529160739,0.8695652173913043,0
"+0.05 low gaze motion, -0.05 longest visible streak","0.450, 0.200, 0.200, 0.150",0.7055476529160739,0.8695652173913043,0
"+0.05 low gaze motion, -0.05 few gaze shifts","0.450, 0.250, 0.200, 0.100",0.7055476529160739,0.8695652173913043,0
"+0.05 few gaze shifts, -0.05 visibility","0.400, 0.250, 0.150, 0.200",0.7055476529160739,0.8695652173913043,0
"+0.05 few gaze shifts, -0.05 longest visible streak","0.450, 0.200, 0.150, 0.200",0.7055476529160739,0.8695652173913043,0
"+0.05 few gaze shifts, -0.05 low gaze motion","0.450, 0.250, 0.100, 0.200",0.7055476529160739,0.8695652173913043,0
