child_id,video_id,channel_id,final_3class,LogisticRegression__paper,LogisticRegression__leave-one-channel-out,LogisticRegression__leave-one-video-out,LinearSVM__paper,LinearSVM__leave-one-channel-out,LinearSVM__leave-one-video-out,RandomForest__paper,RandomForest__leave-one-channel-out,RandomForest__leave-one-video-out,Dummy_majority__paper,Dummy_majority__leave-one-channel-out,Dummy_majority__leave-one-video-out,Dummy_stratified__paper,Dummy_stratified__leave-one-channel-out,Dummy_stratified__leave-one-video-out,XGBoost__paper,XGBoost__leave-one-channel-out,XGBoost__leave-one-video-out,LightGBM__paper,LightGBM__leave-one-channel-out,LightGBM__leave-one-video-out
1Ab4vLMMAbY_2354-2439:person_1,1Ab4vLMMAbY,UCXe3gqCj-uoC-zmAa7If_VQ,focused,focused,focused,focused,focused,focused,focused,focused,focused,focused,focused,focused,focused,focused,focused,focused,focused,focused,focused,focused,focused,focused
1Ab4vLMMAbY_412-554:person_1,1Ab4vLMMAbY,UCXe3gqCj-uoC-zmAa7If_VQ,focused,mix,mix,mix,mix,mix,mix,mix,mix,mix,focused,focused,focused,focused,mix,mix,mix,mix,mix,focused,focused,focused
1Ab4vLMMAbY_557-690:person_1,1Ab4vLMMAbY,UCXe3gqCj-uoC-zmAa7If_VQ,focused,focused,focused,focused,focused,focused,focused,focused,others,others,focused,focused,focused,mix,focused,focused,focused,focused,focused,focused,focused,focused
31lG75MDwSA_2857-2928:person_1,31lG75MDwSA,UCH2C2GXT11f8Zs7NK9Utl6A,focused,focused,focused,focused,focused,focused,focused,focused,focused,focused,focused,focused,focused,mix,focused,focused,focused,focused,focused,focused,focused,focused
31lG75MDwSA_3180-3306:person_1,31lG75MDwSA,UCH2C2GXT11f8Zs7NK9Utl6A,focused,focused,focused,focused,focused,focused,focused,focused,focused,focused,focused,focused,focused,focused,mix,mix,focused,focused,focused,focused,focused,focused
31lG75MDwSA_4686-4764:person_2,31lG75MDwSA,UCH2C2GXT11f8Zs7NK9Utl6A,mix,mix,focused,focused,mix,focused,focused,mix,mix,mix,focused,focused,focused,focused,focused,focused,mix,mix,mix,mix,mix,mix
6mA6UAoT3M0_6165-6361:person_1,6mA6UAoT3M0,UCB3eI3ENiFXGuchginHZP_Q,others,focused,focused,focused,focused,focused,focused,mix,mix,mix,focused,focused,focused,focused,focused,focused,mix,mix,mix,mix,mix,mix
6mA6UAoT3M0_6165-6361:person_3,6mA6UAoT3M0,UCB3eI3ENiFXGuchginHZP_Q,focused,focused,focused,focused,focused,focused,focused,focused,focused,focused,focused,focused,focused,focused,mix,mix,focused,focused,focused,focused,focused,focused
9DNwRwt5kI4_10666-10822:person_2,9DNwRwt5kI4,UCEjCyBoWP57QRkmFRz-aOGw,focused,focused,focused,focused,focused,mix,focused,focused,focused,focused,focused,focused,focused,mix,focused,focused,focused,focused,focused,focused,focused,focused
9DNwRwt5kI4_10666-10822:person_3,9DNwRwt5kI4,UCEjCyBoWP57QRkmFRz-aOGw,mix,mix,mix,mix,focused,mix,mix,mix,mix,mix,focused,focused,focused,focused,mix,mix,mix,mix,mix,mix,mix,mix
9DNwRwt5kI4_14988-15270:person_2,9DNwRwt5kI4,UCEjCyBoWP57QRkmFRz-aOGw,others,mix,mix,mix,mix,mix,mix,mix,mix,mix,focused,focused,focused,focused,focused,focused,mix,mix,mix,mix,mix,focused
9DNwRwt5kI4_14988-15270:person_3,9DNwRwt5kI4,UCEjCyBoWP57QRkmFRz-aOGw,mix,mix,mix,mix,mix,mix,others,mix,mix,mix,focused,focused,focused,focused,focused,focused,mix,mix,mix,mix,mix,focused
9DNwRwt5kI4_2442-3179:person_1,9DNwRwt5kI4,UCEjCyBoWP57QRkmFRz-aOGw,focused,focused,focused,focused,focused,others,others,focused,others,focused,focused,focused,focused,focused,focused,focused,focused,others,focused,focused,focused,focused
9DNwRwt5kI4_2442-3179:person_3,9DNwRwt5kI4,UCEjCyBoWP57QRkmFRz-aOGw,mix,mix,mix,mix,mix,mix,mix,mix,mix,mix,focused,focused,focused,mix,focused,focused,focused,focused,focused,mix,focused,focused
LHT2zVYvObg_1790-1917:person_1,LHT2zVYvObg,UCUyE-L2iWWV_tMoT20KF6xQ,focused,focused,focused,focused,focused,focused,focused,focused,focused,focused,focused,focused,focused,focused,focused,focused,focused,focused,focused,focused,focused,focused
LHT2zVYvObg_1790-1917:person_2,LHT2zVYvObg,UCUyE-L2iWWV_tMoT20KF6xQ,focused,focused,focused,focused,focused,focused,focused,mix,mix,mix,focused,focused,focused,focused,mix,mix,mix,focused,focused,mix,mix,mix
LHT2zVYvObg_1921-2099:person_1,LHT2zVYvObg,UCUyE-L2iWWV_tMoT20KF6xQ,focused,focused,focused,focused,focused,focused,focused,mix,mix,mix,focused,focused,focused,focused,focused,focused,focused,mix,mix,focused,mix,mix
LS9Hztyrmmw_1768-1839:person_2,LS9Hztyrmmw,UCEjCyBoWP57QRkmFRz-aOGw,focused,focused,focused,focused,focused,focused,focused,focused,focused,focused,focused,focused,focused,focused,mix,focused,focused,focused,focused,focused,mix,focused
LS9Hztyrmmw_1768-1839:person_3,LS9Hztyrmmw,UCEjCyBoWP57QRkmFRz-aOGw,focused,mix,mix,mix,mix,mix,mix,mix,mix,mix,focused,focused,focused,focused,mix,mix,focused,mix,mix,mix,mix,mix
LS9Hztyrmmw_2667-2845:person_2,LS9Hztyrmmw,UCEjCyBoWP57QRkmFRz-aOGw,focused,focused,focused,focused,focused,focused,focused,focused,focused,focused,focused,focused,focused,mix,mix,focused,focused,focused,focused,focused,focused,focused
LS9Hztyrmmw_2667-2845:person_3,LS9Hztyrmmw,UCEjCyBoWP57QRkmFRz-aOGw,focused,focused,focused,focused,mix,mix,mix,focused,focused,focused,focused,focused,focused,mix,focused,focused,focused,focused,focused,focused,focused,focused
Lva4fn4_q88_1270-1473:person_2,Lva4fn4_q88,UCEjCyBoWP57QRkmFRz-aOGw,focused,focused,focused,focused,focused,focused,focused,focused,focused,focused,focused,focused,focused,mix,focused,focused,focused,focused,focused,focused,focused,focused
Lva4fn4_q88_1270-1473:person_3,Lva4fn4_q88,UCEjCyBoWP57QRkmFRz-aOGw,focused,mix,mix,mix,mix,mix,mix,mix,mix,mix,focused,focused,focused,mix,focused,mix,mix,mix,mix,others,mix,mix
Lva4fn4_q88_4391-4523:person_2,Lva4fn4_q88,UCEjCyBoWP57QRkmFRz-aOGw,focused,focused,focused,focused,focused,focused,focused,focused,focused,focused,focused,focused,focused,focused,focused,focused,focused,focused,focused,focused,focused,focused
Lva4fn4_q88_4391-4523:person_3,Lva4fn4_q88,UCEjCyBoWP57QRkmFRz-aOGw,mix,focused,focused,focused,focused,focused,focused,focused,focused,focused,focused,focused,focused,focused,focused,focused,focused,focused,focused,focused,focused,focused
Lva4fn4_q88_4691-4775:person_2,Lva4fn4_q88,UCEjCyBoWP57QRkmFRz-aOGw,focused,focused,focused,focused,focused,focused,focused,focused,focused,focused,focused,focused,focused,mix,focused,focused,focused,focused,focused,focused,focused,focused
Lva4fn4_q88_4691-4775:person_3,Lva4fn4_q88,UCEjCyBoWP57QRkmFRz-aOGw,focused,focused,focused,focused,focused,mix,focused,focused,focused,focused,focused,focused,focused,mix,focused,focused,focused,focused,focused,focused,mix,focused
Lva4fn4_q88_5291-5420:person_2,Lva4fn4_q88,UCEjCyBoWP57QRkmFRz-aOGw,focused,focused,focused,focused,focused,focused,focused,focused,focused,focused,focused,focused,focused,mix,focused,mix,focused,focused,focused,focused,focused,focused
Lva4fn4_q88_5291-5420:person_3,Lva4fn4_q88,UCEjCyBoWP57QRkmFRz-aOGw,focused,focused,focused,focused,focused,focused,focused,focused,focused,focused,focused,focused,focused,mix,focused,mix,focused,focused,focused,focused,focused,focused
ND7pXuhs3VM_1800-1925:person_2,ND7pXuhs3VM,UCYYUNvhURfuC7zFli3TyPig,mix,focused,focused,focused,focused,focused,focused,mix,mix,mix,focused,focused,focused,focused,focused,focused,mix,mix,mix,others,mix,mix
ND7pXuhs3VM_3066-3159:person_1,ND7pXuhs3VM,UCYYUNvhURfuC7zFli3TyPig,mix,mix,mix,mix,mix,mix,mix,focused,mix,mix,focused,focused,focused,focused,mix,mix,focused,focused,focused,focused,focused,focused
NIk1-ck4c6Q_13651-13719:person_2,NIk1-ck4c6Q,UCEjCyBoWP57QRkmFRz-aOGw,mix,focused,mix,focused,focused,mix,focused,mix,mix,mix,focused,focused,focused,focused,focused,focused,mix,mix,mix,focused,mix,mix
NIk1-ck4c6Q_13651-13719:person_3,NIk1-ck4c6Q,UCEjCyBoWP57QRkmFRz-aOGw,mix,mix,mix,focused,focused,mix,focused,mix,mix,mix,focused,focused,focused,focused,focused,mix,mix,mix,mix,mix,mix,mix
NIk1-ck4c6Q_22766-22806:person_2,NIk1-ck4c6Q,UCEjCyBoWP57QRkmFRz-aOGw,focused,focused,focused,focused,focused,focused,focused,focused,focused,focused,focused,focused,focused,focused,focused,focused,focused,focused,focused,focused,focused,focused
NIk1-ck4c6Q_22766-22806:person_3,NIk1-ck4c6Q,UCEjCyBoWP57QRkmFRz-aOGw,focused,focused,focused,focused,focused,focused,focused,focused,focused,focused,focused,focused,focused,focused,mix,focused,focused,focused,focused,focused,focused,focused
N_9vfhsDz8w_5785-5911:person_2,N_9vfhsDz8w,UCuQFciSjwHz-KmKbINyPpOw,focused,focused,focused,focused,focused,focused,focused,focused,focused,focused,focused,focused,focused,focused,focused,focused,focused,focused,focused,focused,focused,focused
N_9vfhsDz8w_5785-5911:person_3,N_9vfhsDz8w,UCuQFciSjwHz-KmKbINyPpOw,focused,focused,focused,focused,focused,focused,focused,focused,focused,focused,focused,focused,focused,focused,mix,mix,focused,focused,focused,focused,focused,focused
N_9vfhsDz8w_6085-6298:person_2,N_9vfhsDz8w,UCuQFciSjwHz-KmKbINyPpOw,focused,focused,focused,focused,focused,focused,focused,focused,focused,focused,focused,focused,focused,focused,focused,focused,focused,focused,focused,focused,focused,focused
N_9vfhsDz8w_6085-6298:person_3,N_9vfhsDz8w,UCuQFciSjwHz-KmKbINyPpOw,focused,focused,focused,focused,focused,focused,focused,focused,focused,focused,focused,focused,focused,focused,focused,focused,focused,focused,focused,focused,focused,focused
Pyb0z_YQjjI_7332-7429:person_2,Pyb0z_YQjjI,UCEjCyBoWP57QRkmFRz-aOGw,mix,mix,mix,mix,mix,mix,mix,mix,mix,mix,focused,focused,focused,focused,focused,focused,mix,mix,mix,mix,mix,mix
Pyb0z_YQjjI_7332-7429:person_3,Pyb0z_YQjjI,UCEjCyBoWP57QRkmFRz-aOGw,focused,focused,others,focused,focused,others,focused,focused,focused,focused,focused,focused,focused,focused,focused,mix,focused,others,focused,focused,focused,focused
Pyb0z_YQjjI_7632-7685:person_2,Pyb0z_YQjjI,UCEjCyBoWP57QRkmFRz-aOGw,focused,focused,others,mix,focused,mix,mix,focused,focused,focused,focused,focused,focused,focused,focused,focused,focused,mix,focused,focused,mix,focused
Pyb0z_YQjjI_7632-7685:person_3,Pyb0z_YQjjI,UCEjCyBoWP57QRkmFRz-aOGw,focused,mix,mix,mix,mix,mix,mix,focused,focused,focused,focused,focused,focused,focused,focused,focused,focused,mix,focused,focused,mix,focused
UUwGLDeYN8c_266-474:person_1,UUwGLDeYN8c,UCXe3gqCj-uoC-zmAa7If_VQ,focused,mix,mix,mix,mix,focused,focused,mix,focused,focused,focused,focused,focused,focused,focused,focused,mix,focused,focused,mix,focused,focused
WpbXt04qWEk_1166-1611:person_1,WpbXt04qWEk,UCH2C2GXT11f8Zs7NK9Utl6A,focused,focused,focused,focused,focused,focused,focused,mix,mix,mix,focused,focused,focused,focused,focused,focused,mix,mix,mix,mix,mix,mix
WpbXt04qWEk_924-1135:person_1,WpbXt04qWEk,UCH2C2GXT11f8Zs7NK9Utl6A,focused,focused,focused,focused,focused,focused,focused,focused,focused,focused,focused,focused,focused,focused,focused,mix,focused,focused,focused,focused,focused,focused
aWV7UUMddCU_5934-6205:person_2,aWV7UUMddCU,UCUunHJtnux8FZ7HIV3S0e4g,mix,focused,focused,focused,focused,focused,focused,mix,mix,mix,focused,focused,focused,focused,focused,focused,focused,focused,focused,focused,focused,focused
aWV7UUMddCU_6517-7514:person_1,aWV7UUMddCU,UCUunHJtnux8FZ7HIV3S0e4g,mix,focused,focused,focused,focused,focused,focused,mix,mix,focused,focused,focused,focused,focused,mix,mix,focused,focused,focused,focused,focused,focused
dUYIh1U2z-8_3300-3427:person_1,dUYIh1U2z-8,UCUyE-L2iWWV_tMoT20KF6xQ,others,focused,focused,focused,focused,focused,focused,focused,focused,focused,focused,focused,focused,focused,focused,focused,focused,focused,focused,focused,focused,focused
dUYIh1U2z-8_3300-3427:person_2,dUYIh1U2z-8,UCUyE-L2iWWV_tMoT20KF6xQ,focused,focused,focused,focused,focused,focused,focused,focused,focused,focused,focused,focused,focused,focused,focused,mix,focused,focused,focused,focused,focused,focused
dUYIh1U2z-8_4007-4220:person_1,dUYIh1U2z-8,UCUyE-L2iWWV_tMoT20KF6xQ,focused,focused,focused,focused,focused,focused,focused,focused,focused,focused,focused,focused,focused,focused,focused,focused,focused,focused,focused,focused,focused,focused
dUYIh1U2z-8_4007-4220:person_2,dUYIh1U2z-8,UCUyE-L2iWWV_tMoT20KF6xQ,focused,focused,focused,focused,focused,focused,focused,focused,focused,focused,focused,focused,focused,focused,mix,focused,focused,focused,focused,focused,focused,focused
dUYIh1U2z-8_4007-4220:person_3,dUYIh1U2z-8,UCUyE-L2iWWV_tMoT20KF6xQ,focused,focused,focused,focused,focused,focused,focused,focused,focused,focused,focused,focused,focused,focused,mix,focused,focused,focused,focused,focused,focused,focused
f6wqlpG9rd0_1402-1688:person_1,f6wqlpG9rd0,UCcdj0no4KBJMfPVq0QohFRw,focused,focused,focused,focused,focused,focused,focused,focused,focused,focused,focused,focused,focused,focused,focused,focused,focused,focused,focused,focused,focused,focused
f6wqlpG9rd0_203-262:person_1,f6wqlpG9rd0,UCcdj0no4KBJMfPVq0QohFRw,focused,focused,focused,focused,focused,focused,focused,focused,focused,focused,focused,focused,focused,focused,mix,mix,focused,focused,focused,focused,focused,focused
f6wqlpG9rd0_9404-9541:person_1,f6wqlpG9rd0,UCcdj0no4KBJMfPVq0QohFRw,mix,others,others,others,others,others,others,others,others,others,focused,focused,focused,focused,focused,focused,focused,focused,focused,focused,mix,mix
f6wqlpG9rd0_9704-9949:person_1,f6wqlpG9rd0,UCcdj0no4KBJMfPVq0QohFRw,mix,focused,focused,focused,focused,focused,focused,mix,mix,mix,focused,focused,focused,focused,focused,focused,mix,mix,mix,mix,mix,mix
fvJbRuIu4-0_1308-1370:person_1,fvJbRuIu4-0,UCsPsIG_jQAlGW0MfPmY-WGw,focused,focused,focused,focused,focused,focused,focused,focused,focused,focused,focused,focused,focused,focused,focused,focused,focused,focused,focused,focused,focused,focused
fvJbRuIu4-0_1308-1370:person_2,fvJbRuIu4-0,UCsPsIG_jQAlGW0MfPmY-WGw,focused,focused,focused,focused,focused,focused,focused,focused,focused,focused,focused,focused,focused,focused,mix,mix,focused,focused,focused,focused,focused,focused
fvJbRuIu4-0_1907-2018:person_1,fvJbRuIu4-0,UCsPsIG_jQAlGW0MfPmY-WGw,mix,focused,focused,focused,focused,mix,mix,focused,focused,focused,focused,focused,focused,focused,focused,focused,focused,focused,focused,focused,focused,focused
fvJbRuIu4-0_1907-2018:person_2,fvJbRuIu4-0,UCsPsIG_jQAlGW0MfPmY-WGw,focused,focused,focused,focused,focused,focused,focused,focused,focused,focused,focused,focused,focused,focused,focused,focused,focused,focused,focused,focused,focused,focused
ivX3JXIV1W4_1-1920:person_1,ivX3JXIV1W4,UCsPsIG_jQAlGW0MfPmY-WGw,focused,others,others,others,others,others,others,mix,mix,mix,focused,focused,focused,mix,focused,focused,mix,focused,mix,mix,mix,mix
ivX3JXIV1W4_1-1920:person_2,ivX3JXIV1W4,UCsPsIG_jQAlGW0MfPmY-WGw,focused,focused,mix,mix,mix,mix,mix,focused,focused,focused,focused,focused,focused,focused,focused,mix,focused,focused,focused,focused,focused,mix
odFKscFdEas_14127-14292:person_2,odFKscFdEas,UCuQFciSjwHz-KmKbINyPpOw,mix,mix,focused,focused,mix,focused,focused,mix,mix,mix,focused,focused,focused,focused,focused,focused,focused,focused,focused,mix,focused,focused
odFKscFdEas_15822-16030:person_2,odFKscFdEas,UCuQFciSjwHz-KmKbINyPpOw,mix,focused,focused,focused,focused,focused,focused,focused,focused,focused,focused,focused,focused,mix,focused,mix,focused,focused,focused,focused,focused,focused
whHPATlDw8M_33039-33248-downsampled:person_1,whHPATlDw8M,UCUunHJtnux8FZ7HIV3S0e4g,focused,focused,focused,focused,focused,focused,focused,focused,focused,focused,focused,focused,focused,focused,focused,focused,focused,focused,focused,focused,focused,focused
whHPATlDw8M_5014-5313-downsampled:person_2,whHPATlDw8M,UCUunHJtnux8FZ7HIV3S0e4g,focused,focused,focused,focused,focused,focused,focused,focused,mix,mix,focused,focused,focused,focused,focused,mix,focused,focused,focused,mix,focused,mix
zmZpa1p5zaE_1028-1129:person_1,zmZpa1p5zaE,UCsPsIG_jQAlGW0MfPmY-WGw,focused,focused,focused,focused,focused,focused,focused,focused,focused,focused,focused,focused,focused,mix,mix,focused,focused,focused,focused,focused,focused,focused
zmZpa1p5zaE_1028-1129:person_2,zmZpa1p5zaE,UCsPsIG_jQAlGW0MfPmY-WGw,mix,focused,focused,focused,focused,focused,focused,mix,mix,mix,focused,focused,focused,focused,mix,mix,mix,mix,mix,mix,mix,mix
