child_id,true_label,classifier,predicted_label,correct
6mA6UAoT3M0_6165-6361:person_1,occluded_attention,LogisticRegression,focused_attention,no
9DNwRwt5kI4_10666-10822:person_2,focused_attention,LogisticRegression,focused_attention,yes
9DNwRwt5kI4_10666-10822:person_3,mixed_attention,LogisticRegression,mixed_attention,yes
9DNwRwt5kI4_2442-3179:person_1,focused_attention,LogisticRegression,focused_attention,yes
9DNwRwt5kI4_2442-3179:person_3,mixed_attention,LogisticRegression,focused_attention,no
LHT2zVYvObg_1790-1917:person_1,focused_attention,LogisticRegression,focused_attention,yes
LHT2zVYvObg_1921-2099:person_1,focused_attention,LogisticRegression,focused_attention,yes
LS9Hztyrmmw_1768-1839:person_2,focused_attention,LogisticRegression,focused_attention,yes
LS9Hztyrmmw_1768-1839:person_3,focused_attention,LogisticRegression,mixed_attention,no
Lva4fn4_q88_1270-1473:person_2,focused_attention,LogisticRegression,focused_attention,yes
Lva4fn4_q88_1270-1473:person_3,focused_attention,LogisticRegression,mixed_attention,no
Lva4fn4_q88_4391-4523:person_3,mixed_attention,LogisticRegression,focused_attention,no
Lva4fn4_q88_4691-4775:person_2,focused_attention,LogisticRegression,focused_attention,yes
Lva4fn4_q88_4691-4775:person_3,focused_attention,LogisticRegression,focused_attention,yes
Lva4fn4_q88_5291-5420:person_2,focused_attention,LogisticRegression,focused_attention,yes
ND7pXuhs3VM_1800-1925:person_2,mixed_attention,LogisticRegression,mixed_attention,yes
NIk1-ck4c6Q_13651-13719:person_3,mixed_attention,LogisticRegression,mixed_attention,yes
N_9vfhsDz8w_5785-5911:person_2,focused_attention,LogisticRegression,focused_attention,yes
N_9vfhsDz8w_6085-6298:person_3,focused_attention,LogisticRegression,focused_attention,yes
Pyb0z_YQjjI_7332-7429:person_2,exploratory_attention,LogisticRegression,mixed_attention,no
Pyb0z_YQjjI_7332-7429:person_3,focused_attention,LogisticRegression,focused_attention,yes
Pyb0z_YQjjI_7632-7685:person_3,focused_attention,LogisticRegression,mixed_attention,no
WpbXt04qWEk_1166-1611:person_1,focused_attention,LogisticRegression,mixed_attention,no
WpbXt04qWEk_924-1135:person_1,focused_attention,LogisticRegression,focused_attention,yes
aWV7UUMddCU_5934-6205:person_2,mixed_attention,LogisticRegression,mixed_attention,yes
dUYIh1U2z-8_4007-4220:person_2,focused_attention,LogisticRegression,focused_attention,yes
f6wqlpG9rd0_1402-1688:person_1,focused_attention,LogisticRegression,focused_attention,yes
f6wqlpG9rd0_203-262:person_1,focused_attention,LogisticRegression,focused_attention,yes
f6wqlpG9rd0_9404-9541:person_1,mixed_attention,LogisticRegression,occluded_attention,no
fvJbRuIu4-0_1308-1370:person_1,focused_attention,LogisticRegression,focused_attention,yes
fvJbRuIu4-0_1907-2018:person_1,mixed_attention,LogisticRegression,focused_attention,no
fvJbRuIu4-0_1907-2018:person_2,focused_attention,LogisticRegression,focused_attention,yes
ivX3JXIV1W4_1-1920:person_1,focused_attention,LogisticRegression,mixed_attention,no
odFKscFdEas_15822-16030:person_2,mixed_attention,LogisticRegression,focused_attention,no
whHPATlDw8M_33039-33248-downsampled:person_1,focused_attention,LogisticRegression,focused_attention,yes
1Ab4vLMMAbY_2354-2439:person_1,focused_attention,LogisticRegression,focused_attention,yes
1Ab4vLMMAbY_412-554:person_1,focused_attention,LogisticRegression,mixed_attention,no
1Ab4vLMMAbY_557-690:person_1,focused_attention,LogisticRegression,focused_attention,yes
31lG75MDwSA_2857-2928:person_1,focused_attention,LogisticRegression,focused_attention,yes
31lG75MDwSA_3180-3306:person_1,focused_attention,LogisticRegression,focused_attention,yes
31lG75MDwSA_4686-4764:person_2,mixed_attention,LogisticRegression,mixed_attention,yes
6mA6UAoT3M0_6165-6361:person_3,focused_attention,LogisticRegression,focused_attention,yes
9DNwRwt5kI4_14988-15270:person_2,occluded_attention,LogisticRegression,mixed_attention,no
9DNwRwt5kI4_14988-15270:person_3,mixed_attention,LogisticRegression,mixed_attention,yes
LHT2zVYvObg_1790-1917:person_2,focused_attention,LogisticRegression,focused_attention,yes
LS9Hztyrmmw_2667-2845:person_2,focused_attention,LogisticRegression,focused_attention,yes
LS9Hztyrmmw_2667-2845:person_3,focused_attention,LogisticRegression,focused_attention,yes
Lva4fn4_q88_4391-4523:person_2,focused_attention,LogisticRegression,focused_attention,yes
Lva4fn4_q88_5291-5420:person_3,focused_attention,LogisticRegression,focused_attention,yes
ND7pXuhs3VM_3066-3159:person_1,mixed_attention,LogisticRegression,mixed_attention,yes
NIk1-ck4c6Q_13651-13719:person_2,mixed_attention,LogisticRegression,focused_attention,no
NIk1-ck4c6Q_22766-22806:person_2,focused_attention,LogisticRegression,focused_attention,yes
NIk1-ck4c6Q_22766-22806:person_3,focused_attention,LogisticRegression,focused_attention,yes
N_9vfhsDz8w_5785-5911:person_3,focused_attention,LogisticRegression,focused_attention,yes
N_9vfhsDz8w_6085-6298:person_2,focused_attention,LogisticRegression,focused_attention,yes
Pyb0z_YQjjI_7632-7685:person_2,focused_attention,LogisticRegression,focused_attention,yes
UUwGLDeYN8c_266-474:person_1,focused_attention,LogisticRegression,mixed_attention,no
aWV7UUMddCU_6517-7514:person_1,mixed_attention,LogisticRegression,focused_attention,no
dUYIh1U2z-8_3300-3427:person_1,occluded_attention,LogisticRegression,focused_attention,no
dUYIh1U2z-8_3300-3427:person_2,focused_attention,LogisticRegression,focused_attention,yes
dUYIh1U2z-8_4007-4220:person_1,focused_attention,LogisticRegression,focused_attention,yes
dUYIh1U2z-8_4007-4220:person_3,focused_attention,LogisticRegression,focused_attention,yes
f6wqlpG9rd0_9704-9949:person_1,mixed_attention,LogisticRegression,focused_attention,no
fvJbRuIu4-0_1308-1370:person_2,focused_attention,LogisticRegression,focused_attention,yes
ivX3JXIV1W4_1-1920:person_2,focused_attention,LogisticRegression,focused_attention,yes
odFKscFdEas_14127-14292:person_2,mixed_attention,LogisticRegression,focused_attention,no
whHPATlDw8M_5014-5313-downsampled:person_2,focused_attention,LogisticRegression,focused_attention,yes
zmZpa1p5zaE_1028-1129:person_1,focused_attention,LogisticRegression,focused_attention,yes
zmZpa1p5zaE_1028-1129:person_2,mixed_attention,LogisticRegression,focused_attention,no
6mA6UAoT3M0_6165-6361:person_1,occluded_attention,LinearSVM,occluded_attention,yes
9DNwRwt5kI4_10666-10822:person_2,focused_attention,LinearSVM,focused_attention,yes
9DNwRwt5kI4_10666-10822:person_3,mixed_attention,LinearSVM,mixed_attention,yes
9DNwRwt5kI4_2442-3179:person_1,focused_attention,LinearSVM,focused_attention,yes
9DNwRwt5kI4_2442-3179:person_3,mixed_attention,LinearSVM,focused_attention,no
LHT2zVYvObg_1790-1917:person_1,focused_attention,LinearSVM,focused_attention,yes
LHT2zVYvObg_1921-2099:person_1,focused_attention,LinearSVM,focused_attention,yes
LS9Hztyrmmw_1768-1839:person_2,focused_attention,LinearSVM,focused_attention,yes
LS9Hztyrmmw_1768-1839:person_3,focused_attention,LinearSVM,mixed_attention,no
Lva4fn4_q88_1270-1473:person_2,focused_attention,LinearSVM,focused_attention,yes
Lva4fn4_q88_1270-1473:person_3,focused_attention,LinearSVM,mixed_attention,no
Lva4fn4_q88_4391-4523:person_3,mixed_attention,LinearSVM,focused_attention,no
Lva4fn4_q88_4691-4775:person_2,focused_attention,LinearSVM,focused_attention,yes
Lva4fn4_q88_4691-4775:person_3,focused_attention,LinearSVM,focused_attention,yes
Lva4fn4_q88_5291-5420:person_2,focused_attention,LinearSVM,focused_attention,yes
ND7pXuhs3VM_1800-1925:person_2,mixed_attention,LinearSVM,mixed_attention,yes
NIk1-ck4c6Q_13651-13719:person_3,mixed_attention,LinearSVM,mixed_attention,yes
N_9vfhsDz8w_5785-5911:person_2,focused_attention,LinearSVM,focused_attention,yes
N_9vfhsDz8w_6085-6298:person_3,focused_attention,LinearSVM,focused_attention,yes
Pyb0z_YQjjI_7332-7429:person_2,exploratory_attention,LinearSVM,mixed_attention,no
Pyb0z_YQjjI_7332-7429:person_3,focused_attention,LinearSVM,focused_attention,yes
Pyb0z_YQjjI_7632-7685:person_3,focused_attention,LinearSVM,mixed_attention,no
WpbXt04qWEk_1166-1611:person_1,focused_attention,LinearSVM,mixed_attention,no
WpbXt04qWEk_924-1135:person_1,focused_attention,LinearSVM,focused_attention,yes
aWV7UUMddCU_5934-6205:person_2,mixed_attention,LinearSVM,mixed_attention,yes
dUYIh1U2z-8_4007-4220:person_2,focused_attention,LinearSVM,focused_attention,yes
f6wqlpG9rd0_1402-1688:person_1,focused_attention,LinearSVM,focused_attention,yes
f6wqlpG9rd0_203-262:person_1,focused_attention,LinearSVM,focused_attention,yes
f6wqlpG9rd0_9404-9541:person_1,mixed_attention,LinearSVM,occluded_attention,no
fvJbRuIu4-0_1308-1370:person_1,focused_attention,LinearSVM,focused_attention,yes
fvJbRuIu4-0_1907-2018:person_1,mixed_attention,LinearSVM,focused_attention,no
fvJbRuIu4-0_1907-2018:person_2,focused_attention,LinearSVM,focused_attention,yes
ivX3JXIV1W4_1-1920:person_1,focused_attention,LinearSVM,mixed_attention,no
odFKscFdEas_15822-16030:person_2,mixed_attention,LinearSVM,focused_attention,no
whHPATlDw8M_33039-33248-downsampled:person_1,focused_attention,LinearSVM,focused_attention,yes
1Ab4vLMMAbY_2354-2439:person_1,focused_attention,LinearSVM,focused_attention,yes
1Ab4vLMMAbY_412-554:person_1,focused_attention,LinearSVM,mixed_attention,no
1Ab4vLMMAbY_557-690:person_1,focused_attention,LinearSVM,focused_attention,yes
31lG75MDwSA_2857-2928:person_1,focused_attention,LinearSVM,focused_attention,yes
31lG75MDwSA_3180-3306:person_1,focused_attention,LinearSVM,focused_attention,yes
31lG75MDwSA_4686-4764:person_2,mixed_attention,LinearSVM,mixed_attention,yes
6mA6UAoT3M0_6165-6361:person_3,focused_attention,LinearSVM,focused_attention,yes
9DNwRwt5kI4_14988-15270:person_2,occluded_attention,LinearSVM,mixed_attention,no
9DNwRwt5kI4_14988-15270:person_3,mixed_attention,LinearSVM,focused_attention,no
LHT2zVYvObg_1790-1917:person_2,focused_attention,LinearSVM,focused_attention,yes
LS9Hztyrmmw_2667-2845:person_2,focused_attention,LinearSVM,focused_attention,yes
LS9Hztyrmmw_2667-2845:person_3,focused_attention,LinearSVM,focused_attention,yes
Lva4fn4_q88_4391-4523:person_2,focused_attention,LinearSVM,focused_attention,yes
Lva4fn4_q88_5291-5420:person_3,focused_attention,LinearSVM,focused_attention,yes
ND7pXuhs3VM_3066-3159:person_1,mixed_attention,LinearSVM,mixed_attention,yes
NIk1-ck4c6Q_13651-13719:person_2,mixed_attention,LinearSVM,focused_attention,no
NIk1-ck4c6Q_22766-22806:person_2,focused_attention,LinearSVM,focused_attention,yes
NIk1-ck4c6Q_22766-22806:person_3,focused_attention,LinearSVM,focused_attention,yes
N_9vfhsDz8w_5785-5911:person_3,focused_attention,LinearSVM,focused_attention,yes
N_9vfhsDz8w_6085-6298:person_2,focused_attention,LinearSVM,focused_attention,yes
Pyb0z_YQjjI_7632-7685:person_2,focused_attention,LinearSVM,focused_attention,yes
UUwGLDeYN8c_266-474:person_1,focused_attention,LinearSVM,focused_attention,yes
aWV7UUMddCU_6517-7514:person_1,mixed_attention,LinearSVM,mixed_attention,yes
dUYIh1U2z-8_3300-3427:person_1,occluded_attention,LinearSVM,focused_attention,no
dUYIh1U2z-8_3300-3427:person_2,focused_attention,LinearSVM,focused_attention,yes
dUYIh1U2z-8_4007-4220:person_1,focused_attention,LinearSVM,focused_attention,yes
dUYIh1U2z-8_4007-4220:person_3,focused_attention,LinearSVM,focused_attention,yes
f6wqlpG9rd0_9704-9949:person_1,mixed_attention,LinearSVM,focused_attention,no
fvJbRuIu4-0_1308-1370:person_2,focused_attention,LinearSVM,focused_attention,yes
ivX3JXIV1W4_1-1920:person_2,focused_attention,LinearSVM,mixed_attention,no
odFKscFdEas_14127-14292:person_2,mixed_attention,LinearSVM,focused_attention,no
whHPATlDw8M_5014-5313-downsampled:person_2,focused_attention,LinearSVM,focused_attention,yes
zmZpa1p5zaE_1028-1129:person_1,focused_attention,LinearSVM,focused_attention,yes
zmZpa1p5zaE_1028-1129:person_2,mixed_attention,LinearSVM,focused_attention,no
6mA6UAoT3M0_6165-6361:person_1,occluded_attention,RandomForest,mixed_attention,no
9DNwRwt5kI4_10666-10822:person_2,focused_attention,RandomForest,focused_attention,yes
9DNwRwt5kI4_10666-10822:person_3,mixed_attention,RandomForest,mixed_attention,yes
9DNwRwt5kI4_2442-3179:person_1,focused_attention,RandomForest,focused_attention,yes
9DNwRwt5kI4_2442-3179:person_3,mixed_attention,RandomForest,mixed_attention,yes
LHT2zVYvObg_1790-1917:person_1,focused_attention,RandomForest,focused_attention,yes
LHT2zVYvObg_1921-2099:person_1,focused_attention,RandomForest,mixed_attention,no
LS9Hztyrmmw_1768-1839:person_2,focused_attention,RandomForest,focused_attention,yes
LS9Hztyrmmw_1768-1839:person_3,focused_attention,RandomForest,mixed_attention,no
Lva4fn4_q88_1270-1473:person_2,focused_attention,RandomForest,focused_attention,yes
Lva4fn4_q88_1270-1473:person_3,focused_attention,RandomForest,mixed_attention,no
Lva4fn4_q88_4391-4523:person_3,mixed_attention,RandomForest,focused_attention,no
Lva4fn4_q88_4691-4775:person_2,focused_attention,RandomForest,focused_attention,yes
Lva4fn4_q88_4691-4775:person_3,focused_attention,RandomForest,focused_attention,yes
Lva4fn4_q88_5291-5420:person_2,focused_attention,RandomForest,focused_attention,yes
ND7pXuhs3VM_1800-1925:person_2,mixed_attention,RandomForest,mixed_attention,yes
NIk1-ck4c6Q_13651-13719:person_3,mixed_attention,RandomForest,mixed_attention,yes
N_9vfhsDz8w_5785-5911:person_2,focused_attention,RandomForest,focused_attention,yes
N_9vfhsDz8w_6085-6298:person_3,focused_attention,RandomForest,focused_attention,yes
Pyb0z_YQjjI_7332-7429:person_2,exploratory_attention,RandomForest,mixed_attention,no
Pyb0z_YQjjI_7332-7429:person_3,focused_attention,RandomForest,focused_attention,yes
Pyb0z_YQjjI_7632-7685:person_3,focused_attention,RandomForest,focused_attention,yes
WpbXt04qWEk_1166-1611:person_1,focused_attention,RandomForest,mixed_attention,no
WpbXt04qWEk_924-1135:person_1,focused_attention,RandomForest,focused_attention,yes
aWV7UUMddCU_5934-6205:person_2,mixed_attention,RandomForest,mixed_attention,yes
dUYIh1U2z-8_4007-4220:person_2,focused_attention,RandomForest,focused_attention,yes
f6wqlpG9rd0_1402-1688:person_1,focused_attention,RandomForest,focused_attention,yes
f6wqlpG9rd0_203-262:person_1,focused_attention,RandomForest,focused_attention,yes
f6wqlpG9rd0_9404-9541:person_1,mixed_attention,RandomForest,focused_attention,no
fvJbRuIu4-0_1308-1370:person_1,focused_attention,RandomForest,focused_attention,yes
fvJbRuIu4-0_1907-2018:person_1,mixed_attention,RandomForest,focused_attention,no
fvJbRuIu4-0_1907-2018:person_2,focused_attention,RandomForest,focused_attention,yes
ivX3JXIV1W4_1-1920:person_1,focused_attention,RandomForest,mixed_attention,no
odFKscFdEas_15822-16030:person_2,mixed_attention,RandomForest,focused_attention,no
whHPATlDw8M_33039-33248-downsampled:person_1,focused_attention,RandomForest,focused_attention,yes
1Ab4vLMMAbY_2354-2439:person_1,focused_attention,RandomForest,focused_attention,yes
1Ab4vLMMAbY_412-554:person_1,focused_attention,RandomForest,focused_attention,yes
1Ab4vLMMAbY_557-690:person_1,focused_attention,RandomForest,focused_attention,yes
31lG75MDwSA_2857-2928:person_1,focused_attention,RandomForest,focused_attention,yes
31lG75MDwSA_3180-3306:person_1,focused_attention,RandomForest,focused_attention,yes
31lG75MDwSA_4686-4764:person_2,mixed_attention,RandomForest,mixed_attention,yes
6mA6UAoT3M0_6165-6361:person_3,focused_attention,RandomForest,focused_attention,yes
9DNwRwt5kI4_14988-15270:person_2,occluded_attention,RandomForest,mixed_attention,no
9DNwRwt5kI4_14988-15270:person_3,mixed_attention,RandomForest,mixed_attention,yes
LHT2zVYvObg_1790-1917:person_2,focused_attention,RandomForest,focused_attention,yes
LS9Hztyrmmw_2667-2845:person_2,focused_attention,RandomForest,focused_attention,yes
LS9Hztyrmmw_2667-2845:person_3,focused_attention,RandomForest,focused_attention,yes
Lva4fn4_q88_4391-4523:person_2,focused_attention,RandomForest,focused_attention,yes
Lva4fn4_q88_5291-5420:person_3,focused_attention,RandomForest,focused_attention,yes
ND7pXuhs3VM_3066-3159:person_1,mixed_attention,RandomForest,focused_attention,no
NIk1-ck4c6Q_13651-13719:person_2,mixed_attention,RandomForest,focused_attention,no
NIk1-ck4c6Q_22766-22806:person_2,focused_attention,RandomForest,focused_attention,yes
NIk1-ck4c6Q_22766-22806:person_3,focused_attention,RandomForest,focused_attention,yes
N_9vfhsDz8w_5785-5911:person_3,focused_attention,RandomForest,focused_attention,yes
N_9vfhsDz8w_6085-6298:person_2,focused_attention,RandomForest,focused_attention,yes
Pyb0z_YQjjI_7632-7685:person_2,focused_attention,RandomForest,focused_attention,yes
UUwGLDeYN8c_266-474:person_1,focused_attention,RandomForest,focused_attention,yes
aWV7UUMddCU_6517-7514:person_1,mixed_attention,RandomForest,focused_attention,no
dUYIh1U2z-8_3300-3427:person_1,occluded_attention,RandomForest,focused_attention,no
dUYIh1U2z-8_3300-3427:person_2,focused_attention,RandomForest,focused_attention,yes
dUYIh1U2z-8_4007-4220:person_1,focused_attention,RandomForest,focused_attention,yes
dUYIh1U2z-8_4007-4220:person_3,focused_attention,RandomForest,focused_attention,yes
f6wqlpG9rd0_9704-9949:person_1,mixed_attention,RandomForest,mixed_attention,yes
fvJbRuIu4-0_1308-1370:person_2,focused_attention,RandomForest,focused_attention,yes
ivX3JXIV1W4_1-1920:person_2,focused_attention,RandomForest,focused_attention,yes
odFKscFdEas_14127-14292:person_2,mixed_attention,RandomForest,mixed_attention,yes
whHPATlDw8M_5014-5313-downsampled:person_2,focused_attention,RandomForest,focused_attention,yes
zmZpa1p5zaE_1028-1129:person_1,focused_attention,RandomForest,focused_attention,yes
zmZpa1p5zaE_1028-1129:person_2,mixed_attention,RandomForest,mixed_attention,yes
