child_id,classifier,predicted_label,confidence
1Ab4vLMMAbY_2354-2439:person_1,LogisticRegression,focused_attention,0.9861
1Ab4vLMMAbY_412-554:person_1,LogisticRegression,focused_attention,0.8594
1Ab4vLMMAbY_557-690:person_1,LogisticRegression,focused_attention,0.9788
31lG75MDwSA_2857-2928:person_1,LogisticRegression,focused_attention,0.9440
31lG75MDwSA_3180-3306:person_1,LogisticRegression,focused_attention,0.9345
31lG75MDwSA_4686-4764:person_2,LogisticRegression,mixed_attention,0.9237
6mA6UAoT3M0_6165-6361:person_1,LogisticRegression,mixed_attention,0.7703
6mA6UAoT3M0_6165-6361:person_3,LogisticRegression,focused_attention,0.9834
9DNwRwt5kI4_10666-10822:person_2,LogisticRegression,focused_attention,0.9343
9DNwRwt5kI4_10666-10822:person_3,LogisticRegression,mixed_attention,0.9967
9DNwRwt5kI4_14988-15270:person_2,LogisticRegression,mixed_attention,0.9934
9DNwRwt5kI4_14988-15270:person_3,LogisticRegression,mixed_attention,0.9052
9DNwRwt5kI4_2442-3179:person_1,LogisticRegression,focused_attention,0.8451
9DNwRwt5kI4_2442-3179:person_3,LogisticRegression,mixed_attention,0.9219
LHT2zVYvObg_1790-1917:person_1,LogisticRegression,focused_attention,0.9678
LHT2zVYvObg_1790-1917:person_2,LogisticRegression,mixed_attention,0.8360
LHT2zVYvObg_1921-2099:person_1,LogisticRegression,focused_attention,0.7854
LS9Hztyrmmw_1768-1839:person_2,LogisticRegression,focused_attention,0.7353
LS9Hztyrmmw_1768-1839:person_3,LogisticRegression,mixed_attention,0.9976
LS9Hztyrmmw_2667-2845:person_2,LogisticRegression,focused_attention,0.9932
LS9Hztyrmmw_2667-2845:person_3,LogisticRegression,focused_attention,0.8454
Lva4fn4_q88_1270-1473:person_2,LogisticRegression,focused_attention,0.9125
Lva4fn4_q88_1270-1473:person_3,LogisticRegression,mixed_attention,1.0000
Lva4fn4_q88_4391-4523:person_2,LogisticRegression,focused_attention,0.9613
Lva4fn4_q88_4391-4523:person_3,LogisticRegression,focused_attention,0.9737
Lva4fn4_q88_4691-4775:person_2,LogisticRegression,focused_attention,0.9409
Lva4fn4_q88_4691-4775:person_3,LogisticRegression,focused_attention,0.7184
Lva4fn4_q88_5291-5420:person_2,LogisticRegression,focused_attention,0.9679
Lva4fn4_q88_5291-5420:person_3,LogisticRegression,focused_attention,0.9061
ND7pXuhs3VM_1800-1925:person_2,LogisticRegression,mixed_attention,0.8600
ND7pXuhs3VM_3066-3159:person_1,LogisticRegression,mixed_attention,0.9987
NIk1-ck4c6Q_13651-13719:person_2,LogisticRegression,mixed_attention,0.7905
NIk1-ck4c6Q_13651-13719:person_3,LogisticRegression,mixed_attention,0.9818
NIk1-ck4c6Q_22766-22806:person_2,LogisticRegression,focused_attention,0.9754
NIk1-ck4c6Q_22766-22806:person_3,LogisticRegression,focused_attention,0.9022
N_9vfhsDz8w_5785-5911:person_2,LogisticRegression,focused_attention,0.9812
N_9vfhsDz8w_5785-5911:person_3,LogisticRegression,focused_attention,0.9792
N_9vfhsDz8w_6085-6298:person_2,LogisticRegression,focused_attention,0.9461
N_9vfhsDz8w_6085-6298:person_3,LogisticRegression,focused_attention,0.9833
Pyb0z_YQjjI_7332-7429:person_2,LogisticRegression,exploratory_attention,0.7387
Pyb0z_YQjjI_7332-7429:person_3,LogisticRegression,focused_attention,0.9434
Pyb0z_YQjjI_7632-7685:person_2,LogisticRegression,focused_attention,0.5612
Pyb0z_YQjjI_7632-7685:person_3,LogisticRegression,focused_attention,0.9656
UUwGLDeYN8c_266-474:person_1,LogisticRegression,focused_attention,0.7089
WpbXt04qWEk_1166-1611:person_1,LogisticRegression,focused_attention,0.5850
WpbXt04qWEk_924-1135:person_1,LogisticRegression,focused_attention,0.9854
aWV7UUMddCU_5934-6205:person_2,LogisticRegression,focused_attention,0.8473
aWV7UUMddCU_6517-7514:person_1,LogisticRegression,focused_attention,0.8671
dUYIh1U2z-8_3300-3427:person_1,LogisticRegression,focused_attention,0.9534
dUYIh1U2z-8_3300-3427:person_2,LogisticRegression,focused_attention,0.9834
dUYIh1U2z-8_4007-4220:person_1,LogisticRegression,focused_attention,0.7686
dUYIh1U2z-8_4007-4220:person_2,LogisticRegression,focused_attention,0.9832
dUYIh1U2z-8_4007-4220:person_3,LogisticRegression,focused_attention,0.9817
f6wqlpG9rd0_1402-1688:person_1,LogisticRegression,focused_attention,0.9811
f6wqlpG9rd0_203-262:person_1,LogisticRegression,focused_attention,0.9820
f6wqlpG9rd0_9404-9541:person_1,LogisticRegression,mixed_attention,0.8792
f6wqlpG9rd0_9704-9949:person_1,LogisticRegression,mixed_attention,0.7735
fvJbRuIu4-0_1308-1370:person_1,LogisticRegression,focused_attention,0.8164
fvJbRuIu4-0_1308-1370:person_2,LogisticRegression,focused_attention,0.8476
fvJbRuIu4-0_1907-2018:person_1,LogisticRegression,mixed_attention,0.9478
fvJbRuIu4-0_1907-2018:person_2,LogisticRegression,focused_attention,0.9717
ivX3JXIV1W4_1-1920:person_1,LogisticRegression,focused_attention,0.7489
ivX3JXIV1W4_1-1920:person_2,LogisticRegression,focused_attention,0.9831
odFKscFdEas_14127-14292:person_2,LogisticRegression,mixed_attention,0.9755
odFKscFdEas_15822-16030:person_2,LogisticRegression,focused_attention,0.4796
whHPATlDw8M_33039-33248-downsampled:person_1,LogisticRegression,focused_attention,0.9820
whHPATlDw8M_5014-5313-downsampled:person_2,LogisticRegression,focused_attention,0.7881
zmZpa1p5zaE_1028-1129:person_1,LogisticRegression,focused_attention,0.9808
zmZpa1p5zaE_1028-1129:person_2,LogisticRegression,mixed_attention,0.8082
1Ab4vLMMAbY_2354-2439:person_1,LinearSVM,focused_attention,
1Ab4vLMMAbY_412-554:person_1,LinearSVM,focused_attention,
1Ab4vLMMAbY_557-690:person_1,LinearSVM,focused_attention,
31lG75MDwSA_2857-2928:person_1,LinearSVM,focused_attention,
31lG75MDwSA_3180-3306:person_1,LinearSVM,focused_attention,
31lG75MDwSA_4686-4764:person_2,LinearSVM,mixed_attention,
6mA6UAoT3M0_6165-6361:person_1,LinearSVM,mixed_attention,
6mA6UAoT3M0_6165-6361:person_3,LinearSVM,focused_attention,
9DNwRwt5kI4_10666-10822:person_2,LinearSVM,focused_attention,
9DNwRwt5kI4_10666-10822:person_3,LinearSVM,mixed_attention,
9DNwRwt5kI4_14988-15270:person_2,LinearSVM,mixed_attention,
9DNwRwt5kI4_14988-15270:person_3,LinearSVM,mixed_attention,
9DNwRwt5kI4_2442-3179:person_1,LinearSVM,focused_attention,
9DNwRwt5kI4_2442-3179:person_3,LinearSVM,mixed_attention,
LHT2zVYvObg_1790-1917:person_1,LinearSVM,focused_attention,
LHT2zVYvObg_1790-1917:person_2,LinearSVM,mixed_attention,
LHT2zVYvObg_1921-2099:person_1,LinearSVM,focused_attention,
LS9Hztyrmmw_1768-1839:person_2,LinearSVM,focused_attention,
LS9Hztyrmmw_1768-1839:person_3,LinearSVM,mixed_attention,
LS9Hztyrmmw_2667-2845:person_2,LinearSVM,focused_attention,
LS9Hztyrmmw_2667-2845:person_3,LinearSVM,focused_attention,
Lva4fn4_q88_1270-1473:person_2,LinearSVM,focused_attention,
Lva4fn4_q88_1270-1473:person_3,LinearSVM,mixed_attention,
Lva4fn4_q88_4391-4523:person_2,LinearSVM,focused_attention,
Lva4fn4_q88_4391-4523:person_3,LinearSVM,focused_attention,
Lva4fn4_q88_4691-4775:person_2,LinearSVM,focused_attention,
Lva4fn4_q88_4691-4775:person_3,LinearSVM,focused_attention,
Lva4fn4_q88_5291-5420:person_2,LinearSVM,focused_attention,
Lva4fn4_q88_5291-5420:person_3,LinearSVM,focused_attention,
ND7pXuhs3VM_1800-1925:person_2,LinearSVM,mixed_attention,
ND7pXuhs3VM_3066-3159:person_1,LinearSVM,mixed_attention,
NIk1-ck4c6Q_13651-13719:person_2,LinearSVM,mixed_attention,
NIk1-ck4c6Q_13651-13719:person_3,LinearSVM,mixed_attention,
NIk1-ck4c6Q_22766-22806:person_2,LinearSVM,focused_attention,
NIk1-ck4c6Q_22766-22806:person_3,LinearSVM,focused_attention,
N_9vfhsDz8w_5785-5911:person_2,LinearSVM,focused_attention,
N_9vfhsDz8w_5785-5911:person_3,LinearSVM,focused_attention,
N_9vfhsDz8w_6085-6298:person_2,LinearSVM,focused_attention,
N_9vfhsDz8w_6085-6298:person_3,LinearSVM,focused_attention,
Pyb0z_YQjjI_7332-7429:person_2,LinearSVM,exploratory_attention,
Pyb0z_YQjjI_7332-7429:person_3,LinearSVM,focused_attention,
Pyb0z_YQjjI_7632-7685:person_2,LinearSVM,focused_attention,
Pyb0z_YQjjI_7632-7685:person_3,LinearSVM,focused_attention,
UUwGLDeYN8c_266-474:person_1,LinearSVM,focused_attention,
WpbXt04qWEk_1166-1611:person_1,LinearSVM,focused_attention,
WpbXt04qWEk_924-1135:person_1,LinearSVM,focused_attention,
aWV7UUMddCU_5934-6205:person_2,LinearSVM,focused_attention,
aWV7UUMddCU_6517-7514:person_1,LinearSVM,focused_attention,
dUYIh1U2z-8_3300-3427:person_1,LinearSVM,focused_attention,
dUYIh1U2z-8_3300-3427:person_2,LinearSVM,focused_attention,
dUYIh1U2z-8_4007-4220:person_1,LinearSVM,focused_attention,
dUYIh1U2z-8_4007-4220:person_2,LinearSVM,focused_attention,
dUYIh1U2z-8_4007-4220:person_3,LinearSVM,focused_attention,
f6wqlpG9rd0_1402-1688:person_1,LinearSVM,focused_attention,
f6wqlpG9rd0_203-262:person_1,LinearSVM,focused_attention,
f6wqlpG9rd0_9404-9541:person_1,LinearSVM,mixed_attention,
f6wqlpG9rd0_9704-9949:person_1,LinearSVM,mixed_attention,
fvJbRuIu4-0_1308-1370:person_1,LinearSVM,focused_attention,
fvJbRuIu4-0_1308-1370:person_2,LinearSVM,focused_attention,
fvJbRuIu4-0_1907-2018:person_1,LinearSVM,mixed_attention,
fvJbRuIu4-0_1907-2018:person_2,LinearSVM,focused_attention,
ivX3JXIV1W4_1-1920:person_1,LinearSVM,focused_attention,
ivX3JXIV1W4_1-1920:person_2,LinearSVM,focused_attention,
odFKscFdEas_14127-14292:person_2,LinearSVM,mixed_attention,
odFKscFdEas_15822-16030:person_2,LinearSVM,mixed_attention,
whHPATlDw8M_33039-33248-downsampled:person_1,LinearSVM,focused_attention,
whHPATlDw8M_5014-5313-downsampled:person_2,LinearSVM,focused_attention,
zmZpa1p5zaE_1028-1129:person_1,LinearSVM,focused_attention,
zmZpa1p5zaE_1028-1129:person_2,LinearSVM,mixed_attention,
1Ab4vLMMAbY_2354-2439:person_1,RandomForest,focused_attention,0.9250
1Ab4vLMMAbY_412-554:person_1,RandomForest,focused_attention,0.9300
1Ab4vLMMAbY_557-690:person_1,RandomForest,focused_attention,0.9200
31lG75MDwSA_2857-2928:person_1,RandomForest,focused_attention,0.9400
31lG75MDwSA_3180-3306:person_1,RandomForest,focused_attention,0.9750
31lG75MDwSA_4686-4764:person_2,RandomForest,mixed_attention,0.8600
6mA6UAoT3M0_6165-6361:person_1,RandomForest,mixed_attention,0.9000
6mA6UAoT3M0_6165-6361:person_3,RandomForest,focused_attention,0.9950
9DNwRwt5kI4_10666-10822:person_2,RandomForest,focused_attention,0.9950
9DNwRwt5kI4_10666-10822:person_3,RandomForest,mixed_attention,0.9750
9DNwRwt5kI4_14988-15270:person_2,RandomForest,mixed_attention,0.9450
9DNwRwt5kI4_14988-15270:person_3,RandomForest,mixed_attention,0.8500
9DNwRwt5kI4_2442-3179:person_1,RandomForest,focused_attention,0.8700
9DNwRwt5kI4_2442-3179:person_3,RandomForest,mixed_attention,0.9000
LHT2zVYvObg_1790-1917:person_1,RandomForest,focused_attention,0.9500
LHT2zVYvObg_1790-1917:person_2,RandomForest,mixed_attention,0.8150
LHT2zVYvObg_1921-2099:person_1,RandomForest,focused_attention,0.7850
LS9Hztyrmmw_1768-1839:person_2,RandomForest,focused_attention,0.8700
LS9Hztyrmmw_1768-1839:person_3,RandomForest,mixed_attention,0.9650
LS9Hztyrmmw_2667-2845:person_2,RandomForest,focused_attention,0.9650
LS9Hztyrmmw_2667-2845:person_3,RandomForest,focused_attention,0.9550
Lva4fn4_q88_1270-1473:person_2,RandomForest,focused_attention,0.9800
Lva4fn4_q88_1270-1473:person_3,RandomForest,mixed_attention,0.9400
Lva4fn4_q88_4391-4523:person_2,RandomForest,focused_attention,0.9950
Lva4fn4_q88_4391-4523:person_3,RandomForest,focused_attention,1.0000
Lva4fn4_q88_4691-4775:person_2,RandomForest,focused_attention,0.9850
Lva4fn4_q88_4691-4775:person_3,RandomForest,exploratory_attention,0.6100
Lva4fn4_q88_5291-5420:person_2,RandomForest,focused_attention,0.9800
Lva4fn4_q88_5291-5420:person_3,RandomForest,focused_attention,0.9900
ND7pXuhs3VM_1800-1925:person_2,RandomForest,mixed_attention,0.9550
ND7pXuhs3VM_3066-3159:person_1,RandomForest,mixed_attention,0.8600
NIk1-ck4c6Q_13651-13719:person_2,RandomForest,mixed_attention,0.7750
NIk1-ck4c6Q_13651-13719:person_3,RandomForest,mixed_attention,0.8950
NIk1-ck4c6Q_22766-22806:person_2,RandomForest,focused_attention,0.9850
NIk1-ck4c6Q_22766-22806:person_3,RandomForest,focused_attention,0.9400
N_9vfhsDz8w_5785-5911:person_2,RandomForest,focused_attention,0.9800
N_9vfhsDz8w_5785-5911:person_3,RandomForest,focused_attention,0.9900
N_9vfhsDz8w_6085-6298:person_2,RandomForest,focused_attention,0.9400
N_9vfhsDz8w_6085-6298:person_3,RandomForest,focused_attention,0.9950
Pyb0z_YQjjI_7332-7429:person_2,RandomForest,exploratory_attention,0.6800
Pyb0z_YQjjI_7332-7429:person_3,RandomForest,focused_attention,0.9750
Pyb0z_YQjjI_7632-7685:person_2,RandomForest,focused_attention,0.9200
Pyb0z_YQjjI_7632-7685:person_3,RandomForest,focused_attention,0.9150
UUwGLDeYN8c_266-474:person_1,RandomForest,focused_attention,0.8550
WpbXt04qWEk_1166-1611:person_1,RandomForest,focused_attention,0.7250
WpbXt04qWEk_924-1135:person_1,RandomForest,focused_attention,1.0000
aWV7UUMddCU_5934-6205:person_2,RandomForest,focused_attention,0.7350
aWV7UUMddCU_6517-7514:person_1,RandomForest,mixed_attention,0.6800
dUYIh1U2z-8_3300-3427:person_1,RandomForest,occluded_attention,0.6050
dUYIh1U2z-8_3300-3427:person_2,RandomForest,focused_attention,0.9350
dUYIh1U2z-8_4007-4220:person_1,RandomForest,focused_attention,0.9250
dUYIh1U2z-8_4007-4220:person_2,RandomForest,focused_attention,1.0000
dUYIh1U2z-8_4007-4220:person_3,RandomForest,focused_attention,0.9950
f6wqlpG9rd0_1402-1688:person_1,RandomForest,focused_attention,0.9650
f6wqlpG9rd0_203-262:person_1,RandomForest,focused_attention,0.9850
f6wqlpG9rd0_9404-9541:person_1,RandomForest,mixed_attention,0.8650
f6wqlpG9rd0_9704-9949:person_1,RandomForest,mixed_attention,0.8450
fvJbRuIu4-0_1308-1370:person_1,RandomForest,focused_attention,0.9450
fvJbRuIu4-0_1308-1370:person_2,RandomForest,focused_attention,0.9950
fvJbRuIu4-0_1907-2018:person_1,RandomForest,mixed_attention,0.8850
fvJbRuIu4-0_1907-2018:person_2,RandomForest,focused_attention,0.9950
ivX3JXIV1W4_1-1920:person_1,RandomForest,focused_attention,0.7500
ivX3JXIV1W4_1-1920:person_2,RandomForest,focused_attention,0.9600
odFKscFdEas_14127-14292:person_2,RandomForest,mixed_attention,0.9600
odFKscFdEas_15822-16030:person_2,RandomForest,mixed_attention,0.7600
whHPATlDw8M_33039-33248-downsampled:person_1,RandomForest,focused_attention,1.0000
whHPATlDw8M_5014-5313-downsampled:person_2,RandomForest,focused_attention,0.8700
zmZpa1p5zaE_1028-1129:person_1,RandomForest,focused_attention,0.9800
zmZpa1p5zaE_1028-1129:person_2,RandomForest,mixed_attention,0.8150
