child_id,clip_id,split,feature_summary,final_label,predictions_json,confidences_json
1Ab4vLMMAbY_2354-2439:person_1,1Ab4vLMMAbY_2354-2439,test,visible_ratio=0.919; gaze_shift_ratio=0.047; occlusion_ratio=0.000; eyes_closed_ratio=0.000; mean_gaze_motion=19.52; attention_stability_score=0.822; dominant_gaze_class=inside_visible; observed_frames=86,focused_attention,"{""rule-based"": ""focused_attention"", ""zero-shot:facebook/bart-large-mnli"": ""reduced_visual_availability"", ""zero-shot:typeform/distilbert-base-uncased-mnli"": ""reduced_visual_availability""}","{""rule-based"": 0.84, ""zero-shot:facebook/bart-large-mnli"": 0.40938112139701843, ""zero-shot:typeform/distilbert-base-uncased-mnli"": 0.48437532782554626}"
1Ab4vLMMAbY_412-554:person_1,1Ab4vLMMAbY_412-554,test,visible_ratio=0.783; gaze_shift_ratio=0.028; occlusion_ratio=0.189; eyes_closed_ratio=0.000; mean_gaze_motion=26.93; attention_stability_score=0.741; dominant_gaze_class=inside_visible; observed_frames=143,focused_attention,"{""rule-based"": ""focused_attention"", ""zero-shot:facebook/bart-large-mnli"": ""reduced_visual_availability"", ""zero-shot:typeform/distilbert-base-uncased-mnli"": ""exploratory_attention""}","{""rule-based"": 0.84, ""zero-shot:facebook/bart-large-mnli"": 0.3835490047931671, ""zero-shot:typeform/distilbert-base-uncased-mnli"": 0.27901649475097656}"
1Ab4vLMMAbY_557-690:person_1,1Ab4vLMMAbY_557-690,test,visible_ratio=1.000; gaze_shift_ratio=0.000; occlusion_ratio=0.000; eyes_closed_ratio=0.000; mean_gaze_motion=26.65; attention_stability_score=0.987; dominant_gaze_class=inside_visible; observed_frames=134,focused_attention,"{""rule-based"": ""focused_attention"", ""zero-shot:facebook/bart-large-mnli"": ""exploratory_attention"", ""zero-shot:typeform/distilbert-base-uncased-mnli"": ""exploratory_attention""}","{""rule-based"": 0.84, ""zero-shot:facebook/bart-large-mnli"": 0.4319308400154114, ""zero-shot:typeform/distilbert-base-uncased-mnli"": 0.499067097902298}"
31lG75MDwSA_2857-2928:person_1,31lG75MDwSA_2857-2928,test,visible_ratio=1.000; gaze_shift_ratio=0.000; occlusion_ratio=0.000; eyes_closed_ratio=0.000; mean_gaze_motion=26.70; attention_stability_score=0.987; dominant_gaze_class=inside_visible; observed_frames=72,focused_attention,"{""rule-based"": ""focused_attention"", ""zero-shot:facebook/bart-large-mnli"": ""reduced_visual_availability"", ""zero-shot:typeform/distilbert-base-uncased-mnli"": ""exploratory_attention""}","{""rule-based"": 0.84, ""zero-shot:facebook/bart-large-mnli"": 0.3347887098789215, ""zero-shot:typeform/distilbert-base-uncased-mnli"": 0.3768729865550995}"
31lG75MDwSA_3180-3306:person_1,31lG75MDwSA_3180-3306,test,visible_ratio=0.976; gaze_shift_ratio=0.024; occlusion_ratio=0.000; eyes_closed_ratio=0.000; mean_gaze_motion=15.54; attention_stability_score=0.854; dominant_gaze_class=inside_visible; observed_frames=127,focused_attention,"{""rule-based"": ""focused_attention"", ""zero-shot:facebook/bart-large-mnli"": ""mixed_attention"", ""zero-shot:typeform/distilbert-base-uncased-mnli"": ""exploratory_attention""}","{""rule-based"": 0.84, ""zero-shot:facebook/bart-large-mnli"": 0.25805148482322693, ""zero-shot:typeform/distilbert-base-uncased-mnli"": 0.32761433720588684}"
31lG75MDwSA_4686-4764:person_2,31lG75MDwSA_4686-4764,test,visible_ratio=0.671; gaze_shift_ratio=0.177; occlusion_ratio=0.152; eyes_closed_ratio=0.000; mean_gaze_motion=18.14; attention_stability_score=0.649; dominant_gaze_class=inside_visible; observed_frames=79,exploratory_attention,"{""rule-based"": ""mixed_attention"", ""zero-shot:facebook/bart-large-mnli"": ""reduced_visual_availability"", ""zero-shot:typeform/distilbert-base-uncased-mnli"": ""exploratory_attention""}","{""rule-based"": 0.68, ""zero-shot:facebook/bart-large-mnli"": 0.3064556419849396, ""zero-shot:typeform/distilbert-base-uncased-mnli"": 0.28443583846092224}"
6mA6UAoT3M0_6165-6361:person_1,6mA6UAoT3M0_6165-6361,test,visible_ratio=0.756; gaze_shift_ratio=0.127; occlusion_ratio=0.117; eyes_closed_ratio=0.000; mean_gaze_motion=18.16; attention_stability_score=0.719; dominant_gaze_class=inside_visible; observed_frames=197,exploratory_attention,"{""rule-based"": ""mixed_attention"", ""zero-shot:facebook/bart-large-mnli"": ""mixed_attention"", ""zero-shot:typeform/distilbert-base-uncased-mnli"": ""exploratory_attention""}","{""rule-based"": 0.68, ""zero-shot:facebook/bart-large-mnli"": 0.26784181594848633, ""zero-shot:typeform/distilbert-base-uncased-mnli"": 0.3711141347885132}"
6mA6UAoT3M0_6165-6361:person_3,6mA6UAoT3M0_6165-6361,test,visible_ratio=0.970; gaze_shift_ratio=0.000; occlusion_ratio=0.030; eyes_closed_ratio=0.000; mean_gaze_motion=10.28; attention_stability_score=0.974; dominant_gaze_class=inside_visible; observed_frames=197,,"{""rule-based"": ""focused_attention"", ""zero-shot:facebook/bart-large-mnli"": ""reduced_visual_availability"", ""zero-shot:typeform/distilbert-base-uncased-mnli"": ""exploratory_attention""}","{""rule-based"": 0.84, ""zero-shot:facebook/bart-large-mnli"": 0.3014395833015442, ""zero-shot:typeform/distilbert-base-uncased-mnli"": 0.30973562598228455}"
9DNwRwt5kI4_10666-10822:person_2,9DNwRwt5kI4_10666-10822,test,visible_ratio=0.943; gaze_shift_ratio=0.038; occlusion_ratio=0.019; eyes_closed_ratio=0.000; mean_gaze_motion=33.92; attention_stability_score=0.829; dominant_gaze_class=inside_visible; observed_frames=157,focused_attention,"{""rule-based"": ""focused_attention"", ""zero-shot:facebook/bart-large-mnli"": ""mixed_attention"", ""zero-shot:typeform/distilbert-base-uncased-mnli"": ""exploratory_attention""}","{""rule-based"": 0.84, ""zero-shot:facebook/bart-large-mnli"": 0.342854768037796, ""zero-shot:typeform/distilbert-base-uncased-mnli"": 0.2536982595920563}"
9DNwRwt5kI4_10666-10822:person_3,9DNwRwt5kI4_10666-10822,test,visible_ratio=0.389; gaze_shift_ratio=0.172; occlusion_ratio=0.000; eyes_closed_ratio=0.000; mean_gaze_motion=44.05; attention_stability_score=0.495; dominant_gaze_class=outside_frame; observed_frames=157,exploratory_attention,"{""rule-based"": ""mixed_attention"", ""zero-shot:facebook/bart-large-mnli"": ""reduced_visual_availability"", ""zero-shot:typeform/distilbert-base-uncased-mnli"": ""exploratory_attention""}","{""rule-based"": 0.68, ""zero-shot:facebook/bart-large-mnli"": 0.49580755829811096, ""zero-shot:typeform/distilbert-base-uncased-mnli"": 0.31567448377609253}"
9DNwRwt5kI4_14988-15270:person_2,9DNwRwt5kI4_14988-15270,test,visible_ratio=0.597; gaze_shift_ratio=0.177; occlusion_ratio=0.226; eyes_closed_ratio=0.000; mean_gaze_motion=14.16; attention_stability_score=0.585; dominant_gaze_class=inside_visible; observed_frames=283,exploratory_attention,"{""rule-based"": ""mixed_attention"", ""zero-shot:facebook/bart-large-mnli"": ""reduced_visual_availability"", ""zero-shot:typeform/distilbert-base-uncased-mnli"": ""exploratory_attention""}","{""rule-based"": 0.68, ""zero-shot:facebook/bart-large-mnli"": 0.37189510464668274, ""zero-shot:typeform/distilbert-base-uncased-mnli"": 0.2918146848678589}"
9DNwRwt5kI4_14988-15270:person_3,9DNwRwt5kI4_14988-15270,test,visible_ratio=0.760; gaze_shift_ratio=0.173; occlusion_ratio=0.067; eyes_closed_ratio=0.000; mean_gaze_motion=31.66; attention_stability_score=0.651; dominant_gaze_class=inside_visible; observed_frames=283,,"{""rule-based"": ""mixed_attention"", ""zero-shot:facebook/bart-large-mnli"": ""occluded_attention"", ""zero-shot:typeform/distilbert-base-uncased-mnli"": ""exploratory_attention""}","{""rule-based"": 0.68, ""zero-shot:facebook/bart-large-mnli"": 0.30410173535346985, ""zero-shot:typeform/distilbert-base-uncased-mnli"": 0.29672548174858093}"
9DNwRwt5kI4_2442-3179:person_1,9DNwRwt5kI4_2442-3179,test,visible_ratio=0.772; gaze_shift_ratio=0.018; occlusion_ratio=0.090; eyes_closed_ratio=0.000; mean_gaze_motion=26.81; attention_stability_score=0.700; dominant_gaze_class=inside_visible; observed_frames=487,focused_attention,"{""rule-based"": ""focused_attention"", ""zero-shot:facebook/bart-large-mnli"": ""mixed_attention"", ""zero-shot:typeform/distilbert-base-uncased-mnli"": ""exploratory_attention""}","{""rule-based"": 0.84, ""zero-shot:facebook/bart-large-mnli"": 0.30323654413223267, ""zero-shot:typeform/distilbert-base-uncased-mnli"": 0.2769180238246918}"
9DNwRwt5kI4_2442-3179:person_3,9DNwRwt5kI4_2442-3179,test,visible_ratio=0.665; gaze_shift_ratio=0.049; occlusion_ratio=0.027; eyes_closed_ratio=0.000; mean_gaze_motion=16.85; attention_stability_score=0.616; dominant_gaze_class=inside_visible; observed_frames=738,,"{""rule-based"": ""mixed_attention"", ""zero-shot:facebook/bart-large-mnli"": ""focused_attention"", ""zero-shot:typeform/distilbert-base-uncased-mnli"": ""exploratory_attention""}","{""rule-based"": 0.68, ""zero-shot:facebook/bart-large-mnli"": 0.38027098774909973, ""zero-shot:typeform/distilbert-base-uncased-mnli"": 0.3129320740699768}"
LHT2zVYvObg_1790-1917:person_1,LHT2zVYvObg_1790-1917,test,visible_ratio=0.836; gaze_shift_ratio=0.016; occlusion_ratio=0.000; eyes_closed_ratio=0.000; mean_gaze_motion=4.30; attention_stability_score=0.881; dominant_gaze_class=inside_visible; observed_frames=128,,"{""rule-based"": ""focused_attention"", ""zero-shot:facebook/bart-large-mnli"": ""exploratory_attention"", ""zero-shot:typeform/distilbert-base-uncased-mnli"": ""exploratory_attention""}","{""rule-based"": 0.84, ""zero-shot:facebook/bart-large-mnli"": 0.358112633228302, ""zero-shot:typeform/distilbert-base-uncased-mnli"": 0.33991000056266785}"
LHT2zVYvObg_1790-1917:person_2,LHT2zVYvObg_1790-1917,test,visible_ratio=0.625; gaze_shift_ratio=0.016; occlusion_ratio=0.000; eyes_closed_ratio=0.000; mean_gaze_motion=3.69; attention_stability_score=0.733; dominant_gaze_class=inside_visible; observed_frames=128,,"{""rule-based"": ""mixed_attention"", ""zero-shot:facebook/bart-large-mnli"": ""reduced_visual_availability"", ""zero-shot:typeform/distilbert-base-uncased-mnli"": ""exploratory_attention""}","{""rule-based"": 0.68, ""zero-shot:facebook/bart-large-mnli"": 0.5144302845001221, ""zero-shot:typeform/distilbert-base-uncased-mnli"": 0.35454508662223816}"
LHT2zVYvObg_1921-2099:person_1,LHT2zVYvObg_1921-2099,test,visible_ratio=0.765; gaze_shift_ratio=0.056; occlusion_ratio=0.006; eyes_closed_ratio=0.000; mean_gaze_motion=17.93; attention_stability_score=0.740; dominant_gaze_class=inside_visible; observed_frames=179,,"{""rule-based"": ""focused_attention"", ""zero-shot:facebook/bart-large-mnli"": ""focused_attention"", ""zero-shot:typeform/distilbert-base-uncased-mnli"": ""exploratory_attention""}","{""rule-based"": 0.84, ""zero-shot:facebook/bart-large-mnli"": 0.3414212763309479, ""zero-shot:typeform/distilbert-base-uncased-mnli"": 0.26805371046066284}"
LS9Hztyrmmw_1768-1839:person_2,LS9Hztyrmmw_1768-1839,test,visible_ratio=0.917; gaze_shift_ratio=0.083; occlusion_ratio=0.000; eyes_closed_ratio=0.000; mean_gaze_motion=12.12; attention_stability_score=0.881; dominant_gaze_class=inside_visible; observed_frames=72,,"{""rule-based"": ""focused_attention"", ""zero-shot:facebook/bart-large-mnli"": ""focused_attention"", ""zero-shot:typeform/distilbert-base-uncased-mnli"": ""exploratory_attention""}","{""rule-based"": 0.84, ""zero-shot:facebook/bart-large-mnli"": 0.29717063903808594, ""zero-shot:typeform/distilbert-base-uncased-mnli"": 0.4326305091381073}"
LS9Hztyrmmw_1768-1839:person_3,LS9Hztyrmmw_1768-1839,test,visible_ratio=0.472; gaze_shift_ratio=0.125; occlusion_ratio=0.000; eyes_closed_ratio=0.000; mean_gaze_motion=16.69; attention_stability_score=0.597; dominant_gaze_class=inside_visible; observed_frames=72,exploratory_attention,"{""rule-based"": ""mixed_attention"", ""zero-shot:facebook/bart-large-mnli"": ""focused_attention"", ""zero-shot:typeform/distilbert-base-uncased-mnli"": ""exploratory_attention""}","{""rule-based"": 0.68, ""zero-shot:facebook/bart-large-mnli"": 0.3062819838523865, ""zero-shot:typeform/distilbert-base-uncased-mnli"": 0.388814240694046}"
LS9Hztyrmmw_2667-2845:person_2,LS9Hztyrmmw_2667-2845,test,visible_ratio=0.866; gaze_shift_ratio=0.000; occlusion_ratio=0.134; eyes_closed_ratio=0.000; mean_gaze_motion=5.06; attention_stability_score=0.904; dominant_gaze_class=inside_visible; observed_frames=179,,"{""rule-based"": ""focused_attention"", ""zero-shot:facebook/bart-large-mnli"": ""reduced_visual_availability"", ""zero-shot:typeform/distilbert-base-uncased-mnli"": ""reduced_visual_availability""}","{""rule-based"": 0.84, ""zero-shot:facebook/bart-large-mnli"": 0.4199669063091278, ""zero-shot:typeform/distilbert-base-uncased-mnli"": 0.34578999876976013}"
LS9Hztyrmmw_2667-2845:person_3,LS9Hztyrmmw_2667-2845,test,visible_ratio=0.950; gaze_shift_ratio=0.050; occlusion_ratio=0.000; eyes_closed_ratio=0.000; mean_gaze_motion=19.50; attention_stability_score=0.812; dominant_gaze_class=inside_visible; observed_frames=179,,"{""rule-based"": ""focused_attention"", ""zero-shot:facebook/bart-large-mnli"": ""mixed_attention"", ""zero-shot:typeform/distilbert-base-uncased-mnli"": ""exploratory_attention""}","{""rule-based"": 0.84, ""zero-shot:facebook/bart-large-mnli"": 0.298270583152771, ""zero-shot:typeform/distilbert-base-uncased-mnli"": 0.3773312568664551}"
Lva4fn4_q88_1270-1473:person_2,Lva4fn4_q88_1270-1473,test,visible_ratio=0.971; gaze_shift_ratio=0.029; occlusion_ratio=0.000; eyes_closed_ratio=0.000; mean_gaze_motion=14.41; attention_stability_score=0.882; dominant_gaze_class=inside_visible; observed_frames=204,,"{""rule-based"": ""focused_attention"", ""zero-shot:facebook/bart-large-mnli"": ""mixed_attention"", ""zero-shot:typeform/distilbert-base-uncased-mnli"": ""exploratory_attention""}","{""rule-based"": 0.84, ""zero-shot:facebook/bart-large-mnli"": 0.253473699092865, ""zero-shot:typeform/distilbert-base-uncased-mnli"": 0.37395092844963074}"
Lva4fn4_q88_1270-1473:person_3,Lva4fn4_q88_1270-1473,test,visible_ratio=0.309; gaze_shift_ratio=0.691; occlusion_ratio=0.000; eyes_closed_ratio=0.000; mean_gaze_motion=12.25; attention_stability_score=0.361; dominant_gaze_class=gaze_shift; observed_frames=204,exploratory_attention,"{""rule-based"": ""exploratory_attention"", ""zero-shot:facebook/bart-large-mnli"": ""occluded_attention"", ""zero-shot:typeform/distilbert-base-uncased-mnli"": ""exploratory_attention""}","{""rule-based"": 0.8, ""zero-shot:facebook/bart-large-mnli"": 0.23095272481441498, ""zero-shot:typeform/distilbert-base-uncased-mnli"": 0.4030253291130066}"
Lva4fn4_q88_4391-4523:person_2,Lva4fn4_q88_4391-4523,test,visible_ratio=1.000; gaze_shift_ratio=0.000; occlusion_ratio=0.000; eyes_closed_ratio=0.000; mean_gaze_motion=12.61; attention_stability_score=0.994; dominant_gaze_class=inside_visible; observed_frames=124,,"{""rule-based"": ""focused_attention"", ""zero-shot:facebook/bart-large-mnli"": ""exploratory_attention"", ""zero-shot:typeform/distilbert-base-uncased-mnli"": ""exploratory_attention""}","{""rule-based"": 0.84, ""zero-shot:facebook/bart-large-mnli"": 0.33044442534446716, ""zero-shot:typeform/distilbert-base-uncased-mnli"": 0.4693381190299988}"
Lva4fn4_q88_4391-4523:person_3,Lva4fn4_q88_4391-4523,test,visible_ratio=1.000; gaze_shift_ratio=0.000; occlusion_ratio=0.000; eyes_closed_ratio=0.000; mean_gaze_motion=6.79; attention_stability_score=0.997; dominant_gaze_class=inside_visible; observed_frames=133,,"{""rule-based"": ""focused_attention"", ""zero-shot:facebook/bart-large-mnli"": ""reduced_visual_availability"", ""zero-shot:typeform/distilbert-base-uncased-mnli"": ""exploratory_attention""}","{""rule-based"": 0.84, ""zero-shot:facebook/bart-large-mnli"": 0.26526084542274475, ""zero-shot:typeform/distilbert-base-uncased-mnli"": 0.49442726373672485}"
Lva4fn4_q88_4691-4775:person_2,Lva4fn4_q88_4691-4775,test,visible_ratio=1.000; gaze_shift_ratio=0.000; occlusion_ratio=0.000; eyes_closed_ratio=0.000; mean_gaze_motion=14.89; attention_stability_score=0.993; dominant_gaze_class=inside_visible; observed_frames=85,,"{""rule-based"": ""focused_attention"", ""zero-shot:facebook/bart-large-mnli"": ""focused_attention"", ""zero-shot:typeform/distilbert-base-uncased-mnli"": ""exploratory_attention""}","{""rule-based"": 0.84, ""zero-shot:facebook/bart-large-mnli"": 0.28862541913986206, ""zero-shot:typeform/distilbert-base-uncased-mnli"": 0.3780495822429657}"
Lva4fn4_q88_4691-4775:person_3,Lva4fn4_q88_4691-4775,test,visible_ratio=0.941; gaze_shift_ratio=0.059; occlusion_ratio=0.000; eyes_closed_ratio=0.000; mean_gaze_motion=17.04; attention_stability_score=0.856; dominant_gaze_class=inside_visible; observed_frames=85,,"{""rule-based"": ""focused_attention"", ""zero-shot:facebook/bart-large-mnli"": ""focused_attention"", ""zero-shot:typeform/distilbert-base-uncased-mnli"": ""exploratory_attention""}","{""rule-based"": 0.84, ""zero-shot:facebook/bart-large-mnli"": 0.34263452887535095, ""zero-shot:typeform/distilbert-base-uncased-mnli"": 0.3684993386268616}"
Lva4fn4_q88_5291-5420:person_2,Lva4fn4_q88_5291-5420,test,visible_ratio=1.000; gaze_shift_ratio=0.000; occlusion_ratio=0.000; eyes_closed_ratio=0.000; mean_gaze_motion=7.72; attention_stability_score=0.996; dominant_gaze_class=inside_visible; observed_frames=130,,"{""rule-based"": ""focused_attention"", ""zero-shot:facebook/bart-large-mnli"": ""reduced_visual_availability"", ""zero-shot:typeform/distilbert-base-uncased-mnli"": ""exploratory_attention""}","{""rule-based"": 0.84, ""zero-shot:facebook/bart-large-mnli"": 0.32075002789497375, ""zero-shot:typeform/distilbert-base-uncased-mnli"": 0.37908801436424255}"
Lva4fn4_q88_5291-5420:person_3,Lva4fn4_q88_5291-5420,test,visible_ratio=0.977; gaze_shift_ratio=0.023; occlusion_ratio=0.000; eyes_closed_ratio=0.000; mean_gaze_motion=8.63; attention_stability_score=0.886; dominant_gaze_class=inside_visible; observed_frames=130,,"{""rule-based"": ""focused_attention"", ""zero-shot:facebook/bart-large-mnli"": ""reduced_visual_availability"", ""zero-shot:typeform/distilbert-base-uncased-mnli"": ""exploratory_attention""}","{""rule-based"": 0.84, ""zero-shot:facebook/bart-large-mnli"": 0.279498815536499, ""zero-shot:typeform/distilbert-base-uncased-mnli"": 0.4183676540851593}"
ND7pXuhs3VM_1800-1925:person_2,ND7pXuhs3VM_1800-1925,test,visible_ratio=0.667; gaze_shift_ratio=0.111; occlusion_ratio=0.000; eyes_closed_ratio=0.000; mean_gaze_motion=31.59; attention_stability_score=0.724; dominant_gaze_class=inside_visible; observed_frames=126,,"{""rule-based"": ""mixed_attention"", ""zero-shot:facebook/bart-large-mnli"": ""mixed_attention"", ""zero-shot:typeform/distilbert-base-uncased-mnli"": ""exploratory_attention""}","{""rule-based"": 0.68, ""zero-shot:facebook/bart-large-mnli"": 0.30840933322906494, ""zero-shot:typeform/distilbert-base-uncased-mnli"": 0.3130810558795929}"
ND7pXuhs3VM_3066-3159:person_1,ND7pXuhs3VM_3066-3159,test,visible_ratio=0.309; gaze_shift_ratio=0.053; occlusion_ratio=0.000; eyes_closed_ratio=0.000; mean_gaze_motion=6.36; attention_stability_score=0.505; dominant_gaze_class=outside_frame; observed_frames=94,,"{""rule-based"": ""mixed_attention"", ""zero-shot:facebook/bart-large-mnli"": ""mixed_attention"", ""zero-shot:typeform/distilbert-base-uncased-mnli"": ""exploratory_attention""}","{""rule-based"": 0.68, ""zero-shot:facebook/bart-large-mnli"": 0.2826651930809021, ""zero-shot:typeform/distilbert-base-uncased-mnli"": 0.3379834294319153}"
NIk1-ck4c6Q_13651-13719:person_2,NIk1-ck4c6Q_13651-13719,test,visible_ratio=0.841; gaze_shift_ratio=0.159; occlusion_ratio=0.000; eyes_closed_ratio=0.000; mean_gaze_motion=7.26; attention_stability_score=0.778; dominant_gaze_class=inside_visible; observed_frames=69,,"{""rule-based"": ""mixed_attention"", ""zero-shot:facebook/bart-large-mnli"": ""reduced_visual_availability"", ""zero-shot:typeform/distilbert-base-uncased-mnli"": ""exploratory_attention""}","{""rule-based"": 0.68, ""zero-shot:facebook/bart-large-mnli"": 0.32337647676467896, ""zero-shot:typeform/distilbert-base-uncased-mnli"": 0.41364505887031555}"
NIk1-ck4c6Q_13651-13719:person_3,NIk1-ck4c6Q_13651-13719,test,visible_ratio=0.696; gaze_shift_ratio=0.304; occlusion_ratio=0.000; eyes_closed_ratio=0.000; mean_gaze_motion=24.85; attention_stability_score=0.675; dominant_gaze_class=inside_visible; observed_frames=69,exploratory_attention,"{""rule-based"": ""exploratory_attention"", ""zero-shot:facebook/bart-large-mnli"": ""focused_attention"", ""zero-shot:typeform/distilbert-base-uncased-mnli"": ""exploratory_attention""}","{""rule-based"": 0.8, ""zero-shot:facebook/bart-large-mnli"": 0.24470102787017822, ""zero-shot:typeform/distilbert-base-uncased-mnli"": 0.4138745665550232}"
NIk1-ck4c6Q_22766-22806:person_2,NIk1-ck4c6Q_22766-22806,test,visible_ratio=1.000; gaze_shift_ratio=0.000; occlusion_ratio=0.000; eyes_closed_ratio=0.000; mean_gaze_motion=1.74; attention_stability_score=0.999; dominant_gaze_class=inside_visible; observed_frames=41,,"{""rule-based"": ""focused_attention"", ""zero-shot:facebook/bart-large-mnli"": ""focused_attention"", ""zero-shot:typeform/distilbert-base-uncased-mnli"": ""exploratory_attention""}","{""rule-based"": 0.84, ""zero-shot:facebook/bart-large-mnli"": 0.57052081823349, ""zero-shot:typeform/distilbert-base-uncased-mnli"": 0.5303983092308044}"
NIk1-ck4c6Q_22766-22806:person_3,NIk1-ck4c6Q_22766-22806,test,visible_ratio=0.927; gaze_shift_ratio=0.073; occlusion_ratio=0.000; eyes_closed_ratio=0.000; mean_gaze_motion=9.04; attention_stability_score=0.909; dominant_gaze_class=inside_visible; observed_frames=41,,"{""rule-based"": ""focused_attention"", ""zero-shot:facebook/bart-large-mnli"": ""occluded_attention"", ""zero-shot:typeform/distilbert-base-uncased-mnli"": ""exploratory_attention""}","{""rule-based"": 0.84, ""zero-shot:facebook/bart-large-mnli"": 0.24053603410720825, ""zero-shot:typeform/distilbert-base-uncased-mnli"": 0.4286019206047058}"
N_9vfhsDz8w_5785-5911:person_2,N_9vfhsDz8w_5785-5911,test,visible_ratio=1.000; gaze_shift_ratio=0.000; occlusion_ratio=0.000; eyes_closed_ratio=0.000; mean_gaze_motion=1.16; attention_stability_score=0.999; dominant_gaze_class=inside_visible; observed_frames=127,,"{""rule-based"": ""focused_attention"", ""zero-shot:facebook/bart-large-mnli"": ""focused_attention"", ""zero-shot:typeform/distilbert-base-uncased-mnli"": ""exploratory_attention""}","{""rule-based"": 0.84, ""zero-shot:facebook/bart-large-mnli"": 0.5750189423561096, ""zero-shot:typeform/distilbert-base-uncased-mnli"": 0.5355129241943359}"
N_9vfhsDz8w_5785-5911:person_3,N_9vfhsDz8w_5785-5911,test,visible_ratio=1.000; gaze_shift_ratio=0.000; occlusion_ratio=0.000; eyes_closed_ratio=0.000; mean_gaze_motion=8.23; attention_stability_score=0.996; dominant_gaze_class=inside_visible; observed_frames=127,,"{""rule-based"": ""focused_attention"", ""zero-shot:facebook/bart-large-mnli"": ""reduced_visual_availability"", ""zero-shot:typeform/distilbert-base-uncased-mnli"": ""exploratory_attention""}","{""rule-based"": 0.84, ""zero-shot:facebook/bart-large-mnli"": 0.27030086517333984, ""zero-shot:typeform/distilbert-base-uncased-mnli"": 0.3774833083152771}"
N_9vfhsDz8w_6085-6298:person_2,N_9vfhsDz8w_6085-6298,test,visible_ratio=0.850; gaze_shift_ratio=0.000; occlusion_ratio=0.000; eyes_closed_ratio=0.000; mean_gaze_motion=6.05; attention_stability_score=0.890; dominant_gaze_class=inside_visible; observed_frames=214,,"{""rule-based"": ""focused_attention"", ""zero-shot:facebook/bart-large-mnli"": ""mixed_attention"", ""zero-shot:typeform/distilbert-base-uncased-mnli"": ""exploratory_attention""}","{""rule-based"": 0.84, ""zero-shot:facebook/bart-large-mnli"": 0.33769547939300537, ""zero-shot:typeform/distilbert-base-uncased-mnli"": 0.3754424452781677}"
N_9vfhsDz8w_6085-6298:person_3,N_9vfhsDz8w_6085-6298,test,visible_ratio=1.000; gaze_shift_ratio=0.000; occlusion_ratio=0.000; eyes_closed_ratio=0.000; mean_gaze_motion=5.90; attention_stability_score=0.997; dominant_gaze_class=inside_visible; observed_frames=214,,"{""rule-based"": ""focused_attention"", ""zero-shot:facebook/bart-large-mnli"": ""focused_attention"", ""zero-shot:typeform/distilbert-base-uncased-mnli"": ""exploratory_attention""}","{""rule-based"": 0.84, ""zero-shot:facebook/bart-large-mnli"": 0.31958580017089844, ""zero-shot:typeform/distilbert-base-uncased-mnli"": 0.40770071744918823}"
Pyb0z_YQjjI_7332-7429:person_2,Pyb0z_YQjjI_7332-7429,test,visible_ratio=0.776; gaze_shift_ratio=0.224; occlusion_ratio=0.000; eyes_closed_ratio=0.000; mean_gaze_motion=70.93; attention_stability_score=0.639; dominant_gaze_class=inside_visible; observed_frames=98,exploratory_attention,"{""rule-based"": ""exploratory_attention"", ""zero-shot:facebook/bart-large-mnli"": ""mixed_attention"", ""zero-shot:typeform/distilbert-base-uncased-mnli"": ""exploratory_attention""}","{""rule-based"": 0.8, ""zero-shot:facebook/bart-large-mnli"": 0.28501132130622864, ""zero-shot:typeform/distilbert-base-uncased-mnli"": 0.3341006636619568}"
Pyb0z_YQjjI_7332-7429:person_3,Pyb0z_YQjjI_7332-7429,test,visible_ratio=1.000; gaze_shift_ratio=0.000; occlusion_ratio=0.000; eyes_closed_ratio=0.000; mean_gaze_motion=32.29; attention_stability_score=0.984; dominant_gaze_class=inside_visible; observed_frames=98,,"{""rule-based"": ""focused_attention"", ""zero-shot:facebook/bart-large-mnli"": ""mixed_attention"", ""zero-shot:typeform/distilbert-base-uncased-mnli"": ""exploratory_attention""}","{""rule-based"": 0.84, ""zero-shot:facebook/bart-large-mnli"": 0.30801355838775635, ""zero-shot:typeform/distilbert-base-uncased-mnli"": 0.38336071372032166}"
Pyb0z_YQjjI_7632-7685:person_2,Pyb0z_YQjjI_7632-7685,test,visible_ratio=0.944; gaze_shift_ratio=0.056; occlusion_ratio=0.000; eyes_closed_ratio=0.000; mean_gaze_motion=43.05; attention_stability_score=0.885; dominant_gaze_class=inside_visible; observed_frames=54,focused_attention,"{""rule-based"": ""focused_attention"", ""zero-shot:facebook/bart-large-mnli"": ""mixed_attention"", ""zero-shot:typeform/distilbert-base-uncased-mnli"": ""exploratory_attention""}","{""rule-based"": 0.84, ""zero-shot:facebook/bart-large-mnli"": 0.30433976650238037, ""zero-shot:typeform/distilbert-base-uncased-mnli"": 0.4087357819080353}"
Pyb0z_YQjjI_7632-7685:person_3,Pyb0z_YQjjI_7632-7685,test,visible_ratio=0.926; gaze_shift_ratio=0.074; occlusion_ratio=0.000; eyes_closed_ratio=0.000; mean_gaze_motion=33.24; attention_stability_score=0.879; dominant_gaze_class=inside_visible; observed_frames=54,,"{""rule-based"": ""focused_attention"", ""zero-shot:facebook/bart-large-mnli"": ""mixed_attention"", ""zero-shot:typeform/distilbert-base-uncased-mnli"": ""exploratory_attention""}","{""rule-based"": 0.84, ""zero-shot:facebook/bart-large-mnli"": 0.2894509434700012, ""zero-shot:typeform/distilbert-base-uncased-mnli"": 0.40486854314804077}"
UUwGLDeYN8c_266-474:person_1,UUwGLDeYN8c_266-474,test,visible_ratio=0.766; gaze_shift_ratio=0.019; occlusion_ratio=0.129; eyes_closed_ratio=0.000; mean_gaze_motion=9.53; attention_stability_score=0.717; dominant_gaze_class=inside_visible; observed_frames=209,focused_attention,"{""rule-based"": ""focused_attention"", ""zero-shot:facebook/bart-large-mnli"": ""reduced_visual_availability"", ""zero-shot:typeform/distilbert-base-uncased-mnli"": ""reduced_visual_availability""}","{""rule-based"": 0.84, ""zero-shot:facebook/bart-large-mnli"": 0.3977337181568146, ""zero-shot:typeform/distilbert-base-uncased-mnli"": 0.3196709156036377}"
WpbXt04qWEk_1166-1611:person_1,WpbXt04qWEk_1166-1611,test,visible_ratio=0.762; gaze_shift_ratio=0.085; occlusion_ratio=0.000; eyes_closed_ratio=0.000; mean_gaze_motion=3.66; attention_stability_score=0.733; dominant_gaze_class=inside_visible; observed_frames=446,focused_attention,"{""rule-based"": ""focused_attention"", ""zero-shot:facebook/bart-large-mnli"": ""reduced_visual_availability"", ""zero-shot:typeform/distilbert-base-uncased-mnli"": ""exploratory_attention""}","{""rule-based"": 0.84, ""zero-shot:facebook/bart-large-mnli"": 0.30516117811203003, ""zero-shot:typeform/distilbert-base-uncased-mnli"": 0.32182833552360535}"
WpbXt04qWEk_924-1135:person_1,WpbXt04qWEk_924-1135,test,visible_ratio=1.000; gaze_shift_ratio=0.000; occlusion_ratio=0.000; eyes_closed_ratio=0.000; mean_gaze_motion=5.58; attention_stability_score=0.997; dominant_gaze_class=inside_visible; observed_frames=212,,"{""rule-based"": ""focused_attention"", ""zero-shot:facebook/bart-large-mnli"": ""exploratory_attention"", ""zero-shot:typeform/distilbert-base-uncased-mnli"": ""exploratory_attention""}","{""rule-based"": 0.84, ""zero-shot:facebook/bart-large-mnli"": 0.3414301574230194, ""zero-shot:typeform/distilbert-base-uncased-mnli"": 0.4831107258796692}"
aWV7UUMddCU_5934-6205:person_2,aWV7UUMddCU_5934-6205,test,visible_ratio=0.857; gaze_shift_ratio=0.118; occlusion_ratio=0.000; eyes_closed_ratio=0.000; mean_gaze_motion=11.80; attention_stability_score=0.735; dominant_gaze_class=inside_visible; observed_frames=272,,"{""rule-based"": ""mixed_attention"", ""zero-shot:facebook/bart-large-mnli"": ""reduced_visual_availability"", ""zero-shot:typeform/distilbert-base-uncased-mnli"": ""exploratory_attention""}","{""rule-based"": 0.68, ""zero-shot:facebook/bart-large-mnli"": 0.27932026982307434, ""zero-shot:typeform/distilbert-base-uncased-mnli"": 0.3481796979904175}"
aWV7UUMddCU_6517-7514:person_1,aWV7UUMddCU_6517-7514,test,visible_ratio=0.878; gaze_shift_ratio=0.109; occlusion_ratio=0.000; eyes_closed_ratio=0.000; mean_gaze_motion=11.16; attention_stability_score=0.730; dominant_gaze_class=inside_visible; observed_frames=923,,"{""rule-based"": ""mixed_attention"", ""zero-shot:facebook/bart-large-mnli"": ""mixed_attention"", ""zero-shot:typeform/distilbert-base-uncased-mnli"": ""exploratory_attention""}","{""rule-based"": 0.68, ""zero-shot:facebook/bart-large-mnli"": 0.31808382272720337, ""zero-shot:typeform/distilbert-base-uncased-mnli"": 0.2403445690870285}"
dUYIh1U2z-8_3300-3427:person_1,dUYIh1U2z-8_3300-3427,test,visible_ratio=1.000; gaze_shift_ratio=0.000; occlusion_ratio=0.000; eyes_closed_ratio=0.000; mean_gaze_motion=24.60; attention_stability_score=0.988; dominant_gaze_class=inside_visible; observed_frames=128,,"{""rule-based"": ""focused_attention"", ""zero-shot:facebook/bart-large-mnli"": ""focused_attention"", ""zero-shot:typeform/distilbert-base-uncased-mnli"": ""exploratory_attention""}","{""rule-based"": 0.84, ""zero-shot:facebook/bart-large-mnli"": 0.5191409587860107, ""zero-shot:typeform/distilbert-base-uncased-mnli"": 0.37335506081581116}"
dUYIh1U2z-8_3300-3427:person_2,dUYIh1U2z-8_3300-3427,test,visible_ratio=1.000; gaze_shift_ratio=0.000; occlusion_ratio=0.000; eyes_closed_ratio=0.000; mean_gaze_motion=14.12; attention_stability_score=0.993; dominant_gaze_class=inside_visible; observed_frames=128,,"{""rule-based"": ""focused_attention"", ""zero-shot:facebook/bart-large-mnli"": ""reduced_visual_availability"", ""zero-shot:typeform/distilbert-base-uncased-mnli"": ""exploratory_attention""}","{""rule-based"": 0.84, ""zero-shot:facebook/bart-large-mnli"": 0.3383176326751709, ""zero-shot:typeform/distilbert-base-uncased-mnli"": 0.3829623758792877}"
dUYIh1U2z-8_4007-4220:person_1,dUYIh1U2z-8_4007-4220,test,visible_ratio=0.902; gaze_shift_ratio=0.065; occlusion_ratio=0.000; eyes_closed_ratio=0.000; mean_gaze_motion=3.38; attention_stability_score=0.811; dominant_gaze_class=inside_visible; observed_frames=214,focused_attention,"{""rule-based"": ""focused_attention"", ""zero-shot:facebook/bart-large-mnli"": ""occluded_attention"", ""zero-shot:typeform/distilbert-base-uncased-mnli"": ""exploratory_attention""}","{""rule-based"": 0.84, ""zero-shot:facebook/bart-large-mnli"": 0.3340302109718323, ""zero-shot:typeform/distilbert-base-uncased-mnli"": 0.3229787051677704}"
dUYIh1U2z-8_4007-4220:person_2,dUYIh1U2z-8_4007-4220,test,visible_ratio=1.000; gaze_shift_ratio=0.000; occlusion_ratio=0.000; eyes_closed_ratio=0.000; mean_gaze_motion=5.74; attention_stability_score=0.997; dominant_gaze_class=inside_visible; observed_frames=214,,"{""rule-based"": ""focused_attention"", ""zero-shot:facebook/bart-large-mnli"": ""focused_attention"", ""zero-shot:typeform/distilbert-base-uncased-mnli"": ""exploratory_attention""}","{""rule-based"": 0.84, ""zero-shot:facebook/bart-large-mnli"": 0.37080976366996765, ""zero-shot:typeform/distilbert-base-uncased-mnli"": 0.3845059871673584}"
dUYIh1U2z-8_4007-4220:person_3,dUYIh1U2z-8_4007-4220,test,visible_ratio=1.000; gaze_shift_ratio=0.000; occlusion_ratio=0.000; eyes_closed_ratio=0.000; mean_gaze_motion=3.22; attention_stability_score=0.998; dominant_gaze_class=inside_visible; observed_frames=214,,"{""rule-based"": ""focused_attention"", ""zero-shot:facebook/bart-large-mnli"": ""reduced_visual_availability"", ""zero-shot:typeform/distilbert-base-uncased-mnli"": ""exploratory_attention""}","{""rule-based"": 0.84, ""zero-shot:facebook/bart-large-mnli"": 0.29082393646240234, ""zero-shot:typeform/distilbert-base-uncased-mnli"": 0.49013954401016235}"
f6wqlpG9rd0_1402-1688:person_1,f6wqlpG9rd0_1402-1688,test,visible_ratio=0.955; gaze_shift_ratio=0.017; occlusion_ratio=0.000; eyes_closed_ratio=0.000; mean_gaze_motion=7.66; attention_stability_score=0.945; dominant_gaze_class=inside_visible; observed_frames=287,,"{""rule-based"": ""focused_attention"", ""zero-shot:facebook/bart-large-mnli"": ""focused_attention"", ""zero-shot:typeform/distilbert-base-uncased-mnli"": ""exploratory_attention""}","{""rule-based"": 0.84, ""zero-shot:facebook/bart-large-mnli"": 0.3637676239013672, ""zero-shot:typeform/distilbert-base-uncased-mnli"": 0.3137367367744446}"
f6wqlpG9rd0_203-262:person_1,f6wqlpG9rd0_203-262,test,visible_ratio=1.000; gaze_shift_ratio=0.000; occlusion_ratio=0.000; eyes_closed_ratio=0.000; mean_gaze_motion=7.64; attention_stability_score=0.996; dominant_gaze_class=inside_visible; observed_frames=60,,"{""rule-based"": ""focused_attention"", ""zero-shot:facebook/bart-large-mnli"": ""reduced_visual_availability"", ""zero-shot:typeform/distilbert-base-uncased-mnli"": ""exploratory_attention""}","{""rule-based"": 0.84, ""zero-shot:facebook/bart-large-mnli"": 0.3628692328929901, ""zero-shot:typeform/distilbert-base-uncased-mnli"": 0.5457022786140442}"
f6wqlpG9rd0_9404-9541:person_1,f6wqlpG9rd0_9404-9541,test,visible_ratio=0.652; gaze_shift_ratio=0.072; occlusion_ratio=0.275; eyes_closed_ratio=0.000; mean_gaze_motion=32.53; attention_stability_score=0.651; dominant_gaze_class=inside_visible; observed_frames=138,exploratory_attention,"{""rule-based"": ""mixed_attention"", ""zero-shot:facebook/bart-large-mnli"": ""focused_attention"", ""zero-shot:typeform/distilbert-base-uncased-mnli"": ""exploratory_attention""}","{""rule-based"": 0.68, ""zero-shot:facebook/bart-large-mnli"": 0.46889618039131165, ""zero-shot:typeform/distilbert-base-uncased-mnli"": 0.33152294158935547}"
f6wqlpG9rd0_9704-9949:person_1,f6wqlpG9rd0_9704-9949,test,visible_ratio=0.833; gaze_shift_ratio=0.154; occlusion_ratio=0.012; eyes_closed_ratio=0.000; mean_gaze_motion=19.61; attention_stability_score=0.718; dominant_gaze_class=inside_visible; observed_frames=246,,"{""rule-based"": ""mixed_attention"", ""zero-shot:facebook/bart-large-mnli"": ""focused_attention"", ""zero-shot:typeform/distilbert-base-uncased-mnli"": ""exploratory_attention""}","{""rule-based"": 0.68, ""zero-shot:facebook/bart-large-mnli"": 0.4819820821285248, ""zero-shot:typeform/distilbert-base-uncased-mnli"": 0.3660317659378052}"
fvJbRuIu4-0_1308-1370:person_1,fvJbRuIu4-0_1308-1370,test,visible_ratio=0.952; gaze_shift_ratio=0.048; occlusion_ratio=0.000; eyes_closed_ratio=0.000; mean_gaze_motion=8.87; attention_stability_score=0.840; dominant_gaze_class=inside_visible; observed_frames=63,,"{""rule-based"": ""focused_attention"", ""zero-shot:facebook/bart-large-mnli"": ""mixed_attention"", ""zero-shot:typeform/distilbert-base-uncased-mnli"": ""exploratory_attention""}","{""rule-based"": 0.84, ""zero-shot:facebook/bart-large-mnli"": 0.2898995876312256, ""zero-shot:typeform/distilbert-base-uncased-mnli"": 0.3549184501171112}"
fvJbRuIu4-0_1308-1370:person_2,fvJbRuIu4-0_1308-1370,test,visible_ratio=0.968; gaze_shift_ratio=0.032; occlusion_ratio=0.000; eyes_closed_ratio=0.000; mean_gaze_motion=26.50; attention_stability_score=0.872; dominant_gaze_class=inside_visible; observed_frames=63,,"{""rule-based"": ""focused_attention"", ""zero-shot:facebook/bart-large-mnli"": ""exploratory_attention"", ""zero-shot:typeform/distilbert-base-uncased-mnli"": ""exploratory_attention""}","{""rule-based"": 0.84, ""zero-shot:facebook/bart-large-mnli"": 0.2605379521846771, ""zero-shot:typeform/distilbert-base-uncased-mnli"": 0.3551642894744873}"
fvJbRuIu4-0_1907-2018:person_1,fvJbRuIu4-0_1907-2018,test,visible_ratio=0.554; gaze_shift_ratio=0.036; occlusion_ratio=0.179; eyes_closed_ratio=0.000; mean_gaze_motion=15.95; attention_stability_score=0.674; dominant_gaze_class=inside_visible; observed_frames=112,exploratory_attention,"{""rule-based"": ""mixed_attention"", ""zero-shot:facebook/bart-large-mnli"": ""reduced_visual_availability"", ""zero-shot:typeform/distilbert-base-uncased-mnli"": ""exploratory_attention""}","{""rule-based"": 0.68, ""zero-shot:facebook/bart-large-mnli"": 0.39024946093559265, ""zero-shot:typeform/distilbert-base-uncased-mnli"": 0.2973189949989319}"
fvJbRuIu4-0_1907-2018:person_2,fvJbRuIu4-0_1907-2018,test,visible_ratio=1.000; gaze_shift_ratio=0.000; occlusion_ratio=0.000; eyes_closed_ratio=0.000; mean_gaze_motion=11.53; attention_stability_score=0.994; dominant_gaze_class=inside_visible; observed_frames=112,,"{""rule-based"": ""focused_attention"", ""zero-shot:facebook/bart-large-mnli"": ""focused_attention"", ""zero-shot:typeform/distilbert-base-uncased-mnli"": ""exploratory_attention""}","{""rule-based"": 0.84, ""zero-shot:facebook/bart-large-mnli"": 0.3715682923793793, ""zero-shot:typeform/distilbert-base-uncased-mnli"": 0.3462415337562561}"
ivX3JXIV1W4_1-1920:person_1,ivX3JXIV1W4_1-1920,test,visible_ratio=0.728; gaze_shift_ratio=0.219; occlusion_ratio=0.003; eyes_closed_ratio=0.000; mean_gaze_motion=1.85; attention_stability_score=0.660; dominant_gaze_class=inside_visible; observed_frames=1920,exploratory_attention,"{""rule-based"": ""exploratory_attention"", ""zero-shot:facebook/bart-large-mnli"": ""focused_attention"", ""zero-shot:typeform/distilbert-base-uncased-mnli"": ""exploratory_attention""}","{""rule-based"": 0.8, ""zero-shot:facebook/bart-large-mnli"": 0.5102940797805786, ""zero-shot:typeform/distilbert-base-uncased-mnli"": 0.3212951421737671}"
ivX3JXIV1W4_1-1920:person_2,ivX3JXIV1W4_1-1920,test,visible_ratio=0.957; gaze_shift_ratio=0.038; occlusion_ratio=0.001; eyes_closed_ratio=0.000; mean_gaze_motion=5.11; attention_stability_score=0.790; dominant_gaze_class=inside_visible; observed_frames=1920,,"{""rule-based"": ""focused_attention"", ""zero-shot:facebook/bart-large-mnli"": ""focused_attention"", ""zero-shot:typeform/distilbert-base-uncased-mnli"": ""exploratory_attention""}","{""rule-based"": 0.84, ""zero-shot:facebook/bart-large-mnli"": 0.3330761790275574, ""zero-shot:typeform/distilbert-base-uncased-mnli"": 0.3226850628852844}"
odFKscFdEas_14127-14292:person_2,odFKscFdEas_14127-14292,test,visible_ratio=0.663; gaze_shift_ratio=0.114; occlusion_ratio=0.000; eyes_closed_ratio=0.000; mean_gaze_motion=8.57; attention_stability_score=0.669; dominant_gaze_class=inside_visible; observed_frames=166,exploratory_attention,"{""rule-based"": ""mixed_attention"", ""zero-shot:facebook/bart-large-mnli"": ""exploratory_attention"", ""zero-shot:typeform/distilbert-base-uncased-mnli"": ""exploratory_attention""}","{""rule-based"": 0.68, ""zero-shot:facebook/bart-large-mnli"": 0.34947624802589417, ""zero-shot:typeform/distilbert-base-uncased-mnli"": 0.34046244621276855}"
odFKscFdEas_15822-16030:person_2,odFKscFdEas_15822-16030,test,visible_ratio=0.914; gaze_shift_ratio=0.086; occlusion_ratio=0.000; eyes_closed_ratio=0.000; mean_gaze_motion=6.81; attention_stability_score=0.764; dominant_gaze_class=inside_visible; observed_frames=209,,"{""rule-based"": ""focused_attention"", ""zero-shot:facebook/bart-large-mnli"": ""focused_attention"", ""zero-shot:typeform/distilbert-base-uncased-mnli"": ""exploratory_attention""}","{""rule-based"": 0.84, ""zero-shot:facebook/bart-large-mnli"": 0.30929940938949585, ""zero-shot:typeform/distilbert-base-uncased-mnli"": 0.32484331727027893}"
whHPATlDw8M_33039-33248-downsampled:person_1,whHPATlDw8M_33039-33248-downsampled,test,visible_ratio=1.000; gaze_shift_ratio=0.000; occlusion_ratio=0.000; eyes_closed_ratio=0.000; mean_gaze_motion=6.23; attention_stability_score=0.997; dominant_gaze_class=inside_visible; observed_frames=105,,"{""rule-based"": ""focused_attention"", ""zero-shot:facebook/bart-large-mnli"": ""exploratory_attention"", ""zero-shot:typeform/distilbert-base-uncased-mnli"": ""exploratory_attention""}","{""rule-based"": 0.84, ""zero-shot:facebook/bart-large-mnli"": 0.2823043465614319, ""zero-shot:typeform/distilbert-base-uncased-mnli"": 0.43817487359046936}"
whHPATlDw8M_5014-5313-downsampled:person_2,whHPATlDw8M_5014-5313-downsampled,test,visible_ratio=0.907; gaze_shift_ratio=0.093; occlusion_ratio=0.000; eyes_closed_ratio=0.000; mean_gaze_motion=8.46; attention_stability_score=0.810; dominant_gaze_class=inside_visible; observed_frames=150,focused_attention,"{""rule-based"": ""focused_attention"", ""zero-shot:facebook/bart-large-mnli"": ""focused_attention"", ""zero-shot:typeform/distilbert-base-uncased-mnli"": ""exploratory_attention""}","{""rule-based"": 0.84, ""zero-shot:facebook/bart-large-mnli"": 0.36254727840423584, ""zero-shot:typeform/distilbert-base-uncased-mnli"": 0.4157313406467438}"
zmZpa1p5zaE_1028-1129:person_1,zmZpa1p5zaE_1028-1129,test,visible_ratio=1.000; gaze_shift_ratio=0.000; occlusion_ratio=0.000; eyes_closed_ratio=0.000; mean_gaze_motion=1.92; attention_stability_score=0.999; dominant_gaze_class=inside_visible; observed_frames=102,,"{""rule-based"": ""focused_attention"", ""zero-shot:facebook/bart-large-mnli"": ""focused_attention"", ""zero-shot:typeform/distilbert-base-uncased-mnli"": ""exploratory_attention""}","{""rule-based"": 0.84, ""zero-shot:facebook/bart-large-mnli"": 0.5766642689704895, ""zero-shot:typeform/distilbert-base-uncased-mnli"": 0.5325057506561279}"
zmZpa1p5zaE_1028-1129:person_2,zmZpa1p5zaE_1028-1129,test,visible_ratio=0.833; gaze_shift_ratio=0.167; occlusion_ratio=0.000; eyes_closed_ratio=0.000; mean_gaze_motion=7.38; attention_stability_score=0.752; dominant_gaze_class=inside_visible; observed_frames=102,,"{""rule-based"": ""mixed_attention"", ""zero-shot:facebook/bart-large-mnli"": ""mixed_attention"", ""zero-shot:typeform/distilbert-base-uncased-mnli"": ""exploratory_attention""}","{""rule-based"": 0.68, ""zero-shot:facebook/bart-large-mnli"": 0.28234153985977173, ""zero-shot:typeform/distilbert-base-uncased-mnli"": 0.3883589506149292}"
