model_name,label,per_class_accuracy
rule-based,exploratory_attention,0.3333
rule-based,focused_attention,1.0
rule-based,mixed_attention,
typeform/distilbert-base-uncased-mnli,exploratory_attention,1.0
typeform/distilbert-base-uncased-mnli,reduced_visual_availability,
facebook/bart-large-mnli,exploratory_attention,0.0833
facebook/bart-large-mnli,focused_attention,0.0833
facebook/bart-large-mnli,mixed_attention,
facebook/bart-large-mnli,occluded_attention,
facebook/bart-large-mnli,reduced_visual_availability,
