model_name,backend_family,label,predicted_count,per_class_accuracy
rule-based,rule-based,exploratory_attention,4,0.3333
rule-based,rule-based,focused_attention,47,1.0
rule-based,rule-based,mixed_attention,18,
typeform/distilbert-base-uncased-mnli,zero-shot,exploratory_attention,66,1.0
typeform/distilbert-base-uncased-mnli,zero-shot,reduced_visual_availability,3,
facebook/bart-large-mnli,zero-shot,exploratory_attention,7,0.0833
facebook/bart-large-mnli,zero-shot,focused_attention,21,0.0833
facebook/bart-large-mnli,zero-shot,mixed_attention,16,
facebook/bart-large-mnli,zero-shot,occluded_attention,4,
facebook/bart-large-mnli,zero-shot,reduced_visual_availability,21,
