system_a,system_b,a_right_b_wrong,a_wrong_b_right,p_exact,p_holm_153
Rule-based,Qwen2.5-72B,5,1,0.21875,1.0
Rule-based,Yi-1.5-9B,5,1,0.21875,1.0
Rule-based,Mistral-7B,6,1,0.125,1.0
Rule-based,Phi-4-mini,6,1,0.125,1.0
Rule-based,Llama-3.1-8B,6,1,0.125,1.0
Rule-based,qwen-7b,8,1,0.0390625,1.0
Rule-based,Qwen2.5-7B,9,1,0.021484375,1.0
Rule-based,Random Forest,6,1,0.125,1.0
Rule-based,XGBoost,9,0,0.00390625,0.4921875
Rule-based,LightGBM,10,0,0.001953125,0.25
Rule-based,Logistic Regression,11,1,0.00634765625,0.787109375
Rule-based,Linear SVM,15,1,0.000518798828125,0.0684814453125
Rule-based,NLI BART,44,2,3.0752289603697136e-11,4.705100309365662e-09
Rule-based,NLI DeBERTa,16,3,0.004425048828125,0.553131103515625
Rule-based,NLI DistilBERT,16,4,0.01181793212890625,1.0
Rule-based,Dummy (majority),16,4,0.01181793212890625,1.0
Rule-based,Dummy (stratified),26,3,1.5236437320709229e-05,0.0021483376622200012
Qwen2.5-72B,Yi-1.5-9B,3,3,1.0,1.0
Qwen2.5-72B,Mistral-7B,1,0,1.0,1.0
Qwen2.5-72B,Phi-4-mini,2,1,1.0,1.0
Qwen2.5-72B,Llama-3.1-8B,4,3,1.0,1.0
Qwen2.5-72B,qwen-7b,6,3,0.5078125,1.0
Qwen2.5-72B,Qwen2.5-7B,5,1,0.21875,1.0
Qwen2.5-72B,Random Forest,4,3,1.0,1.0
Qwen2.5-72B,XGBoost,9,4,0.266845703125,1.0
Qwen2.5-72B,LightGBM,8,2,0.109375,1.0
Qwen2.5-72B,Logistic Regression,10,4,0.1795654296875,1.0
Qwen2.5-72B,Linear SVM,13,3,0.021270751953125,1.0
Qwen2.5-72B,NLI BART,43,5,1.3680484300948592e-08,2.079433613744186e-06
Qwen2.5-72B,NLI DeBERTa,13,4,0.049041748046875,1.0
Qwen2.5-72B,NLI DistilBERT,13,5,0.09625244140625,1.0
Qwen2.5-72B,Dummy (majority),13,5,0.09625244140625,1.0
Qwen2.5-72B,Dummy (stratified),23,4,0.000310748815536499,0.04164034128189087
Yi-1.5-9B,Mistral-7B,3,2,1.0,1.0
Yi-1.5-9B,Phi-4-mini,3,2,1.0,1.0
Yi-1.5-9B,Llama-3.1-8B,2,1,1.0,1.0
Yi-1.5-9B,qwen-7b,3,0,0.25,1.0
Yi-1.5-9B,Qwen2.5-7B,4,0,0.125,1.0
Yi-1.5-9B,Random Forest,5,4,1.0,1.0
Yi-1.5-9B,XGBoost,9,4,0.266845703125,1.0
Yi-1.5-9B,LightGBM,8,2,0.109375,1.0
Yi-1.5-9B,Logistic Regression,7,1,0.0703125,1.0
Yi-1.5-9B,Linear SVM,11,1,0.00634765625,0.787109375
Yi-1.5-9B,NLI BART,44,6,3.243740565039843e-08,4.898048253210163e-06
Yi-1.5-9B,NLI DeBERTa,12,3,0.03515625,1.0
Yi-1.5-9B,NLI DistilBERT,12,4,0.076812744140625,1.0
Yi-1.5-9B,Dummy (majority),12,4,0.076812744140625,1.0
Yi-1.5-9B,Dummy (stratified),22,3,0.00015652179718017578,0.021756529808044434
Mistral-7B,Phi-4-mini,2,2,1.0,1.0
Mistral-7B,Llama-3.1-8B,4,4,1.0,1.0
Mistral-7B,qwen-7b,5,3,0.7265625,1.0
Mistral-7B,Qwen2.5-7B,4,1,0.375,1.0
Mistral-7B,Random Forest,4,4,1.0,1.0
Mistral-7B,XGBoost,9,5,0.4239501953125,1.0
Mistral-7B,LightGBM,7,2,0.1796875,1.0
Mistral-7B,Logistic Regression,9,4,0.266845703125,1.0
Mistral-7B,Linear SVM,12,3,0.03515625,1.0
Mistral-7B,NLI BART,43,6,5.7277652842913085e-08,8.591647926436963e-06
Mistral-7B,NLI DeBERTa,12,4,0.076812744140625,1.0
Mistral-7B,NLI DistilBERT,12,5,0.143463134765625,1.0
Mistral-7B,Dummy (majority),12,5,0.143463134765625,1.0
Mistral-7B,Dummy (stratified),22,4,0.0005335211753845215,0.06989127397537231
Phi-4-mini,Llama-3.1-8B,3,3,1.0,1.0
Phi-4-mini,qwen-7b,5,3,0.7265625,1.0
Phi-4-mini,Qwen2.5-7B,4,1,0.375,1.0
Phi-4-mini,Random Forest,3,3,1.0,1.0
Phi-4-mini,XGBoost,7,3,0.34375,1.0
Phi-4-mini,LightGBM,7,2,0.1796875,1.0
Phi-4-mini,Logistic Regression,8,3,0.2265625,1.0
Phi-4-mini,Linear SVM,11,2,0.0224609375,1.0
Phi-4-mini,NLI BART,44,7,1.2115257419509362e-07,1.7930580980873856e-05
Phi-4-mini,NLI DeBERTa,11,3,0.057373046875,1.0
Phi-4-mini,NLI DistilBERT,11,4,0.11846923828125,1.0
Phi-4-mini,Dummy (majority),11,4,0.11846923828125,1.0
Phi-4-mini,Dummy (stratified),21,3,0.0002771615982055664,0.038248300552368164
Llama-3.1-8B,qwen-7b,2,0,0.5,1.0
Llama-3.1-8B,Qwen2.5-7B,4,1,0.375,1.0
Llama-3.1-8B,Random Forest,4,4,1.0,1.0
Llama-3.1-8B,XGBoost,7,3,0.34375,1.0
Llama-3.1-8B,LightGBM,7,2,0.1796875,1.0
Llama-3.1-8B,Logistic Regression,6,1,0.125,1.0
Llama-3.1-8B,Linear SVM,10,1,0.01171875,1.0
Llama-3.1-8B,NLI BART,43,6,5.7277652842913085e-08,8.591647926436963e-06
Llama-3.1-8B,NLI DeBERTa,12,4,0.076812744140625,1.0
Llama-3.1-8B,NLI DistilBERT,12,5,0.143463134765625,1.0
Llama-3.1-8B,Dummy (majority),12,5,0.143463134765625,1.0
Llama-3.1-8B,Dummy (stratified),22,4,0.0005335211753845215,0.06989127397537231
qwen-7b,Qwen2.5-7B,3,2,1.0,1.0
qwen-7b,Random Forest,4,6,0.75390625,1.0
qwen-7b,XGBoost,7,5,0.7744140625,1.0
qwen-7b,LightGBM,6,3,0.5078125,1.0
qwen-7b,Logistic Regression,5,2,0.453125,1.0
qwen-7b,Linear SVM,9,2,0.0654296875,1.0
qwen-7b,NLI BART,42,7,3.6245783263666453e-07,5.291884356495302e-05
qwen-7b,NLI DeBERTa,11,5,0.210113525390625,1.0
qwen-7b,NLI DistilBERT,11,6,0.332305908203125,1.0
qwen-7b,Dummy (majority),11,6,0.332305908203125,1.0
qwen-7b,Dummy (stratified),21,5,0.002493917942047119,0.31672757863998413
Qwen2.5-7B,Random Forest,3,6,0.5078125,1.0
Qwen2.5-7B,XGBoost,7,6,1.0,1.0
Qwen2.5-7B,LightGBM,6,4,0.75390625,1.0
Qwen2.5-7B,Logistic Regression,5,3,0.7265625,1.0
Qwen2.5-7B,Linear SVM,8,2,0.109375,1.0
Qwen2.5-7B,NLI BART,44,10,3.385685953372075e-06,0.0004909244632389509
Qwen2.5-7B,NLI DeBERTa,8,3,0.2265625,1.0
Qwen2.5-7B,NLI DistilBERT,8,4,0.3876953125,1.0
Qwen2.5-7B,Dummy (majority),8,4,0.3876953125,1.0
Qwen2.5-7B,Dummy (stratified),18,3,0.0014896392822265625,0.19216346740722656
Random Forest,XGBoost,5,1,0.21875,1.0
Random Forest,LightGBM,6,1,0.125,1.0
Random Forest,Logistic Regression,7,2,0.1796875,1.0
Random Forest,Linear SVM,11,2,0.0224609375,1.0
Random Forest,NLI BART,45,8,2.3683513772354559e-07,3.48147652453612e-05
Random Forest,NLI DeBERTa,10,2,0.03857421875,1.0
Random Forest,NLI DistilBERT,10,3,0.09228515625,1.0
Random Forest,Dummy (majority),10,3,0.09228515625,1.0
Random Forest,Dummy (stratified),21,3,0.0002771615982055664,0.038248300552368164
XGBoost,LightGBM,4,3,1.0,1.0
XGBoost,Logistic Regression,5,4,1.0,1.0
XGBoost,Linear SVM,9,4,0.266845703125,1.0
XGBoost,NLI BART,42,9,3.3888279489246997e-06,0.0004909244632389509
XGBoost,NLI DeBERTa,9,5,0.4239501953125,1.0
XGBoost,NLI DistilBERT,9,6,0.60723876953125,1.0
XGBoost,Dummy (majority),9,6,0.60723876953125,1.0
XGBoost,Dummy (stratified),20,6,0.009355306625366211,1.0
LightGBM,Logistic Regression,4,4,1.0,1.0
LightGBM,Linear SVM,8,4,0.3876953125,1.0
LightGBM,NLI BART,41,9,5.614100093254137e-06,0.0008028163133353416
LightGBM,NLI DeBERTa,9,6,0.60723876953125,1.0
LightGBM,NLI DistilBERT,9,7,0.803619384765625,1.0
LightGBM,Dummy (majority),9,7,0.803619384765625,1.0
LightGBM,Dummy (stratified),19,6,0.01463329792022705,1.0
Logistic Regression,Linear SVM,4,0,0.125,1.0
Logistic Regression,NLI BART,42,10,9.063271916964766e-06,0.0012869846122089967
Logistic Regression,NLI DeBERTa,8,5,0.5810546875,1.0
Logistic Regression,NLI DistilBERT,8,6,0.79052734375,1.0
Logistic Regression,Dummy (majority),8,6,0.79052734375,1.0
Logistic Regression,Dummy (stratified),18,5,0.010622024536132812,1.0
Linear SVM,NLI BART,40,12,0.0001275387838557407,0.017855429739803697
Linear SVM,NLI DeBERTa,6,7,1.0,1.0
Linear SVM,NLI DistilBERT,6,8,0.79052734375,1.0
Linear SVM,Dummy (majority),6,8,0.79052734375,1.0
Linear SVM,Dummy (stratified),15,6,0.0783538818359375,1.0
NLI BART,NLI DeBERTa,18,47,0.0004221303234752052,0.05614333302220229
NLI BART,NLI DistilBERT,18,48,0.00028711844966164033,0.03904810915398309
NLI BART,Dummy (majority),18,48,0.00028711844966164033,0.03904810915398309
NLI BART,Dummy (stratified),16,35,0.010973562899720513,1.0
NLI DeBERTa,NLI DistilBERT,0,1,1.0,1.0
NLI DeBERTa,Dummy (majority),0,1,1.0,1.0
NLI DeBERTa,Dummy (stratified),12,2,0.012939453125,1.0
NLI DistilBERT,Dummy (majority),0,0,1.0,1.0
NLI DistilBERT,Dummy (stratified),13,2,0.00738525390625,0.9010009765625
Dummy (majority),Dummy (stratified),13,2,0.00738525390625,0.9010009765625
