model,premise,labels,template,is_paper_formulation,accuracy,kappa,pred_counts
NLI DeBERTa,P1 key=value (paper),L1 bare names,T1 paper,True,0.6811594202898551,-0.02636916835699811,68/1/0
NLI DeBERTa,P1 key=value (paper),L1 bare names,T2 attention,False,0.6956521739130435,0.0,69/0/0
NLI DeBERTa,P1 key=value (paper),L2 short phrases,T1 paper,False,0.6956521739130435,0.039761431411530955,67/2/0
NLI DeBERTa,P1 key=value (paper),L2 short phrases,T2 attention,False,0.6811594202898551,-0.02636916835699811,68/1/0
NLI DeBERTa,P1 key=value (paper),L3 full definitions,T3 definition,False,0.6956521739130435,0.0,69/0/0
NLI DeBERTa,P2 natural language,L1 bare names,T1 paper,False,0.7681159420289855,0.3794266441821248,58/11/0
NLI DeBERTa,P2 natural language,L1 bare names,T2 attention,False,0.7681159420289855,0.4531946508172362,50/19/0
NLI DeBERTa,P2 natural language,L2 short phrases,T1 paper,False,0.7246376811594203,0.18011257035647285,64/5/0
NLI DeBERTa,P2 natural language,L2 short phrases,T2 attention,False,0.782608695652174,0.4948755490483164,49/20/0
NLI DeBERTa,P2 natural language,L3 full definitions,T3 definition,False,0.6811594202898551,-0.02636916835699811,68/1/0
NLI BART,P1 key=value (paper),L1 bare names,T1 paper,True,0.2608695652173913,0.0,0/69/0
NLI BART,P1 key=value (paper),L1 bare names,T2 attention,False,0.6811594202898551,0.013645224171539978,66/3/0
NLI BART,P1 key=value (paper),L2 short phrases,T1 paper,False,0.2608695652173913,0.0,0/69/0
NLI BART,P1 key=value (paper),L2 short phrases,T2 attention,False,0.6956521739130435,0.0,69/0/0
NLI BART,P1 key=value (paper),L3 full definitions,T3 definition,False,0.6666666666666666,0.02578268876611421,63/6/0
NLI BART,P2 natural language,L1 bare names,T1 paper,False,0.2608695652173913,0.0,0/69/0
NLI BART,P2 natural language,L1 bare names,T2 attention,False,0.2608695652173913,0.0,0/69/0
NLI BART,P2 natural language,L2 short phrases,T1 paper,False,0.043478260869565216,0.0,0/0/69
NLI BART,P2 natural language,L2 short phrases,T2 attention,False,0.043478260869565216,0.0,0/0/69
NLI BART,P2 natural language,L3 full definitions,T3 definition,False,0.36231884057971014,0.08250226654578424,7/62/0
NLI DistilBERT,P1 key=value (paper),L1 bare names,T1 paper,True,0.6956521739130435,0.0,69/0/0
NLI DistilBERT,P1 key=value (paper),L1 bare names,T2 attention,False,0.2608695652173913,0.0,0/69/0
NLI DistilBERT,P1 key=value (paper),L2 short phrases,T1 paper,False,0.2608695652173913,0.0,0/69/0
NLI DistilBERT,P1 key=value (paper),L2 short phrases,T2 attention,False,0.2608695652173913,0.0,0/69/0
NLI DistilBERT,P1 key=value (paper),L3 full definitions,T3 definition,False,0.6956521739130435,0.0,69/0/0
NLI DistilBERT,P2 natural language,L1 bare names,T1 paper,False,0.6956521739130435,0.0,69/0/0
NLI DistilBERT,P2 natural language,L1 bare names,T2 attention,False,0.2608695652173913,0.0,0/69/0
NLI DistilBERT,P2 natural language,L2 short phrases,T1 paper,False,0.2608695652173913,-0.03530450132391877,4/65/0
NLI DistilBERT,P2 natural language,L2 short phrases,T2 attention,False,0.2608695652173913,0.0,0/69/0
NLI DistilBERT,P2 natural language,L3 full definitions,T3 definition,False,0.2608695652173913,0.0,0/69/0
