model,condition,n,no_json,invalid_label,pred_focused,pred_mix,pred_others,accuracy,kappa_consensus,kappa_rater1,kappa_rater2,f1_others,agree_with_rule
Qwen2.5-72B-Instruct,C0,69,0,0,47,20,2,0.8115942028985508,0.5806451612903226,0.5824022346368716,0.5806451612903226,0.0,0.9130434782608695
Qwen2.5-72B-Instruct,C1,69,0,0,49,18,2,0.8405797101449275,0.6349206349206348,0.5716332378223496,0.6017316017316017,0.0,0.9420289855072463
Qwen2.5-72B-Instruct,C2,69,0,0,58,9,2,0.7246376811594203,0.27529021558872296,0.3290113452188005,0.23714759535655064,0.0,0.8115942028985508
Qwen2.5-72B-Instruct,C3,69,0,0,41,28,0,0.8115942028985508,0.6081258191349935,0.6055408970976255,0.6081258191349935,0.0,0.8840579710144928
Qwen2.5-72B-Instruct,C4,69,0,0,42,25,2,0.7681159420289855,0.5176933158584535,0.5164257555847568,0.5779816513761468,0.0,0.8695652173913043
Yi-1.5-9B-Chat,C0,69,0,0,51,18,0,0.8115942028985508,0.5490196078431375,0.6901197604790418,0.5490196078431375,0.0,0.9130434782608695
Yi-1.5-9B-Chat,C1,69,0,0,51,18,0,0.7971014492753623,0.5143288084464556,0.5523952095808384,0.5837104072398192,0.0,0.9130434782608695
Yi-1.5-9B-Chat,C2,69,0,0,40,29,0,0.7536231884057971,0.4941785252263907,0.5202086049543676,0.4941785252263907,0.0,0.8115942028985508
Yi-1.5-9B-Chat,C3,69,0,0,48,21,0,0.855072463768116,0.6681096681096682,0.6690647482014389,0.6681096681096682,0.0,0.9565217391304348
Yi-1.5-9B-Chat,C4,69,0,0,51,18,0,0.782608695652174,0.47963800904977394,0.5523952095808384,0.47963800904977394,0.0,0.8840579710144928
Qwen2.5-7B-Instruct,C0,69,0,0,54,13,2,0.7536231884057971,0.3919129082426127,0.5068912710566613,0.3919129082426127,0.0,0.8405797101449275
Qwen2.5-7B-Instruct,C1,69,0,0,57,8,4,0.7246376811594203,0.2985553772070628,0.31504702194357365,0.3723916532905299,0.0,0.7971014492753623
Qwen2.5-7B-Instruct,C2,69,0,0,54,13,2,0.7246376811594203,0.3203732503888024,0.36600306278713596,0.2846034214618974,0.0,0.8115942028985508
Qwen2.5-7B-Instruct,C3,69,0,0,54,15,0,0.782608695652174,0.4549763033175357,0.5694227769110763,0.4549763033175357,0.0,0.8695652173913043
Qwen2.5-7B-Instruct,C4,69,0,0,53,14,2,0.7391304347826086,0.3660030627871363,0.4788519637462237,0.3660030627871363,0.0,0.8260869565217391
qwen-7b,C0,69,0,0,50,19,0,0.7681159420289855,0.4531946508172362,0.5923190546528804,0.4531946508172362,0.0,0.8695652173913043
qwen-7b,C1,69,0,0,60,9,0,0.7536231884057971,0.3176265270506109,0.45144804088586027,0.2774869109947643,0.0,0.8115942028985508
qwen-7b,C2,69,0,0,66,3,0,0.7101449275362319,0.1033138401559455,0.18011257035647257,0.1033138401559455,0.0,0.7246376811594203
qwen-7b,C3,69,0,0,45,24,0,0.782608695652174,0.5228215767634856,0.5858725761772854,0.5864453665283542,0.0,0.9130434782608695
qwen-7b,C4,69,0,0,49,20,0,0.782608695652174,0.4948755490483164,0.5641399416909622,0.4948755490483164,0.0,0.8840579710144928
Llama-3.1-8B-Instruct,C0,69,0,0,50,19,0,0.7971014492753623,0.5215453194650818,0.5923190546528804,0.5215453194650818,0.0,0.8985507246376812
Llama-3.1-8B-Instruct,C1,69,0,0,57,11,1,0.7536231884057971,0.35690789473684237,0.48064516129032236,0.3190789473684212,0.0,0.8405797101449275
Llama-3.1-8B-Instruct,C2,69,0,0,54,14,1,0.7391304347826086,0.35109717868338564,0.32457496136012354,0.3150470219435738,0.0,0.8260869565217391
Llama-3.1-8B-Instruct,C3,69,0,0,50,19,0,0.7971014492753623,0.5215453194650818,0.6602658788774004,0.5215453194650818,0.0,0.8985507246376812
Llama-3.1-8B-Instruct,C4,69,0,0,51,18,0,0.782608695652174,0.47963800904977394,0.6212574850299399,0.47963800904977394,0.0,0.8840579710144928
Mistral-7B-Instruct-v0.3,C0,69,0,0,48,19,2,0.7971014492753623,0.5419630156472262,0.6096181046676096,0.5419630156472262,0.0,0.8985507246376812
Mistral-7B-Instruct-v0.3,C1,69,0,0,56,13,0,0.8115942028985508,0.5122349102773247,0.5569823434991973,0.4747145187601957,0.0,0.8695652173913043
Mistral-7B-Instruct-v0.3,C2,69,0,0,58,10,1,0.7391304347826086,0.3076923076923076,0.3600654664484453,0.2692307692307692,0.0,0.8260869565217391
Mistral-7B-Instruct-v0.3,C3,69,0,0,39,30,0,0.782608695652174,0.5593869731800767,0.5554123711340208,0.5593869731800767,0.0,0.855072463768116
Mistral-7B-Instruct-v0.3,C4,69,0,0,46,21,2,0.7971014492753623,0.5546334716459198,0.6193103448275862,0.5546334716459198,0.0,0.8695652173913043
Phi-4-mini-instruct,C0,69,0,0,50,17,2,0.7971014492753623,0.5285505124450951,0.5994194484760522,0.5285505124450951,0.0,0.8985507246376812
Phi-4-mini-instruct,C1,69,0,0,60,6,3,0.7101449275362319,0.21768707482993208,0.27768595041322314,0.1785714285714285,0.0,0.7681159420289855
Phi-4-mini-instruct,C2,69,0,0,65,2,2,0.6666666666666666,0.007504690431519661,0.16967509025270755,0.007504690431519661,0.0,0.7101449275362319
Phi-4-mini-instruct,C3,69,0,0,41,28,0,0.782608695652174,0.5478374836173002,0.5448548812664908,0.5478374836173002,0.0,0.8840579710144928
Phi-4-mini-instruct,C4,69,0,0,51,16,2,0.782608695652174,0.4873699851411591,0.6279411764705881,0.4873699851411591,0.0,0.8840579710144928
