model,draw,kappa_c0,kappa_fewshot,delta,delta_lo,delta_hi,accuracy,pred_others,correct_others,unparsed
Qwen2.5-72B,FS3_s1,0.5806451612903226,0.4737550471063258,-0.1068901141839968,-0.39203017737391355,0.028443545471698216,0.7536231884057971,4,0,0
Qwen2.5-72B,FS3_s2,0.5806451612903226,0.5069356872635561,-0.07370947402676653,-0.21173985732899864,0.06363308288898574,0.7536231884057971,2,0,0
Qwen2.5-72B,FS3_s3,0.5806451612903226,0.5419630156472262,-0.038682145643096466,-0.3190778841455758,0.14782567125549864,0.7971014492753623,2,0,0
Yi-1.5-9B,FS3_s1,0.5490196078431375,0.5112881806108897,-0.03773142723224787,-0.283788332918656,0.13427599220152783,0.7681159420289855,0,0,0
Yi-1.5-9B,FS3_s2,0.5490196078431375,0.34905660377358494,-0.19996300406955259,-0.32648455646007446,0.008451307584342793,0.6521739130434783,1,0,0
Yi-1.5-9B,FS3_s3,0.5490196078431375,0.47793190416141235,-0.07108770368172518,-0.21758860867548213,0.1392820731255908,0.7391304347826086,0,0,0
Qwen2.5-7B,FS3_s1,0.3919129082426127,0.4465240641711229,0.05461115592851018,-0.23653238408916122,0.29311378930526877,0.7391304347826086,1,0,0
Qwen2.5-7B,FS3_s2,0.3919129082426127,0.48762376237623745,0.09571085413362473,-0.07380594155895512,0.4151660429439829,0.7391304347826086,1,0,0
Qwen2.5-7B,FS3_s3,0.3919129082426127,0.5834411384217335,0.1915282301791208,-0.013333152083835693,0.5236464193682749,0.7971014492753623,0,0,0
qwen-7b,FS3_s1,0.4531946508172362,0.3578680203045687,-0.09532663051266749,-0.30985445140009404,0.08092720963794096,0.6811594202898551,1,0,0
qwen-7b,FS3_s2,0.4531946508172362,0.44444444444444453,-0.008750206372791669,-0.15852939497652327,0.30885940176248255,0.7101449275362319,1,0,0
qwen-7b,FS3_s3,0.4531946508172362,0.3676975945017183,-0.0854970563155179,-0.22080822785012583,0.2196980500513829,0.6521739130434783,0,0,0
Llama-3.1-8B,FS3_s1,0.5215453194650818,0.3533007334963325,-0.16824458596874925,-0.43935602023672254,0.060924100555802614,0.6666666666666666,1,0,0
Llama-3.1-8B,FS3_s2,0.5215453194650818,0.3084632516703787,-0.21308206779470307,-0.3937546172051266,0.10873202903428077,0.6086956521739131,1,0,0
Llama-3.1-8B,FS3_s3,0.5215453194650818,0.37983587338804214,-0.1417094460770396,-0.2944745401936152,0.1709045557919451,0.6666666666666666,2,0,0
Mistral-7B,FS3_s1,0.5419630156472262,0.390920554854981,-0.15104246079224515,-0.30713180232055143,-0.07641532300287378,0.6956521739130435,2,0,0
Mistral-7B,FS3_s2,0.5419630156472262,0.43419434194341944,-0.10776867370380672,-0.26909458313110346,0.08162135289133428,0.7101449275362319,2,0,0
Mistral-7B,FS3_s3,0.5419630156472262,0.47126436781609177,-0.07069864783113439,-0.26205597704657985,0.15306216158272773,0.7391304347826086,2,0,0
Phi-4-mini,FS3_s1,0.5285505124450951,0.31257783312577836,-0.21597267931931674,-0.4036283873147553,0.039244358011453324,0.6521739130434783,2,0,0
Phi-4-mini,FS3_s2,0.5285505124450951,0.3566433566433566,-0.1719071558017385,-0.30502155922580154,0.10147495591421915,0.6521739130434783,3,0,0
Phi-4-mini,FS3_s3,0.5285505124450951,0.4059040590405903,-0.12264645340450481,-0.3614368397362296,0.1348400104953447,0.6956521739130435,2,0,0
