child_id,clip_id,split,feature_summary,prompt_texts_json
1Ab4vLMMAbY_2354-2439:person_1,1Ab4vLMMAbY_2354-2439,test,visible_ratio=0.919; gaze_shift_ratio=0.047; occlusion_ratio=0.000; eyes_closed_ratio=0.000; mean_gaze_motion=19.52; attention_stability_score=0.822; dominant_gaze_class=inside_visible; observed_frames=86,"{""rule-based"": {""full_prompt_text"": """", ""premise_text"": ""Child gaze behavior summary. split=test, observed_frames=86, visible_ratio=0.919, on_screen_ratio=0.919, gaze_shift_ratio=0.047, occlusion_ratio=0.000, eyes_closed_ratio=0.000, mean_head_motion=2.26, mean_gaze_motion=19.52, attention_stability_score=0.822, dominant_gaze_class=inside_visible, num_segments=6, num_interactions=6, segment_types=['outside', 'stable', 'shift', 'stable', 'shift', 'stable'], interaction_events=['reduced_visual_availability', 'focused_attention', 'attention_shift', 'monitoring', 'attention_shift', 'monitoring'].""}, ""zero-shot:facebook/bart-large-mnli"": {""full_prompt_text"": """", ""premise_text"": ""Child gaze behavior summary. split=test, observed_frames=86, visible_ratio=0.919, on_screen_ratio=0.919, gaze_shift_ratio=0.047, occlusion_ratio=0.000, eyes_closed_ratio=0.000, mean_head_motion=2.26, mean_gaze_motion=19.52, attention_stability_score=0.822, dominant_gaze_class=inside_visible, num_segments=6, num_interactions=6, segment_types=['outside', 'stable', 'shift', 'stable', 'shift', 'stable'], interaction_events=['reduced_visual_availability', 'focused_attention', 'attention_shift', 'monitoring', 'attention_shift', 'monitoring'].""}, ""zero-shot:typeform/distilbert-base-uncased-mnli"": {""full_prompt_text"": """", ""premise_text"": ""Child gaze behavior summary. split=test, observed_frames=86, visible_ratio=0.919, on_screen_ratio=0.919, gaze_shift_ratio=0.047, occlusion_ratio=0.000, eyes_closed_ratio=0.000, mean_head_motion=2.26, mean_gaze_motion=19.52, attention_stability_score=0.822, dominant_gaze_class=inside_visible, num_segments=6, num_interactions=6, segment_types=['outside', 'stable', 'shift', 'stable', 'shift', 'stable'], interaction_events=['reduced_visual_availability', 'focused_attention', 'attention_shift', 'monitoring', 'attention_shift', 'monitoring'].""}}"
1Ab4vLMMAbY_412-554:person_1,1Ab4vLMMAbY_412-554,test,visible_ratio=0.783; gaze_shift_ratio=0.028; occlusion_ratio=0.189; eyes_closed_ratio=0.000; mean_gaze_motion=26.93; attention_stability_score=0.741; dominant_gaze_class=inside_visible; observed_frames=143,"{""rule-based"": {""full_prompt_text"": """", ""premise_text"": ""Child gaze behavior summary. split=test, observed_frames=143, visible_ratio=0.783, on_screen_ratio=0.972, gaze_shift_ratio=0.028, occlusion_ratio=0.189, eyes_closed_ratio=0.000, mean_head_motion=3.06, mean_gaze_motion=26.93, attention_stability_score=0.741, dominant_gaze_class=inside_visible, num_segments=13, num_interactions=14, segment_types=['stable', 'occluded', 'stable', 'occluded', 'stable', 'shift', 'stable', 'shift'], interaction_events=['monitoring', 'reduced_visual_availability', 'monitoring', 'reduced_visual_availability', 'monitoring', 'attention_shift', 'monitoring', 'attention_shift'].""}, ""zero-shot:facebook/bart-large-mnli"": {""full_prompt_text"": """", ""premise_text"": ""Child gaze behavior summary. split=test, observed_frames=143, visible_ratio=0.783, on_screen_ratio=0.972, gaze_shift_ratio=0.028, occlusion_ratio=0.189, eyes_closed_ratio=0.000, mean_head_motion=3.06, mean_gaze_motion=26.93, attention_stability_score=0.741, dominant_gaze_class=inside_visible, num_segments=13, num_interactions=14, segment_types=['stable', 'occluded', 'stable', 'occluded', 'stable', 'shift', 'stable', 'shift'], interaction_events=['monitoring', 'reduced_visual_availability', 'monitoring', 'reduced_visual_availability', 'monitoring', 'attention_shift', 'monitoring', 'attention_shift'].""}, ""zero-shot:typeform/distilbert-base-uncased-mnli"": {""full_prompt_text"": """", ""premise_text"": ""Child gaze behavior summary. split=test, observed_frames=143, visible_ratio=0.783, on_screen_ratio=0.972, gaze_shift_ratio=0.028, occlusion_ratio=0.189, eyes_closed_ratio=0.000, mean_head_motion=3.06, mean_gaze_motion=26.93, attention_stability_score=0.741, dominant_gaze_class=inside_visible, num_segments=13, num_interactions=14, segment_types=['stable', 'occluded', 'stable', 'occluded', 'stable', 'shift', 'stable', 'shift'], interaction_events=['monitoring', 'reduced_visual_availability', 'monitoring', 'reduced_visual_availability', 'monitoring', 'attention_shift', 'monitoring', 'attention_shift'].""}}"
1Ab4vLMMAbY_557-690:person_1,1Ab4vLMMAbY_557-690,test,visible_ratio=1.000; gaze_shift_ratio=0.000; occlusion_ratio=0.000; eyes_closed_ratio=0.000; mean_gaze_motion=26.65; attention_stability_score=0.987; dominant_gaze_class=inside_visible; observed_frames=134,"{""rule-based"": {""full_prompt_text"": """", ""premise_text"": ""Child gaze behavior summary. split=test, observed_frames=134, visible_ratio=1.000, on_screen_ratio=1.000, gaze_shift_ratio=0.000, occlusion_ratio=0.000, eyes_closed_ratio=0.000, mean_head_motion=7.52, mean_gaze_motion=26.65, attention_stability_score=0.987, dominant_gaze_class=inside_visible, num_segments=7, num_interactions=8, segment_types=['stable', 'shift', 'stable', 'shift', 'stable', 'shift', 'stable'], interaction_events=['focused_attention', 'attention_shift', 'focused_attention', 'attention_shift', 'focused_attention', 'attention_shift', 'focused_attention', 'exploratory_behavior'].""}, ""zero-shot:facebook/bart-large-mnli"": {""full_prompt_text"": """", ""premise_text"": ""Child gaze behavior summary. split=test, observed_frames=134, visible_ratio=1.000, on_screen_ratio=1.000, gaze_shift_ratio=0.000, occlusion_ratio=0.000, eyes_closed_ratio=0.000, mean_head_motion=7.52, mean_gaze_motion=26.65, attention_stability_score=0.987, dominant_gaze_class=inside_visible, num_segments=7, num_interactions=8, segment_types=['stable', 'shift', 'stable', 'shift', 'stable', 'shift', 'stable'], interaction_events=['focused_attention', 'attention_shift', 'focused_attention', 'attention_shift', 'focused_attention', 'attention_shift', 'focused_attention', 'exploratory_behavior'].""}, ""zero-shot:typeform/distilbert-base-uncased-mnli"": {""full_prompt_text"": """", ""premise_text"": ""Child gaze behavior summary. split=test, observed_frames=134, visible_ratio=1.000, on_screen_ratio=1.000, gaze_shift_ratio=0.000, occlusion_ratio=0.000, eyes_closed_ratio=0.000, mean_head_motion=7.52, mean_gaze_motion=26.65, attention_stability_score=0.987, dominant_gaze_class=inside_visible, num_segments=7, num_interactions=8, segment_types=['stable', 'shift', 'stable', 'shift', 'stable', 'shift', 'stable'], interaction_events=['focused_attention', 'attention_shift', 'focused_attention', 'attention_shift', 'focused_attention', 'attention_shift', 'focused_attention', 'exploratory_behavior'].""}}"
1Aea8BH-PCs_1256-1506:person_1,1Aea8BH-PCs_1256-1506,train,visible_ratio=0.976; gaze_shift_ratio=0.024; occlusion_ratio=0.000; eyes_closed_ratio=0.000; mean_gaze_motion=11.34; attention_stability_score=0.926; dominant_gaze_class=inside_visible; observed_frames=251,"{""rule-based"": {""full_prompt_text"": """", ""premise_text"": ""Child gaze behavior summary. split=train, observed_frames=251, visible_ratio=0.976, on_screen_ratio=0.976, gaze_shift_ratio=0.024, occlusion_ratio=0.000, eyes_closed_ratio=0.000, mean_head_motion=3.42, mean_gaze_motion=11.34, attention_stability_score=0.926, dominant_gaze_class=inside_visible, num_segments=17, num_interactions=18, segment_types=['stable', 'shift', 'stable', 'shift', 'stable', 'shift', 'stable', 'shift'], interaction_events=['monitoring', 'attention_shift', 'focused_attention', 'attention_shift', 'monitoring', 'attention_shift', 'monitoring', 'attention_shift'].""}, ""zero-shot:facebook/bart-large-mnli"": {""full_prompt_text"": """", ""premise_text"": ""Child gaze behavior summary. split=train, observed_frames=251, visible_ratio=0.976, on_screen_ratio=0.976, gaze_shift_ratio=0.024, occlusion_ratio=0.000, eyes_closed_ratio=0.000, mean_head_motion=3.42, mean_gaze_motion=11.34, attention_stability_score=0.926, dominant_gaze_class=inside_visible, num_segments=17, num_interactions=18, segment_types=['stable', 'shift', 'stable', 'shift', 'stable', 'shift', 'stable', 'shift'], interaction_events=['monitoring', 'attention_shift', 'focused_attention', 'attention_shift', 'monitoring', 'attention_shift', 'monitoring', 'attention_shift'].""}, ""zero-shot:typeform/distilbert-base-uncased-mnli"": {""full_prompt_text"": """", ""premise_text"": ""Child gaze behavior summary. split=train, observed_frames=251, visible_ratio=0.976, on_screen_ratio=0.976, gaze_shift_ratio=0.024, occlusion_ratio=0.000, eyes_closed_ratio=0.000, mean_head_motion=3.42, mean_gaze_motion=11.34, attention_stability_score=0.926, dominant_gaze_class=inside_visible, num_segments=17, num_interactions=18, segment_types=['stable', 'shift', 'stable', 'shift', 'stable', 'shift', 'stable', 'shift'], interaction_events=['monitoring', 'attention_shift', 'focused_attention', 'attention_shift', 'monitoring', 'attention_shift', 'monitoring', 'attention_shift'].""}}"
1Aea8BH-PCs_3248-3602:person_1,1Aea8BH-PCs_3248-3602,train,visible_ratio=1.000; gaze_shift_ratio=0.000; occlusion_ratio=0.000; eyes_closed_ratio=0.000; mean_gaze_motion=12.41; attention_stability_score=0.994; dominant_gaze_class=inside_visible; observed_frames=355,"{""rule-based"": {""full_prompt_text"": """", ""premise_text"": ""Child gaze behavior summary. split=train, observed_frames=355, visible_ratio=1.000, on_screen_ratio=1.000, gaze_shift_ratio=0.000, occlusion_ratio=0.000, eyes_closed_ratio=0.000, mean_head_motion=4.60, mean_gaze_motion=12.41, attention_stability_score=0.994, dominant_gaze_class=inside_visible, num_segments=35, num_interactions=36, segment_types=['stable', 'shift', 'stable', 'shift', 'stable', 'shift', 'stable', 'shift'], interaction_events=['focused_attention', 'attention_shift', 'monitoring', 'attention_shift', 'monitoring', 'attention_shift', 'monitoring', 'attention_shift'].""}, ""zero-shot:facebook/bart-large-mnli"": {""full_prompt_text"": """", ""premise_text"": ""Child gaze behavior summary. split=train, observed_frames=355, visible_ratio=1.000, on_screen_ratio=1.000, gaze_shift_ratio=0.000, occlusion_ratio=0.000, eyes_closed_ratio=0.000, mean_head_motion=4.60, mean_gaze_motion=12.41, attention_stability_score=0.994, dominant_gaze_class=inside_visible, num_segments=35, num_interactions=36, segment_types=['stable', 'shift', 'stable', 'shift', 'stable', 'shift', 'stable', 'shift'], interaction_events=['focused_attention', 'attention_shift', 'monitoring', 'attention_shift', 'monitoring', 'attention_shift', 'monitoring', 'attention_shift'].""}, ""zero-shot:typeform/distilbert-base-uncased-mnli"": {""full_prompt_text"": """", ""premise_text"": ""Child gaze behavior summary. split=train, observed_frames=355, visible_ratio=1.000, on_screen_ratio=1.000, gaze_shift_ratio=0.000, occlusion_ratio=0.000, eyes_closed_ratio=0.000, mean_head_motion=4.60, mean_gaze_motion=12.41, attention_stability_score=0.994, dominant_gaze_class=inside_visible, num_segments=35, num_interactions=36, segment_types=['stable', 'shift', 'stable', 'shift', 'stable', 'shift', 'stable', 'shift'], interaction_events=['focused_attention', 'attention_shift', 'monitoring', 'attention_shift', 'monitoring', 'attention_shift', 'monitoring', 'attention_shift'].""}}"
1Aea8BH-PCs_3612-3844:person_1,1Aea8BH-PCs_3612-3844,train,visible_ratio=0.991; gaze_shift_ratio=0.009; occlusion_ratio=0.000; eyes_closed_ratio=0.000; mean_gaze_motion=48.08; attention_stability_score=0.959; dominant_gaze_class=inside_visible; observed_frames=233,"{""rule-based"": {""full_prompt_text"": """", ""premise_text"": ""Child gaze behavior summary. split=train, observed_frames=233, visible_ratio=0.991, on_screen_ratio=0.991, gaze_shift_ratio=0.009, occlusion_ratio=0.000, eyes_closed_ratio=0.000, mean_head_motion=9.56, mean_gaze_motion=48.08, attention_stability_score=0.959, dominant_gaze_class=inside_visible, num_segments=35, num_interactions=36, segment_types=['stable', 'shift', 'stable', 'shift', 'stable', 'shift', 'stable', 'shift'], interaction_events=['monitoring', 'attention_shift', 'monitoring', 'attention_shift', 'monitoring', 'attention_shift', 'monitoring', 'attention_shift'].""}, ""zero-shot:facebook/bart-large-mnli"": {""full_prompt_text"": """", ""premise_text"": ""Child gaze behavior summary. split=train, observed_frames=233, visible_ratio=0.991, on_screen_ratio=0.991, gaze_shift_ratio=0.009, occlusion_ratio=0.000, eyes_closed_ratio=0.000, mean_head_motion=9.56, mean_gaze_motion=48.08, attention_stability_score=0.959, dominant_gaze_class=inside_visible, num_segments=35, num_interactions=36, segment_types=['stable', 'shift', 'stable', 'shift', 'stable', 'shift', 'stable', 'shift'], interaction_events=['monitoring', 'attention_shift', 'monitoring', 'attention_shift', 'monitoring', 'attention_shift', 'monitoring', 'attention_shift'].""}, ""zero-shot:typeform/distilbert-base-uncased-mnli"": {""full_prompt_text"": """", ""premise_text"": ""Child gaze behavior summary. split=train, observed_frames=233, visible_ratio=0.991, on_screen_ratio=0.991, gaze_shift_ratio=0.009, occlusion_ratio=0.000, eyes_closed_ratio=0.000, mean_head_motion=9.56, mean_gaze_motion=48.08, attention_stability_score=0.959, dominant_gaze_class=inside_visible, num_segments=35, num_interactions=36, segment_types=['stable', 'shift', 'stable', 'shift', 'stable', 'shift', 'stable', 'shift'], interaction_events=['monitoring', 'attention_shift', 'monitoring', 'attention_shift', 'monitoring', 'attention_shift', 'monitoring', 'attention_shift'].""}}"
1Aea8BH-PCs_948-1055:person_2,1Aea8BH-PCs_948-1055,train,visible_ratio=1.000; gaze_shift_ratio=0.000; occlusion_ratio=0.000; eyes_closed_ratio=0.000; mean_gaze_motion=10.53; attention_stability_score=0.995; dominant_gaze_class=inside_visible; observed_frames=108,"{""rule-based"": {""full_prompt_text"": """", ""premise_text"": ""Child gaze behavior summary. split=train, observed_frames=108, visible_ratio=1.000, on_screen_ratio=1.000, gaze_shift_ratio=0.000, occlusion_ratio=0.000, eyes_closed_ratio=0.000, mean_head_motion=1.13, mean_gaze_motion=10.53, attention_stability_score=0.995, dominant_gaze_class=inside_visible, num_segments=1, num_interactions=1, segment_types=['stable'], interaction_events=['focused_attention'].""}, ""zero-shot:facebook/bart-large-mnli"": {""full_prompt_text"": """", ""premise_text"": ""Child gaze behavior summary. split=train, observed_frames=108, visible_ratio=1.000, on_screen_ratio=1.000, gaze_shift_ratio=0.000, occlusion_ratio=0.000, eyes_closed_ratio=0.000, mean_head_motion=1.13, mean_gaze_motion=10.53, attention_stability_score=0.995, dominant_gaze_class=inside_visible, num_segments=1, num_interactions=1, segment_types=['stable'], interaction_events=['focused_attention'].""}, ""zero-shot:typeform/distilbert-base-uncased-mnli"": {""full_prompt_text"": """", ""premise_text"": ""Child gaze behavior summary. split=train, observed_frames=108, visible_ratio=1.000, on_screen_ratio=1.000, gaze_shift_ratio=0.000, occlusion_ratio=0.000, eyes_closed_ratio=0.000, mean_head_motion=1.13, mean_gaze_motion=10.53, attention_stability_score=0.995, dominant_gaze_class=inside_visible, num_segments=1, num_interactions=1, segment_types=['stable'], interaction_events=['focused_attention'].""}}"
2AT3ped6GsI_238-377:person_2,2AT3ped6GsI_238-377,train,visible_ratio=0.893; gaze_shift_ratio=0.107; occlusion_ratio=0.000; eyes_closed_ratio=0.000; mean_gaze_motion=8.75; attention_stability_score=0.855; dominant_gaze_class=inside_visible; observed_frames=140,"{""rule-based"": {""full_prompt_text"": """", ""premise_text"": ""Child gaze behavior summary. split=train, observed_frames=140, visible_ratio=0.893, on_screen_ratio=0.893, gaze_shift_ratio=0.107, occlusion_ratio=0.000, eyes_closed_ratio=0.000, mean_head_motion=0.55, mean_gaze_motion=8.75, attention_stability_score=0.855, dominant_gaze_class=inside_visible, num_segments=3, num_interactions=3, segment_types=['stable', 'shift', 'stable'], interaction_events=['monitoring', 'attention_shift', 'focused_attention'].""}, ""zero-shot:facebook/bart-large-mnli"": {""full_prompt_text"": """", ""premise_text"": ""Child gaze behavior summary. split=train, observed_frames=140, visible_ratio=0.893, on_screen_ratio=0.893, gaze_shift_ratio=0.107, occlusion_ratio=0.000, eyes_closed_ratio=0.000, mean_head_motion=0.55, mean_gaze_motion=8.75, attention_stability_score=0.855, dominant_gaze_class=inside_visible, num_segments=3, num_interactions=3, segment_types=['stable', 'shift', 'stable'], interaction_events=['monitoring', 'attention_shift', 'focused_attention'].""}, ""zero-shot:typeform/distilbert-base-uncased-mnli"": {""full_prompt_text"": """", ""premise_text"": ""Child gaze behavior summary. split=train, observed_frames=140, visible_ratio=0.893, on_screen_ratio=0.893, gaze_shift_ratio=0.107, occlusion_ratio=0.000, eyes_closed_ratio=0.000, mean_head_motion=0.55, mean_gaze_motion=8.75, attention_stability_score=0.855, dominant_gaze_class=inside_visible, num_segments=3, num_interactions=3, segment_types=['stable', 'shift', 'stable'], interaction_events=['monitoring', 'attention_shift', 'focused_attention'].""}}"
2AT3ped6GsI_238-377:person_3,2AT3ped6GsI_238-377,train,visible_ratio=0.979; gaze_shift_ratio=0.021; occlusion_ratio=0.000; eyes_closed_ratio=0.000; mean_gaze_motion=4.40; attention_stability_score=0.965; dominant_gaze_class=inside_visible; observed_frames=140,"{""rule-based"": {""full_prompt_text"": """", ""premise_text"": ""Child gaze behavior summary. split=train, observed_frames=140, visible_ratio=0.979, on_screen_ratio=0.979, gaze_shift_ratio=0.021, occlusion_ratio=0.000, eyes_closed_ratio=0.000, mean_head_motion=0.30, mean_gaze_motion=4.40, attention_stability_score=0.965, dominant_gaze_class=inside_visible, num_segments=7, num_interactions=8, segment_types=['stable', 'shift', 'stable', 'shift', 'stable', 'shift', 'stable'], interaction_events=['focused_attention', 'attention_shift', 'monitoring', 'attention_shift', 'focused_attention', 'attention_shift', 'monitoring', 'exploratory_behavior'].""}, ""zero-shot:facebook/bart-large-mnli"": {""full_prompt_text"": """", ""premise_text"": ""Child gaze behavior summary. split=train, observed_frames=140, visible_ratio=0.979, on_screen_ratio=0.979, gaze_shift_ratio=0.021, occlusion_ratio=0.000, eyes_closed_ratio=0.000, mean_head_motion=0.30, mean_gaze_motion=4.40, attention_stability_score=0.965, dominant_gaze_class=inside_visible, num_segments=7, num_interactions=8, segment_types=['stable', 'shift', 'stable', 'shift', 'stable', 'shift', 'stable'], interaction_events=['focused_attention', 'attention_shift', 'monitoring', 'attention_shift', 'focused_attention', 'attention_shift', 'monitoring', 'exploratory_behavior'].""}, ""zero-shot:typeform/distilbert-base-uncased-mnli"": {""full_prompt_text"": """", ""premise_text"": ""Child gaze behavior summary. split=train, observed_frames=140, visible_ratio=0.979, on_screen_ratio=0.979, gaze_shift_ratio=0.021, occlusion_ratio=0.000, eyes_closed_ratio=0.000, mean_head_motion=0.30, mean_gaze_motion=4.40, attention_stability_score=0.965, dominant_gaze_class=inside_visible, num_segments=7, num_interactions=8, segment_types=['stable', 'shift', 'stable', 'shift', 'stable', 'shift', 'stable'], interaction_events=['focused_attention', 'attention_shift', 'monitoring', 'attention_shift', 'focused_attention', 'attention_shift', 'monitoring', 'exploratory_behavior'].""}}"
2b1zXYv7Fn8_230-1773:person_1,2b1zXYv7Fn8_230-1773,train,visible_ratio=0.873; gaze_shift_ratio=0.100; occlusion_ratio=0.025; eyes_closed_ratio=0.000; mean_gaze_motion=5.78; attention_stability_score=0.733; dominant_gaze_class=inside_visible; observed_frames=1544,"{""rule-based"": {""full_prompt_text"": """", ""premise_text"": ""Child gaze behavior summary. split=train, observed_frames=1544, visible_ratio=0.873, on_screen_ratio=0.898, gaze_shift_ratio=0.100, occlusion_ratio=0.025, eyes_closed_ratio=0.000, mean_head_motion=0.84, mean_gaze_motion=5.78, attention_stability_score=0.733, dominant_gaze_class=inside_visible, num_segments=52, num_interactions=53, segment_types=['stable', 'shift', 'stable', 'shift', 'occluded', 'shift', 'stable', 'shift'], interaction_events=['monitoring', 'attention_shift', 'focused_attention', 'attention_shift', 'reduced_visual_availability', 'attention_shift', 'monitoring', 'attention_shift'].""}, ""zero-shot:facebook/bart-large-mnli"": {""full_prompt_text"": """", ""premise_text"": ""Child gaze behavior summary. split=train, observed_frames=1544, visible_ratio=0.873, on_screen_ratio=0.898, gaze_shift_ratio=0.100, occlusion_ratio=0.025, eyes_closed_ratio=0.000, mean_head_motion=0.84, mean_gaze_motion=5.78, attention_stability_score=0.733, dominant_gaze_class=inside_visible, num_segments=52, num_interactions=53, segment_types=['stable', 'shift', 'stable', 'shift', 'occluded', 'shift', 'stable', 'shift'], interaction_events=['monitoring', 'attention_shift', 'focused_attention', 'attention_shift', 'reduced_visual_availability', 'attention_shift', 'monitoring', 'attention_shift'].""}, ""zero-shot:typeform/distilbert-base-uncased-mnli"": {""full_prompt_text"": """", ""premise_text"": ""Child gaze behavior summary. split=train, observed_frames=1544, visible_ratio=0.873, on_screen_ratio=0.898, gaze_shift_ratio=0.100, occlusion_ratio=0.025, eyes_closed_ratio=0.000, mean_head_motion=0.84, mean_gaze_motion=5.78, attention_stability_score=0.733, dominant_gaze_class=inside_visible, num_segments=52, num_interactions=53, segment_types=['stable', 'shift', 'stable', 'shift', 'occluded', 'shift', 'stable', 'shift'], interaction_events=['monitoring', 'attention_shift', 'focused_attention', 'attention_shift', 'reduced_visual_availability', 'attention_shift', 'monitoring', 'attention_shift'].""}}"
2b1zXYv7Fn8_3325-5040:person_1,2b1zXYv7Fn8_3325-5040,train,visible_ratio=0.843; gaze_shift_ratio=0.133; occlusion_ratio=0.013; eyes_closed_ratio=0.000; mean_gaze_motion=6.13; attention_stability_score=0.689; dominant_gaze_class=inside_visible; observed_frames=1716,"{""rule-based"": {""full_prompt_text"": """", ""premise_text"": ""Child gaze behavior summary. split=train, observed_frames=1716, visible_ratio=0.843, on_screen_ratio=0.857, gaze_shift_ratio=0.133, occlusion_ratio=0.013, eyes_closed_ratio=0.000, mean_head_motion=0.89, mean_gaze_motion=6.13, attention_stability_score=0.689, dominant_gaze_class=inside_visible, num_segments=58, num_interactions=59, segment_types=['stable', 'shift', 'stable', 'shift', 'stable', 'shift', 'stable', 'occluded'], interaction_events=['focused_attention', 'attention_shift', 'monitoring', 'attention_shift', 'monitoring', 'attention_shift', 'monitoring', 'reduced_visual_availability'].""}, ""zero-shot:facebook/bart-large-mnli"": {""full_prompt_text"": """", ""premise_text"": ""Child gaze behavior summary. split=train, observed_frames=1716, visible_ratio=0.843, on_screen_ratio=0.857, gaze_shift_ratio=0.133, occlusion_ratio=0.013, eyes_closed_ratio=0.000, mean_head_motion=0.89, mean_gaze_motion=6.13, attention_stability_score=0.689, dominant_gaze_class=inside_visible, num_segments=58, num_interactions=59, segment_types=['stable', 'shift', 'stable', 'shift', 'stable', 'shift', 'stable', 'occluded'], interaction_events=['focused_attention', 'attention_shift', 'monitoring', 'attention_shift', 'monitoring', 'attention_shift', 'monitoring', 'reduced_visual_availability'].""}, ""zero-shot:typeform/distilbert-base-uncased-mnli"": {""full_prompt_text"": """", ""premise_text"": ""Child gaze behavior summary. split=train, observed_frames=1716, visible_ratio=0.843, on_screen_ratio=0.857, gaze_shift_ratio=0.133, occlusion_ratio=0.013, eyes_closed_ratio=0.000, mean_head_motion=0.89, mean_gaze_motion=6.13, attention_stability_score=0.689, dominant_gaze_class=inside_visible, num_segments=58, num_interactions=59, segment_types=['stable', 'shift', 'stable', 'shift', 'stable', 'shift', 'stable', 'occluded'], interaction_events=['focused_attention', 'attention_shift', 'monitoring', 'attention_shift', 'monitoring', 'attention_shift', 'monitoring', 'reduced_visual_availability'].""}}"
31lG75MDwSA_2857-2928:person_1,31lG75MDwSA_2857-2928,test,visible_ratio=1.000; gaze_shift_ratio=0.000; occlusion_ratio=0.000; eyes_closed_ratio=0.000; mean_gaze_motion=26.70; attention_stability_score=0.987; dominant_gaze_class=inside_visible; observed_frames=72,"{""rule-based"": {""full_prompt_text"": """", ""premise_text"": ""Child gaze behavior summary. split=test, observed_frames=72, visible_ratio=1.000, on_screen_ratio=1.000, gaze_shift_ratio=0.000, occlusion_ratio=0.000, eyes_closed_ratio=0.000, mean_head_motion=3.06, mean_gaze_motion=26.70, attention_stability_score=0.987, dominant_gaze_class=inside_visible, num_segments=5, num_interactions=5, segment_types=['stable', 'shift', 'stable', 'shift', 'stable'], interaction_events=['monitoring', 'attention_shift', 'monitoring', 'attention_shift', 'focused_attention'].""}, ""zero-shot:facebook/bart-large-mnli"": {""full_prompt_text"": """", ""premise_text"": ""Child gaze behavior summary. split=test, observed_frames=72, visible_ratio=1.000, on_screen_ratio=1.000, gaze_shift_ratio=0.000, occlusion_ratio=0.000, eyes_closed_ratio=0.000, mean_head_motion=3.06, mean_gaze_motion=26.70, attention_stability_score=0.987, dominant_gaze_class=inside_visible, num_segments=5, num_interactions=5, segment_types=['stable', 'shift', 'stable', 'shift', 'stable'], interaction_events=['monitoring', 'attention_shift', 'monitoring', 'attention_shift', 'focused_attention'].""}, ""zero-shot:typeform/distilbert-base-uncased-mnli"": {""full_prompt_text"": """", ""premise_text"": ""Child gaze behavior summary. split=test, observed_frames=72, visible_ratio=1.000, on_screen_ratio=1.000, gaze_shift_ratio=0.000, occlusion_ratio=0.000, eyes_closed_ratio=0.000, mean_head_motion=3.06, mean_gaze_motion=26.70, attention_stability_score=0.987, dominant_gaze_class=inside_visible, num_segments=5, num_interactions=5, segment_types=['stable', 'shift', 'stable', 'shift', 'stable'], interaction_events=['monitoring', 'attention_shift', 'monitoring', 'attention_shift', 'focused_attention'].""}}"
31lG75MDwSA_3180-3306:person_1,31lG75MDwSA_3180-3306,test,visible_ratio=0.976; gaze_shift_ratio=0.024; occlusion_ratio=0.000; eyes_closed_ratio=0.000; mean_gaze_motion=15.54; attention_stability_score=0.854; dominant_gaze_class=inside_visible; observed_frames=127,"{""rule-based"": {""full_prompt_text"": """", ""premise_text"": ""Child gaze behavior summary. split=test, observed_frames=127, visible_ratio=0.976, on_screen_ratio=0.976, gaze_shift_ratio=0.024, occlusion_ratio=0.000, eyes_closed_ratio=0.000, mean_head_motion=1.80, mean_gaze_motion=15.54, attention_stability_score=0.854, dominant_gaze_class=inside_visible, num_segments=9, num_interactions=10, segment_types=['stable', 'shift', 'stable', 'shift', 'stable', 'shift', 'stable', 'shift'], interaction_events=['monitoring', 'attention_shift', 'focused_attention', 'attention_shift', 'monitoring', 'attention_shift', 'monitoring', 'attention_shift'].""}, ""zero-shot:facebook/bart-large-mnli"": {""full_prompt_text"": """", ""premise_text"": ""Child gaze behavior summary. split=test, observed_frames=127, visible_ratio=0.976, on_screen_ratio=0.976, gaze_shift_ratio=0.024, occlusion_ratio=0.000, eyes_closed_ratio=0.000, mean_head_motion=1.80, mean_gaze_motion=15.54, attention_stability_score=0.854, dominant_gaze_class=inside_visible, num_segments=9, num_interactions=10, segment_types=['stable', 'shift', 'stable', 'shift', 'stable', 'shift', 'stable', 'shift'], interaction_events=['monitoring', 'attention_shift', 'focused_attention', 'attention_shift', 'monitoring', 'attention_shift', 'monitoring', 'attention_shift'].""}, ""zero-shot:typeform/distilbert-base-uncased-mnli"": {""full_prompt_text"": """", ""premise_text"": ""Child gaze behavior summary. split=test, observed_frames=127, visible_ratio=0.976, on_screen_ratio=0.976, gaze_shift_ratio=0.024, occlusion_ratio=0.000, eyes_closed_ratio=0.000, mean_head_motion=1.80, mean_gaze_motion=15.54, attention_stability_score=0.854, dominant_gaze_class=inside_visible, num_segments=9, num_interactions=10, segment_types=['stable', 'shift', 'stable', 'shift', 'stable', 'shift', 'stable', 'shift'], interaction_events=['monitoring', 'attention_shift', 'focused_attention', 'attention_shift', 'monitoring', 'attention_shift', 'monitoring', 'attention_shift'].""}}"
31lG75MDwSA_4686-4764:person_2,31lG75MDwSA_4686-4764,test,visible_ratio=0.671; gaze_shift_ratio=0.177; occlusion_ratio=0.152; eyes_closed_ratio=0.000; mean_gaze_motion=18.14; attention_stability_score=0.649; dominant_gaze_class=inside_visible; observed_frames=79,"{""rule-based"": {""full_prompt_text"": """", ""premise_text"": ""Child gaze behavior summary. split=test, observed_frames=79, visible_ratio=0.671, on_screen_ratio=0.823, gaze_shift_ratio=0.177, occlusion_ratio=0.152, eyes_closed_ratio=0.000, mean_head_motion=3.47, mean_gaze_motion=18.14, attention_stability_score=0.649, dominant_gaze_class=inside_visible, num_segments=5, num_interactions=5, segment_types=['stable', 'occluded', 'stable', 'shift', 'stable'], interaction_events=['monitoring', 'reduced_visual_availability', 'monitoring', 'attention_shift', 'monitoring'].""}, ""zero-shot:facebook/bart-large-mnli"": {""full_prompt_text"": """", ""premise_text"": ""Child gaze behavior summary. split=test, observed_frames=79, visible_ratio=0.671, on_screen_ratio=0.823, gaze_shift_ratio=0.177, occlusion_ratio=0.152, eyes_closed_ratio=0.000, mean_head_motion=3.47, mean_gaze_motion=18.14, attention_stability_score=0.649, dominant_gaze_class=inside_visible, num_segments=5, num_interactions=5, segment_types=['stable', 'occluded', 'stable', 'shift', 'stable'], interaction_events=['monitoring', 'reduced_visual_availability', 'monitoring', 'attention_shift', 'monitoring'].""}, ""zero-shot:typeform/distilbert-base-uncased-mnli"": {""full_prompt_text"": """", ""premise_text"": ""Child gaze behavior summary. split=test, observed_frames=79, visible_ratio=0.671, on_screen_ratio=0.823, gaze_shift_ratio=0.177, occlusion_ratio=0.152, eyes_closed_ratio=0.000, mean_head_motion=3.47, mean_gaze_motion=18.14, attention_stability_score=0.649, dominant_gaze_class=inside_visible, num_segments=5, num_interactions=5, segment_types=['stable', 'occluded', 'stable', 'shift', 'stable'], interaction_events=['monitoring', 'reduced_visual_availability', 'monitoring', 'attention_shift', 'monitoring'].""}}"
3mXFJ8S-boU_1532-1683:person_1,3mXFJ8S-boU_1532-1683,train,visible_ratio=0.763; gaze_shift_ratio=0.046; occlusion_ratio=0.000; eyes_closed_ratio=0.000; mean_gaze_motion=7.31; attention_stability_score=0.748; dominant_gaze_class=inside_visible; observed_frames=152,"{""rule-based"": {""full_prompt_text"": """", ""premise_text"": ""Child gaze behavior summary. split=train, observed_frames=152, visible_ratio=0.763, on_screen_ratio=0.763, gaze_shift_ratio=0.046, occlusion_ratio=0.000, eyes_closed_ratio=0.000, mean_head_motion=3.20, mean_gaze_motion=7.31, attention_stability_score=0.748, dominant_gaze_class=inside_visible, num_segments=7, num_interactions=8, segment_types=['stable', 'shift', 'outside', 'shift', 'stable', 'shift', 'stable'], interaction_events=['focused_attention', 'attention_shift', 'reduced_visual_availability', 'attention_shift', 'monitoring', 'attention_shift', 'focused_attention', 'exploratory_behavior'].""}, ""zero-shot:facebook/bart-large-mnli"": {""full_prompt_text"": """", ""premise_text"": ""Child gaze behavior summary. split=train, observed_frames=152, visible_ratio=0.763, on_screen_ratio=0.763, gaze_shift_ratio=0.046, occlusion_ratio=0.000, eyes_closed_ratio=0.000, mean_head_motion=3.20, mean_gaze_motion=7.31, attention_stability_score=0.748, dominant_gaze_class=inside_visible, num_segments=7, num_interactions=8, segment_types=['stable', 'shift', 'outside', 'shift', 'stable', 'shift', 'stable'], interaction_events=['focused_attention', 'attention_shift', 'reduced_visual_availability', 'attention_shift', 'monitoring', 'attention_shift', 'focused_attention', 'exploratory_behavior'].""}, ""zero-shot:typeform/distilbert-base-uncased-mnli"": {""full_prompt_text"": """", ""premise_text"": ""Child gaze behavior summary. split=train, observed_frames=152, visible_ratio=0.763, on_screen_ratio=0.763, gaze_shift_ratio=0.046, occlusion_ratio=0.000, eyes_closed_ratio=0.000, mean_head_motion=3.20, mean_gaze_motion=7.31, attention_stability_score=0.748, dominant_gaze_class=inside_visible, num_segments=7, num_interactions=8, segment_types=['stable', 'shift', 'outside', 'shift', 'stable', 'shift', 'stable'], interaction_events=['focused_attention', 'attention_shift', 'reduced_visual_availability', 'attention_shift', 'monitoring', 'attention_shift', 'focused_attention', 'exploratory_behavior'].""}}"
3mXFJ8S-boU_1716-2076:person_1,3mXFJ8S-boU_1716-2076,train,visible_ratio=0.271; gaze_shift_ratio=0.030; occlusion_ratio=0.368; eyes_closed_ratio=0.000; mean_gaze_motion=25.19; attention_stability_score=0.444; dominant_gaze_class=inside_uncertain; observed_frames=361,"{""rule-based"": {""full_prompt_text"": """", ""premise_text"": ""Child gaze behavior summary. split=train, observed_frames=361, visible_ratio=0.271, on_screen_ratio=0.640, gaze_shift_ratio=0.030, occlusion_ratio=0.368, eyes_closed_ratio=0.000, mean_head_motion=2.31, mean_gaze_motion=25.19, attention_stability_score=0.444, dominant_gaze_class=inside_uncertain, num_segments=20, num_interactions=21, segment_types=['outside', 'shift', 'stable', 'outside', 'shift', 'outside', 'shift', 'outside'], interaction_events=['reduced_visual_availability', 'attention_shift', 'monitoring', 'reduced_visual_availability', 'attention_shift', 'reduced_visual_availability', 'attention_shift', 'reduced_visual_availability'].""}, ""zero-shot:facebook/bart-large-mnli"": {""full_prompt_text"": """", ""premise_text"": ""Child gaze behavior summary. split=train, observed_frames=361, visible_ratio=0.271, on_screen_ratio=0.640, gaze_shift_ratio=0.030, occlusion_ratio=0.368, eyes_closed_ratio=0.000, mean_head_motion=2.31, mean_gaze_motion=25.19, attention_stability_score=0.444, dominant_gaze_class=inside_uncertain, num_segments=20, num_interactions=21, segment_types=['outside', 'shift', 'stable', 'outside', 'shift', 'outside', 'shift', 'outside'], interaction_events=['reduced_visual_availability', 'attention_shift', 'monitoring', 'reduced_visual_availability', 'attention_shift', 'reduced_visual_availability', 'attention_shift', 'reduced_visual_availability'].""}, ""zero-shot:typeform/distilbert-base-uncased-mnli"": {""full_prompt_text"": """", ""premise_text"": ""Child gaze behavior summary. split=train, observed_frames=361, visible_ratio=0.271, on_screen_ratio=0.640, gaze_shift_ratio=0.030, occlusion_ratio=0.368, eyes_closed_ratio=0.000, mean_head_motion=2.31, mean_gaze_motion=25.19, attention_stability_score=0.444, dominant_gaze_class=inside_uncertain, num_segments=20, num_interactions=21, segment_types=['outside', 'shift', 'stable', 'outside', 'shift', 'outside', 'shift', 'outside'], interaction_events=['reduced_visual_availability', 'attention_shift', 'monitoring', 'reduced_visual_availability', 'attention_shift', 'reduced_visual_availability', 'attention_shift', 'reduced_visual_availability'].""}}"
3mXFJ8S-boU_2189-2419:person_1,3mXFJ8S-boU_2189-2419,train,visible_ratio=1.000; gaze_shift_ratio=0.000; occlusion_ratio=0.000; eyes_closed_ratio=0.000; mean_gaze_motion=8.65; attention_stability_score=0.996; dominant_gaze_class=inside_visible; observed_frames=231,"{""rule-based"": {""full_prompt_text"": """", ""premise_text"": ""Child gaze behavior summary. split=train, observed_frames=231, visible_ratio=1.000, on_screen_ratio=1.000, gaze_shift_ratio=0.000, occlusion_ratio=0.000, eyes_closed_ratio=0.000, mean_head_motion=6.85, mean_gaze_motion=8.65, attention_stability_score=0.996, dominant_gaze_class=inside_visible, num_segments=9, num_interactions=10, segment_types=['stable', 'shift', 'stable', 'shift', 'stable', 'shift', 'stable', 'shift'], interaction_events=['monitoring', 'attention_shift', 'focused_attention', 'attention_shift', 'focused_attention', 'attention_shift', 'monitoring', 'attention_shift'].""}, ""zero-shot:facebook/bart-large-mnli"": {""full_prompt_text"": """", ""premise_text"": ""Child gaze behavior summary. split=train, observed_frames=231, visible_ratio=1.000, on_screen_ratio=1.000, gaze_shift_ratio=0.000, occlusion_ratio=0.000, eyes_closed_ratio=0.000, mean_head_motion=6.85, mean_gaze_motion=8.65, attention_stability_score=0.996, dominant_gaze_class=inside_visible, num_segments=9, num_interactions=10, segment_types=['stable', 'shift', 'stable', 'shift', 'stable', 'shift', 'stable', 'shift'], interaction_events=['monitoring', 'attention_shift', 'focused_attention', 'attention_shift', 'focused_attention', 'attention_shift', 'monitoring', 'attention_shift'].""}, ""zero-shot:typeform/distilbert-base-uncased-mnli"": {""full_prompt_text"": """", ""premise_text"": ""Child gaze behavior summary. split=train, observed_frames=231, visible_ratio=1.000, on_screen_ratio=1.000, gaze_shift_ratio=0.000, occlusion_ratio=0.000, eyes_closed_ratio=0.000, mean_head_motion=6.85, mean_gaze_motion=8.65, attention_stability_score=0.996, dominant_gaze_class=inside_visible, num_segments=9, num_interactions=10, segment_types=['stable', 'shift', 'stable', 'shift', 'stable', 'shift', 'stable', 'shift'], interaction_events=['monitoring', 'attention_shift', 'focused_attention', 'attention_shift', 'focused_attention', 'attention_shift', 'monitoring', 'attention_shift'].""}}"
3mXFJ8S-boU_2189-2419:person_3,3mXFJ8S-boU_2189-2419,train,visible_ratio=0.983; gaze_shift_ratio=0.017; occlusion_ratio=0.000; eyes_closed_ratio=0.000; mean_gaze_motion=9.08; attention_stability_score=0.947; dominant_gaze_class=inside_visible; observed_frames=231,"{""rule-based"": {""full_prompt_text"": """", ""premise_text"": ""Child gaze behavior summary. split=train, observed_frames=231, visible_ratio=0.983, on_screen_ratio=0.983, gaze_shift_ratio=0.017, occlusion_ratio=0.000, eyes_closed_ratio=0.000, mean_head_motion=0.97, mean_gaze_motion=9.08, attention_stability_score=0.947, dominant_gaze_class=inside_visible, num_segments=7, num_interactions=8, segment_types=['stable', 'shift', 'stable', 'shift', 'stable', 'shift', 'stable'], interaction_events=['focused_attention', 'attention_shift', 'focused_attention', 'attention_shift', 'monitoring', 'attention_shift', 'focused_attention', 'exploratory_behavior'].""}, ""zero-shot:facebook/bart-large-mnli"": {""full_prompt_text"": """", ""premise_text"": ""Child gaze behavior summary. split=train, observed_frames=231, visible_ratio=0.983, on_screen_ratio=0.983, gaze_shift_ratio=0.017, occlusion_ratio=0.000, eyes_closed_ratio=0.000, mean_head_motion=0.97, mean_gaze_motion=9.08, attention_stability_score=0.947, dominant_gaze_class=inside_visible, num_segments=7, num_interactions=8, segment_types=['stable', 'shift', 'stable', 'shift', 'stable', 'shift', 'stable'], interaction_events=['focused_attention', 'attention_shift', 'focused_attention', 'attention_shift', 'monitoring', 'attention_shift', 'focused_attention', 'exploratory_behavior'].""}, ""zero-shot:typeform/distilbert-base-uncased-mnli"": {""full_prompt_text"": """", ""premise_text"": ""Child gaze behavior summary. split=train, observed_frames=231, visible_ratio=0.983, on_screen_ratio=0.983, gaze_shift_ratio=0.017, occlusion_ratio=0.000, eyes_closed_ratio=0.000, mean_head_motion=0.97, mean_gaze_motion=9.08, attention_stability_score=0.947, dominant_gaze_class=inside_visible, num_segments=7, num_interactions=8, segment_types=['stable', 'shift', 'stable', 'shift', 'stable', 'shift', 'stable'], interaction_events=['focused_attention', 'attention_shift', 'focused_attention', 'attention_shift', 'monitoring', 'attention_shift', 'focused_attention', 'exploratory_behavior'].""}}"
3mXFJ8S-boU_4218-4655:person_1,3mXFJ8S-boU_4218-4655,train,visible_ratio=0.635; gaze_shift_ratio=0.053; occlusion_ratio=0.014; eyes_closed_ratio=0.000; mean_gaze_motion=11.93; attention_stability_score=0.624; dominant_gaze_class=inside_visible; observed_frames=438,"{""rule-based"": {""full_prompt_text"": """", ""premise_text"": ""Child gaze behavior summary. split=train, observed_frames=438, visible_ratio=0.635, on_screen_ratio=0.648, gaze_shift_ratio=0.053, occlusion_ratio=0.014, eyes_closed_ratio=0.000, mean_head_motion=2.26, mean_gaze_motion=11.93, attention_stability_score=0.624, dominant_gaze_class=inside_visible, num_segments=30, num_interactions=31, segment_types=['stable', 'shift', 'stable', 'shift', 'outside', 'shift', 'outside', 'shift'], interaction_events=['focused_attention', 'attention_shift', 'monitoring', 'attention_shift', 'reduced_visual_availability', 'attention_shift', 'reduced_visual_availability', 'attention_shift'].""}, ""zero-shot:facebook/bart-large-mnli"": {""full_prompt_text"": """", ""premise_text"": ""Child gaze behavior summary. split=train, observed_frames=438, visible_ratio=0.635, on_screen_ratio=0.648, gaze_shift_ratio=0.053, occlusion_ratio=0.014, eyes_closed_ratio=0.000, mean_head_motion=2.26, mean_gaze_motion=11.93, attention_stability_score=0.624, dominant_gaze_class=inside_visible, num_segments=30, num_interactions=31, segment_types=['stable', 'shift', 'stable', 'shift', 'outside', 'shift', 'outside', 'shift'], interaction_events=['focused_attention', 'attention_shift', 'monitoring', 'attention_shift', 'reduced_visual_availability', 'attention_shift', 'reduced_visual_availability', 'attention_shift'].""}, ""zero-shot:typeform/distilbert-base-uncased-mnli"": {""full_prompt_text"": """", ""premise_text"": ""Child gaze behavior summary. split=train, observed_frames=438, visible_ratio=0.635, on_screen_ratio=0.648, gaze_shift_ratio=0.053, occlusion_ratio=0.014, eyes_closed_ratio=0.000, mean_head_motion=2.26, mean_gaze_motion=11.93, attention_stability_score=0.624, dominant_gaze_class=inside_visible, num_segments=30, num_interactions=31, segment_types=['stable', 'shift', 'stable', 'shift', 'outside', 'shift', 'outside', 'shift'], interaction_events=['focused_attention', 'attention_shift', 'monitoring', 'attention_shift', 'reduced_visual_availability', 'attention_shift', 'reduced_visual_availability', 'attention_shift'].""}}"
3mXFJ8S-boU_4218-4655:person_3,3mXFJ8S-boU_4218-4655,train,visible_ratio=0.689; gaze_shift_ratio=0.023; occlusion_ratio=0.288; eyes_closed_ratio=0.000; mean_gaze_motion=11.56; attention_stability_score=0.698; dominant_gaze_class=inside_visible; observed_frames=438,"{""rule-based"": {""full_prompt_text"": """", ""premise_text"": ""Child gaze behavior summary. split=train, observed_frames=438, visible_ratio=0.689, on_screen_ratio=0.977, gaze_shift_ratio=0.023, occlusion_ratio=0.288, eyes_closed_ratio=0.000, mean_head_motion=3.68, mean_gaze_motion=11.56, attention_stability_score=0.698, dominant_gaze_class=inside_visible, num_segments=16, num_interactions=17, segment_types=['stable', 'shift', 'stable', 'shift', 'stable', 'shift', 'stable', 'shift'], interaction_events=['focused_attention', 'attention_shift', 'focused_attention', 'attention_shift', 'monitoring', 'attention_shift', 'monitoring', 'attention_shift'].""}, ""zero-shot:facebook/bart-large-mnli"": {""full_prompt_text"": """", ""premise_text"": ""Child gaze behavior summary. split=train, observed_frames=438, visible_ratio=0.689, on_screen_ratio=0.977, gaze_shift_ratio=0.023, occlusion_ratio=0.288, eyes_closed_ratio=0.000, mean_head_motion=3.68, mean_gaze_motion=11.56, attention_stability_score=0.698, dominant_gaze_class=inside_visible, num_segments=16, num_interactions=17, segment_types=['stable', 'shift', 'stable', 'shift', 'stable', 'shift', 'stable', 'shift'], interaction_events=['focused_attention', 'attention_shift', 'focused_attention', 'attention_shift', 'monitoring', 'attention_shift', 'monitoring', 'attention_shift'].""}, ""zero-shot:typeform/distilbert-base-uncased-mnli"": {""full_prompt_text"": """", ""premise_text"": ""Child gaze behavior summary. split=train, observed_frames=438, visible_ratio=0.689, on_screen_ratio=0.977, gaze_shift_ratio=0.023, occlusion_ratio=0.288, eyes_closed_ratio=0.000, mean_head_motion=3.68, mean_gaze_motion=11.56, attention_stability_score=0.698, dominant_gaze_class=inside_visible, num_segments=16, num_interactions=17, segment_types=['stable', 'shift', 'stable', 'shift', 'stable', 'shift', 'stable', 'shift'], interaction_events=['focused_attention', 'attention_shift', 'focused_attention', 'attention_shift', 'monitoring', 'attention_shift', 'monitoring', 'attention_shift'].""}}"
3mXFJ8S-boU_4791-4984:person_1,3mXFJ8S-boU_4791-4984,train,visible_ratio=0.887; gaze_shift_ratio=0.113; occlusion_ratio=0.000; eyes_closed_ratio=0.000; mean_gaze_motion=32.43; attention_stability_score=0.728; dominant_gaze_class=inside_visible; observed_frames=194,"{""rule-based"": {""full_prompt_text"": """", ""premise_text"": ""Child gaze behavior summary. split=train, observed_frames=194, visible_ratio=0.887, on_screen_ratio=0.887, gaze_shift_ratio=0.113, occlusion_ratio=0.000, eyes_closed_ratio=0.000, mean_head_motion=3.35, mean_gaze_motion=32.43, attention_stability_score=0.728, dominant_gaze_class=inside_visible, num_segments=19, num_interactions=20, segment_types=['stable', 'shift', 'stable', 'shift', 'stable', 'shift', 'stable', 'shift'], interaction_events=['monitoring', 'attention_shift', 'monitoring', 'attention_shift', 'monitoring', 'attention_shift', 'monitoring', 'attention_shift'].""}, ""zero-shot:facebook/bart-large-mnli"": {""full_prompt_text"": """", ""premise_text"": ""Child gaze behavior summary. split=train, observed_frames=194, visible_ratio=0.887, on_screen_ratio=0.887, gaze_shift_ratio=0.113, occlusion_ratio=0.000, eyes_closed_ratio=0.000, mean_head_motion=3.35, mean_gaze_motion=32.43, attention_stability_score=0.728, dominant_gaze_class=inside_visible, num_segments=19, num_interactions=20, segment_types=['stable', 'shift', 'stable', 'shift', 'stable', 'shift', 'stable', 'shift'], interaction_events=['monitoring', 'attention_shift', 'monitoring', 'attention_shift', 'monitoring', 'attention_shift', 'monitoring', 'attention_shift'].""}, ""zero-shot:typeform/distilbert-base-uncased-mnli"": {""full_prompt_text"": """", ""premise_text"": ""Child gaze behavior summary. split=train, observed_frames=194, visible_ratio=0.887, on_screen_ratio=0.887, gaze_shift_ratio=0.113, occlusion_ratio=0.000, eyes_closed_ratio=0.000, mean_head_motion=3.35, mean_gaze_motion=32.43, attention_stability_score=0.728, dominant_gaze_class=inside_visible, num_segments=19, num_interactions=20, segment_types=['stable', 'shift', 'stable', 'shift', 'stable', 'shift', 'stable', 'shift'], interaction_events=['monitoring', 'attention_shift', 'monitoring', 'attention_shift', 'monitoring', 'attention_shift', 'monitoring', 'attention_shift'].""}}"
3mXFJ8S-boU_4791-4984:person_3,3mXFJ8S-boU_4791-4984,train,visible_ratio=0.948; gaze_shift_ratio=0.015; occlusion_ratio=0.036; eyes_closed_ratio=0.000; mean_gaze_motion=17.07; attention_stability_score=0.908; dominant_gaze_class=inside_visible; observed_frames=194,"{""rule-based"": {""full_prompt_text"": """", ""premise_text"": ""Child gaze behavior summary. split=train, observed_frames=194, visible_ratio=0.948, on_screen_ratio=0.985, gaze_shift_ratio=0.015, occlusion_ratio=0.036, eyes_closed_ratio=0.000, mean_head_motion=0.93, mean_gaze_motion=17.07, attention_stability_score=0.908, dominant_gaze_class=inside_visible, num_segments=13, num_interactions=14, segment_types=['stable', 'occluded', 'stable', 'shift', 'stable', 'shift', 'stable', 'shift'], interaction_events=['monitoring', 'reduced_visual_availability', 'monitoring', 'attention_shift', 'focused_attention', 'attention_shift', 'monitoring', 'attention_shift'].""}, ""zero-shot:facebook/bart-large-mnli"": {""full_prompt_text"": """", ""premise_text"": ""Child gaze behavior summary. split=train, observed_frames=194, visible_ratio=0.948, on_screen_ratio=0.985, gaze_shift_ratio=0.015, occlusion_ratio=0.036, eyes_closed_ratio=0.000, mean_head_motion=0.93, mean_gaze_motion=17.07, attention_stability_score=0.908, dominant_gaze_class=inside_visible, num_segments=13, num_interactions=14, segment_types=['stable', 'occluded', 'stable', 'shift', 'stable', 'shift', 'stable', 'shift'], interaction_events=['monitoring', 'reduced_visual_availability', 'monitoring', 'attention_shift', 'focused_attention', 'attention_shift', 'monitoring', 'attention_shift'].""}, ""zero-shot:typeform/distilbert-base-uncased-mnli"": {""full_prompt_text"": """", ""premise_text"": ""Child gaze behavior summary. split=train, observed_frames=194, visible_ratio=0.948, on_screen_ratio=0.985, gaze_shift_ratio=0.015, occlusion_ratio=0.036, eyes_closed_ratio=0.000, mean_head_motion=0.93, mean_gaze_motion=17.07, attention_stability_score=0.908, dominant_gaze_class=inside_visible, num_segments=13, num_interactions=14, segment_types=['stable', 'occluded', 'stable', 'shift', 'stable', 'shift', 'stable', 'shift'], interaction_events=['monitoring', 'reduced_visual_availability', 'monitoring', 'attention_shift', 'focused_attention', 'attention_shift', 'monitoring', 'attention_shift'].""}}"
3mXFJ8S-boU_494-895:person_1,3mXFJ8S-boU_494-895,train,visible_ratio=0.816; gaze_shift_ratio=0.010; occlusion_ratio=0.000; eyes_closed_ratio=0.007; mean_gaze_motion=1.54; attention_stability_score=0.869; dominant_gaze_class=inside_visible; observed_frames=402,"{""rule-based"": {""full_prompt_text"": """", ""premise_text"": ""Child gaze behavior summary. split=train, observed_frames=402, visible_ratio=0.816, on_screen_ratio=0.816, gaze_shift_ratio=0.010, occlusion_ratio=0.000, eyes_closed_ratio=0.007, mean_head_motion=1.38, mean_gaze_motion=1.54, attention_stability_score=0.869, dominant_gaze_class=inside_visible, num_segments=4, num_interactions=4, segment_types=['eyes_closed', 'outside', 'shift', 'stable'], interaction_events=['reduced_visual_availability', 'reduced_visual_availability', 'attention_shift', 'focused_attention'].""}, ""zero-shot:facebook/bart-large-mnli"": {""full_prompt_text"": """", ""premise_text"": ""Child gaze behavior summary. split=train, observed_frames=402, visible_ratio=0.816, on_screen_ratio=0.816, gaze_shift_ratio=0.010, occlusion_ratio=0.000, eyes_closed_ratio=0.007, mean_head_motion=1.38, mean_gaze_motion=1.54, attention_stability_score=0.869, dominant_gaze_class=inside_visible, num_segments=4, num_interactions=4, segment_types=['eyes_closed', 'outside', 'shift', 'stable'], interaction_events=['reduced_visual_availability', 'reduced_visual_availability', 'attention_shift', 'focused_attention'].""}, ""zero-shot:typeform/distilbert-base-uncased-mnli"": {""full_prompt_text"": """", ""premise_text"": ""Child gaze behavior summary. split=train, observed_frames=402, visible_ratio=0.816, on_screen_ratio=0.816, gaze_shift_ratio=0.010, occlusion_ratio=0.000, eyes_closed_ratio=0.007, mean_head_motion=1.38, mean_gaze_motion=1.54, attention_stability_score=0.869, dominant_gaze_class=inside_visible, num_segments=4, num_interactions=4, segment_types=['eyes_closed', 'outside', 'shift', 'stable'], interaction_events=['reduced_visual_availability', 'reduced_visual_availability', 'attention_shift', 'focused_attention'].""}}"
3mXFJ8S-boU_5848-6239:person_1,3mXFJ8S-boU_5848-6239,train,visible_ratio=0.821; gaze_shift_ratio=0.041; occlusion_ratio=0.138; eyes_closed_ratio=0.000; mean_gaze_motion=26.11; attention_stability_score=0.711; dominant_gaze_class=inside_visible; observed_frames=392,"{""rule-based"": {""full_prompt_text"": """", ""premise_text"": ""Child gaze behavior summary. split=train, observed_frames=392, visible_ratio=0.821, on_screen_ratio=0.959, gaze_shift_ratio=0.041, occlusion_ratio=0.138, eyes_closed_ratio=0.000, mean_head_motion=8.72, mean_gaze_motion=26.11, attention_stability_score=0.711, dominant_gaze_class=inside_visible, num_segments=33, num_interactions=34, segment_types=['stable', 'shift', 'stable', 'shift', 'stable', 'shift', 'stable', 'shift'], interaction_events=['monitoring', 'attention_shift', 'monitoring', 'attention_shift', 'monitoring', 'attention_shift', 'monitoring', 'attention_shift'].""}, ""zero-shot:facebook/bart-large-mnli"": {""full_prompt_text"": """", ""premise_text"": ""Child gaze behavior summary. split=train, observed_frames=392, visible_ratio=0.821, on_screen_ratio=0.959, gaze_shift_ratio=0.041, occlusion_ratio=0.138, eyes_closed_ratio=0.000, mean_head_motion=8.72, mean_gaze_motion=26.11, attention_stability_score=0.711, dominant_gaze_class=inside_visible, num_segments=33, num_interactions=34, segment_types=['stable', 'shift', 'stable', 'shift', 'stable', 'shift', 'stable', 'shift'], interaction_events=['monitoring', 'attention_shift', 'monitoring', 'attention_shift', 'monitoring', 'attention_shift', 'monitoring', 'attention_shift'].""}, ""zero-shot:typeform/distilbert-base-uncased-mnli"": {""full_prompt_text"": """", ""premise_text"": ""Child gaze behavior summary. split=train, observed_frames=392, visible_ratio=0.821, on_screen_ratio=0.959, gaze_shift_ratio=0.041, occlusion_ratio=0.138, eyes_closed_ratio=0.000, mean_head_motion=8.72, mean_gaze_motion=26.11, attention_stability_score=0.711, dominant_gaze_class=inside_visible, num_segments=33, num_interactions=34, segment_types=['stable', 'shift', 'stable', 'shift', 'stable', 'shift', 'stable', 'shift'], interaction_events=['monitoring', 'attention_shift', 'monitoring', 'attention_shift', 'monitoring', 'attention_shift', 'monitoring', 'attention_shift'].""}}"
3rxHweb2fXw_823-2797:person_1,3rxHweb2fXw_823-2797,train,visible_ratio=0.977; gaze_shift_ratio=0.023; occlusion_ratio=0.001; eyes_closed_ratio=0.000; mean_gaze_motion=13.73; attention_stability_score=0.819; dominant_gaze_class=inside_visible; observed_frames=1975,"{""rule-based"": {""full_prompt_text"": """", ""premise_text"": ""Child gaze behavior summary. split=train, observed_frames=1975, visible_ratio=0.977, on_screen_ratio=0.977, gaze_shift_ratio=0.023, occlusion_ratio=0.001, eyes_closed_ratio=0.000, mean_head_motion=1.89, mean_gaze_motion=13.73, attention_stability_score=0.819, dominant_gaze_class=inside_visible, num_segments=87, num_interactions=88, segment_types=['stable', 'shift', 'stable', 'shift', 'stable', 'shift', 'stable', 'shift'], interaction_events=['monitoring', 'attention_shift', 'focused_attention', 'attention_shift', 'monitoring', 'attention_shift', 'monitoring', 'attention_shift'].""}, ""zero-shot:facebook/bart-large-mnli"": {""full_prompt_text"": """", ""premise_text"": ""Child gaze behavior summary. split=train, observed_frames=1975, visible_ratio=0.977, on_screen_ratio=0.977, gaze_shift_ratio=0.023, occlusion_ratio=0.001, eyes_closed_ratio=0.000, mean_head_motion=1.89, mean_gaze_motion=13.73, attention_stability_score=0.819, dominant_gaze_class=inside_visible, num_segments=87, num_interactions=88, segment_types=['stable', 'shift', 'stable', 'shift', 'stable', 'shift', 'stable', 'shift'], interaction_events=['monitoring', 'attention_shift', 'focused_attention', 'attention_shift', 'monitoring', 'attention_shift', 'monitoring', 'attention_shift'].""}, ""zero-shot:typeform/distilbert-base-uncased-mnli"": {""full_prompt_text"": """", ""premise_text"": ""Child gaze behavior summary. split=train, observed_frames=1975, visible_ratio=0.977, on_screen_ratio=0.977, gaze_shift_ratio=0.023, occlusion_ratio=0.001, eyes_closed_ratio=0.000, mean_head_motion=1.89, mean_gaze_motion=13.73, attention_stability_score=0.819, dominant_gaze_class=inside_visible, num_segments=87, num_interactions=88, segment_types=['stable', 'shift', 'stable', 'shift', 'stable', 'shift', 'stable', 'shift'], interaction_events=['monitoring', 'attention_shift', 'focused_attention', 'attention_shift', 'monitoring', 'attention_shift', 'monitoring', 'attention_shift'].""}}"
