clip,frame,person_id,bbox_x,bbox_y,bbox_width,bbox_height,gaze_class,gaze_x,gaze_y,is_child
Cmw2H5C_Ves_3621-3747,1,1,98.0,261.0,194.0,193.0,inside_visible,587.292,574.369,1
Cmw2H5C_Ves_3621-3747,1,2,754.0,236.0,243.0,251.0,inside_visible,595.616,578.531,1
Cmw2H5C_Ves_3621-3747,1,3,570.0,32.0,180.0,219.0,inside_visible,609.489,575.757,0
Cmw2H5C_Ves_3621-3747,2,1,98.0,261.0,194.0,193.0,inside_visible,587.9448235294118,573.5529411764707,1
Cmw2H5C_Ves_3621-3747,2,2,761.0909090909091,234.9090909090909,243.0,251.00000000000003,inside_visible,595.7084666666667,577.3286666666667,1
Cmw2H5C_Ves_3621-3747,2,3,568.75,31.75,180.0,219.0,inside_visible,609.1491428571429,577.1442857142856,0
Cmw2H5C_Ves_3621-3747,3,1,98.0,261.0,194.0,193.0,inside_visible,588.5976470588236,572.7368823529412,1
Cmw2H5C_Ves_3621-3747,3,2,768.1818181818181,233.8181818181818,243.0,251.0,inside_visible,595.8009333333333,576.1263333333333,1
Cmw2H5C_Ves_3621-3747,3,3,567.5,31.5,180.0,219.0,inside_visible,608.8092857142857,578.5315714285714,0
Cmw2H5C_Ves_3621-3747,4,1,98.0,261.0,194.0,193.0,inside_visible,589.2504705882353,571.9208235294118,1
Cmw2H5C_Ves_3621-3747,4,2,775.2727272727273,232.72727272727272,243.0,251.00000000000003,inside_visible,595.8934,574.924,1
Cmw2H5C_Ves_3621-3747,4,3,566.25,31.25,180.0,219.0,inside_visible,608.4694285714286,579.9188571428571,0
Cmw2H5C_Ves_3621-3747,5,1,98.0,261.0,194.0,193.0,inside_visible,589.9032941176471,571.1047647058824,1
Cmw2H5C_Ves_3621-3747,5,2,782.3636363636364,231.63636363636363,242.9999999999999,251.0,inside_visible,595.9858666666667,573.7216666666666,1
Cmw2H5C_Ves_3621-3747,5,3,565.0,31.0,180.0,219.0,inside_visible,608.1295714285715,581.3061428571428,0
Cmw2H5C_Ves_3621-3747,6,1,98.0,261.0,194.0,193.0,inside_visible,590.5561176470588,570.2887058823529,1
Cmw2H5C_Ves_3621-3747,6,2,789.4545454545455,230.54545454545453,243.0,251.00000000000003,inside_visible,596.0783333333334,572.5193333333333,1
Cmw2H5C_Ves_3621-3747,6,3,563.75,30.75,180.0,219.0,inside_visible,607.7897142857144,582.6934285714285,0
Cmw2H5C_Ves_3621-3747,7,1,98.0,261.0,194.0,193.0,inside_visible,591.2089411764706,569.4726470588236,1
Cmw2H5C_Ves_3621-3747,7,2,796.5454545454545,229.45454545454547,243.0,251.0,inside_visible,596.1708,571.317,1
Cmw2H5C_Ves_3621-3747,7,3,562.5,30.5,180.0,219.0,inside_visible,607.4498571428571,584.0807142857143,0
Cmw2H5C_Ves_3621-3747,8,1,98.0,261.0,194.0,193.0,inside_visible,591.8617647058824,568.6565882352942,1
Cmw2H5C_Ves_3621-3747,8,2,803.6363636363636,228.3636363636364,243.0000000000001,251.0,inside_visible,596.2632666666667,570.1146666666666,1
Cmw2H5C_Ves_3621-3747,8,3,561.25,30.25,180.0,219.0,inside_visible,607.11,585.468,0
Cmw2H5C_Ves_3621-3747,9,1,98.0,261.0,194.0,193.0,inside_visible,592.5145882352941,567.8405294117647,1
Cmw2H5C_Ves_3621-3747,9,2,810.7272727272727,227.27272727272728,243.0,251.0,inside_visible,596.3557333333333,568.9123333333333,1
Cmw2H5C_Ves_3621-3747,9,3,560.0,30.0,180.0,219.0,inside_visible,607.6486666666667,584.792,0
Cmw2H5C_Ves_3621-3747,10,1,98.0,261.0,194.0,193.0,inside_visible,593.1674117647059,567.0244705882353,1
Cmw2H5C_Ves_3621-3747,10,2,817.8181818181819,226.1818181818182,242.9999999999999,251.0,inside_visible,596.4482,567.7099999999999,1
Cmw2H5C_Ves_3621-3747,10,3,558.75,29.75,180.0,219.0,inside_visible,608.1873333333333,584.116,0
Cmw2H5C_Ves_3621-3747,11,1,98.0,261.0,194.0,193.0,inside_visible,593.8202352941177,566.2084117647058,1
Cmw2H5C_Ves_3621-3747,11,2,824.9090909090909,225.0909090909091,243.0000000000001,251.0,inside_visible,596.5406666666667,566.5076666666666,1
Cmw2H5C_Ves_3621-3747,11,3,557.5,29.5,180.0,219.0,inside_visible,608.726,583.44,0
Cmw2H5C_Ves_3621-3747,12,1,98.0,261.0,194.0,193.0,inside_visible,594.4730588235294,565.3923529411765,1
Cmw2H5C_Ves_3621-3747,12,2,832.0,224.0,243.0,251.0,inside_visible,596.6331333333334,565.3053333333334,1
Cmw2H5C_Ves_3621-3747,12,3,556.25,29.25,180.0,219.0,inside_visible,609.6155,582.48225,0
Cmw2H5C_Ves_3621-3747,13,1,98.0,261.0,194.0,193.0,inside_visible,595.1258823529412,564.5762941176471,1
Cmw2H5C_Ves_3621-3747,13,2,838.6666666666666,220.11111111111111,243.0000000000001,251.0,inside_visible,596.7256,564.103,1
Cmw2H5C_Ves_3621-3747,13,3,555.0,29.0,180.0,219.0,inside_visible,610.505,581.5245,0
Cmw2H5C_Ves_3621-3747,14,1,98.0,261.0,194.0,193.0,inside_visible,595.7787058823529,563.7602352941176,1
Cmw2H5C_Ves_3621-3747,14,2,845.3333333333334,216.22222222222223,242.9999999999999,251.0,inside_visible,596.8180666666667,562.9006666666667,1
Cmw2H5C_Ves_3621-3747,14,3,555.5714285714286,29.047619047619047,180.0,219.0,inside_visible,611.3945,580.5667500000001,0
Cmw2H5C_Ves_3621-3747,15,1,98.0,261.0,194.0,193.0,inside_visible,596.4315294117647,562.9441764705882,1
Cmw2H5C_Ves_3621-3747,15,2,852.0,212.33333333333331,243.0,251.0,inside_visible,596.9105333333333,561.6983333333333,1
Cmw2H5C_Ves_3621-3747,15,3,556.1428571428571,29.09523809523809,180.0,219.0,inside_visible,612.284,579.609,0
Cmw2H5C_Ves_3621-3747,16,1,98.0,261.0,194.0,193.0,inside_visible,597.0843529411765,562.1281176470588,1
Cmw2H5C_Ves_3621-3747,16,2,858.6666666666666,208.44444444444449,243.0000000000001,251.0,inside_visible,597.003,560.496,1
Cmw2H5C_Ves_3621-3747,16,3,556.7142857142857,29.142857142857142,180.0,219.0,inside_visible,607.425,568.7935,0
Cmw2H5C_Ves_3621-3747,17,1,98.0,261.0,194.0,193.0,inside_visible,597.7371764705882,561.3120588235294,1
Cmw2H5C_Ves_3621-3747,17,2,865.3333333333334,204.55555555555557,242.9999999999999,251.0,inside_visible,603.59275,555.2935,1
Cmw2H5C_Ves_3621-3747,17,3,557.2857142857143,29.19047619047619,180.0,219.0,inside_visible,602.566,557.978,0
Cmw2H5C_Ves_3621-3747,18,1,98.0,261.0,194.0,193.0,inside_visible,598.39,560.496,1
Cmw2H5C_Ves_3621-3747,18,2,872.0,200.66666666666663,243.0,251.00000000000003,inside_visible,610.1825,550.091,1
Cmw2H5C_Ves_3621-3747,18,3,557.8571428571429,29.23809523809524,180.0,219.0,inside_visible,608.6896666666667,548.8963333333332,0
Cmw2H5C_Ves_3621-3747,19,1,98.0,261.0,194.0,193.0,inside_visible,609.4882,544.6808,1
Cmw2H5C_Ves_3621-3747,19,2,878.6666666666666,196.77777777777777,243.0000000000001,251.0,inside_visible,616.77225,544.8885,1
Cmw2H5C_Ves_3621-3747,19,3,558.4285714285714,29.285714285714285,180.0,219.0,inside_visible,614.8133333333334,539.8146666666667,0
Cmw2H5C_Ves_3621-3747,20,1,98.0,261.0,194.0,193.0,inside_visible,620.5864,528.8656,1
Cmw2H5C_Ves_3621-3747,20,2,885.3333333333334,192.88888888888889,242.9999999999999,251.00000000000003,inside_visible,623.362,539.686,1
Cmw2H5C_Ves_3621-3747,20,3,559.0,29.33333333333333,180.0,219.0,inside_visible,620.937,530.733,0
Cmw2H5C_Ves_3621-3747,21,1,98.0,261.0,194.0,193.0,inside_visible,631.6845999999999,513.0504,1
Cmw2H5C_Ves_3621-3747,21,2,892.0,189.0,243.0,251.0,inside_visible,637.9285,523.0385,1
Cmw2H5C_Ves_3621-3747,21,3,559.5714285714286,29.38095238095238,180.0,219.0,inside_visible,656.657,495.293,0
Cmw2H5C_Ves_3621-3747,22,1,98.0,261.0,194.0,193.0,inside_visible,642.7828,497.2352,1
Cmw2H5C_Ves_3621-3747,22,2,893.75,187.25,242.5,252.5,inside_visible,652.495,506.391,1
Cmw2H5C_Ves_3621-3747,22,3,560.1428571428571,29.428571428571427,180.0,219.0,inside_visible,641.397,496.68,0
Cmw2H5C_Ves_3621-3747,23,1,98.0,261.0,194.0,193.0,inside_visible,653.881,481.42,1
Cmw2H5C_Ves_3621-3747,23,2,895.5,185.5,242.0,254.0,inside_visible,731.571,600.729,1
Cmw2H5C_Ves_3621-3747,23,3,560.7142857142857,29.476190476190474,180.0,219.0,inside_visible,670.53,495.293,0
Cmw2H5C_Ves_3621-3747,24,1,98.0,261.0,194.0,193.0,inside_visible,687.176,486.969,1
Cmw2H5C_Ves_3621-3747,24,2,897.25,183.75,241.5,255.5,inside_visible,732.958,599.342,1
Cmw2H5C_Ves_3621-3747,24,3,561.2857142857143,29.52380952380953,180.0,219.0,inside_visible,949.377,295.519,0
Cmw2H5C_Ves_3621-3747,25,1,98.0,261.0,194.0,193.0,inside_visible,713.5350000000001,482.1135,1
Cmw2H5C_Ves_3621-3747,25,2,899.0,182.0,241.0,257.0,inside_visible,825.908,657.609,1
Cmw2H5C_Ves_3621-3747,25,3,561.8571428571429,29.571428571428573,180.0,219.0,inside_visible,949.8268,295.6186,0
Cmw2H5C_Ves_3621-3747,26,1,98.0,261.0,194.0,193.0,inside_visible,739.894,477.258,1
Cmw2H5C_Ves_3621-3747,26,2,900.75,180.25,240.5,258.5,inside_visible,826.384,657.0378000000001,1
Cmw2H5C_Ves_3621-3747,26,3,562.4285714285714,29.61904761904762,180.0,219.0,inside_visible,950.2766,295.7182,0
Cmw2H5C_Ves_3621-3747,27,1,98.0,261.0,194.0,193.0,inside_visible,761.569,492.615,1
Cmw2H5C_Ves_3621-3747,27,2,902.5,178.5,240.0,260.0,inside_visible,826.86,656.4666000000001,1
Cmw2H5C_Ves_3621-3747,27,3,563.0,29.666666666666668,180.0,219.0,inside_visible,950.7264,295.8178,0
Cmw2H5C_Ves_3621-3747,28,1,98.0,261.0,194.0,193.0,inside_visible,781.4536666666667,511.575,1
Cmw2H5C_Ves_3621-3747,28,2,904.25,176.75,239.5,261.5,inside_visible,827.336,655.8954,1
Cmw2H5C_Ves_3621-3747,28,3,563.5714285714286,29.714285714285715,180.0,219.0,inside_visible,951.1762,295.9174,0
Cmw2H5C_Ves_3621-3747,29,1,98.0,261.0,194.0,193.0,inside_visible,801.3383333333333,530.535,1
Cmw2H5C_Ves_3621-3747,29,2,906.0,175.0,239.0,263.0,inside_visible,827.812,655.3242,1
Cmw2H5C_Ves_3621-3747,29,3,564.1428571428571,29.761904761904763,180.0,219.0,inside_visible,951.626,296.017,0
Cmw2H5C_Ves_3621-3747,30,1,98.0,261.0,194.0,193.0,inside_visible,821.223,549.495,1
Cmw2H5C_Ves_3621-3747,30,2,910.4,173.0,239.0000000000001,263.0,inside_visible,828.288,654.753,1
Cmw2H5C_Ves_3621-3747,30,3,564.7142857142857,29.80952380952381,180.0,219.0,inside_visible,962.03075,295.3925,0
Cmw2H5C_Ves_3621-3747,31,1,98.0,261.0,194.0,193.0,inside_visible,830.934,561.056,1
Cmw2H5C_Ves_3621-3747,31,2,914.8,171.0,239.0,263.0,inside_visible,826.5538750000001,655.7935,1
Cmw2H5C_Ves_3621-3747,31,3,565.2857142857143,29.857142857142858,180.0,219.0,inside_visible,972.4355,294.76800000000003,0
Cmw2H5C_Ves_3621-3747,32,1,98.0,261.0,194.0,193.0,inside_visible,840.645,572.617,1
Cmw2H5C_Ves_3621-3747,32,2,919.2,169.0,239.0,263.0,inside_visible,824.81975,656.8340000000001,1
Cmw2H5C_Ves_3621-3747,32,3,565.8571428571429,29.904761904761905,180.0,219.0,inside_visible,982.84025,294.1435,0
Cmw2H5C_Ves_3621-3747,33,1,98.0,261.0,194.0,193.0,inside_visible,850.356,584.178,1
Cmw2H5C_Ves_3621-3747,33,2,923.6,167.0,238.9999999999999,263.0,inside_visible,823.0856249999999,657.8745,1
Cmw2H5C_Ves_3621-3747,33,3,566.4285714285714,29.952380952380956,180.0,219.0,inside_visible,993.245,293.519,0
Cmw2H5C_Ves_3621-3747,34,1,98.0,261.0,194.0,193.0,inside_visible,850.2299090909091,585.3130909090909,1
Cmw2H5C_Ves_3621-3747,34,2,928.0,165.0,239.0,263.0,inside_visible,821.3515,658.915,1
Cmw2H5C_Ves_3621-3747,34,3,567.0,30.0,180.0,219.0,inside_visible,910.007,572.092,0
Cmw2H5C_Ves_3621-3747,35,1,98.0,261.0,194.0,193.0,inside_visible,850.1038181818182,586.4481818181819,1
Cmw2H5C_Ves_3621-3747,35,2,933.8333333333334,165.0,236.16666666666663,263.1666666666667,inside_visible,819.617375,659.9555,1
Cmw2H5C_Ves_3621-3747,35,3,567.0689655172414,30.05172413793104,180.0,219.0,inside_visible,909.761,574.756,0
Cmw2H5C_Ves_3621-3747,36,1,98.0,261.0,194.0,193.0,inside_visible,849.9777272727273,587.5832727272727,1
Cmw2H5C_Ves_3621-3747,36,2,939.6666666666666,165.0,233.33333333333337,263.3333333333333,inside_visible,817.88325,660.996,1
Cmw2H5C_Ves_3621-3747,36,3,567.1379310344828,30.103448275862068,180.0,219.0,inside_visible,909.515,577.42,0
Cmw2H5C_Ves_3621-3747,37,1,98.0,261.0,194.0,193.0,inside_visible,849.8516363636364,588.7183636363636,1
Cmw2H5C_Ves_3621-3747,37,2,945.5,165.0,230.5,263.5,inside_visible,816.1491249999999,662.0365,1
Cmw2H5C_Ves_3621-3747,37,3,567.2068965517242,30.155172413793103,180.0,219.0,inside_visible,910.5555,577.65125,0
Cmw2H5C_Ves_3621-3747,38,1,98.0,261.0,194.0,193.0,inside_visible,849.7255454545455,589.8534545454545,1
Cmw2H5C_Ves_3621-3747,38,2,951.3333333333334,165.0,227.66666666666663,263.6666666666667,inside_visible,814.415,663.077,1
Cmw2H5C_Ves_3621-3747,38,3,567.2758620689655,30.20689655172414,180.0,219.0,inside_visible,911.596,577.8824999999999,0
Cmw2H5C_Ves_3621-3747,39,1,98.0,261.0,194.0,193.0,inside_visible,849.5994545454546,590.9885454545455,1
Cmw2H5C_Ves_3621-3747,39,2,957.1666666666666,165.0,224.83333333333337,263.8333333333333,inside_visible,812.1028333333334,663.4073333333333,1
Cmw2H5C_Ves_3621-3747,39,3,567.3448275862069,30.25862068965517,180.0,219.0,inside_visible,912.6365,578.11375,0
Cmw2H5C_Ves_3621-3747,40,1,98.0,261.0,194.0,193.0,inside_visible,849.4733636363636,592.1236363636364,1
Cmw2H5C_Ves_3621-3747,40,2,963.0,165.0,222.0,264.0,inside_visible,809.7906666666667,663.7376666666667,1
Cmw2H5C_Ves_3621-3747,40,3,567.4137931034483,30.310344827586206,180.0,219.0,inside_visible,913.677,578.345,0
Cmw2H5C_Ves_3621-3747,41,1,98.0,261.0,194.0,193.0,inside_visible,849.3472727272728,593.2587272727272,1
Cmw2H5C_Ves_3621-3747,41,2,961.8571428571428,165.0,223.1428571428571,264.0,inside_visible,807.4784999999999,664.068,1
Cmw2H5C_Ves_3621-3747,41,3,567.4827586206897,30.36206896551724,180.0,219.0,inside_visible,914.7175,578.57625,0
Cmw2H5C_Ves_3621-3747,42,1,98.0,261.0,194.0,193.0,inside_visible,849.2211818181819,594.3938181818181,1
Cmw2H5C_Ves_3621-3747,42,2,960.7142857142856,165.0,224.28571428571436,264.0,inside_visible,805.1663333333333,664.3983333333333,1
Cmw2H5C_Ves_3621-3747,42,3,567.551724137931,30.41379310344828,180.0,219.0,inside_visible,915.758,578.8075,0
Cmw2H5C_Ves_3621-3747,43,1,98.0,261.0,194.0,193.0,inside_visible,849.0950909090909,595.5289090909091,1
Cmw2H5C_Ves_3621-3747,43,2,959.5714285714286,165.0,225.42857142857144,264.0,inside_visible,802.8541666666667,664.7286666666666,1
Cmw2H5C_Ves_3621-3747,43,3,567.6206896551724,30.46551724137931,180.0,219.0,inside_visible,916.7985,579.03875,0
Cmw2H5C_Ves_3621-3747,44,1,98.0,261.0,194.0,193.0,inside_visible,848.969,596.664,1
Cmw2H5C_Ves_3621-3747,44,2,958.4285714285714,165.0,226.57142857142856,264.0,inside_visible,800.542,665.059,1
Cmw2H5C_Ves_3621-3747,44,3,567.6896551724138,30.517241379310345,180.0,219.0,inside_visible,917.839,579.27,0
Cmw2H5C_Ves_3621-3747,45,1,98.0,261.0,194.0,193.0,inside_visible,845.50075,597.7045,1
Cmw2H5C_Ves_3621-3747,45,2,957.2857142857144,165.0,227.7142857142857,264.0,inside_visible,717.304,600.648,1
Cmw2H5C_Ves_3621-3747,45,3,567.7586206896551,30.56896551724138,180.0,219.0,inside_visible,918.8795,579.50125,0
Cmw2H5C_Ves_3621-3747,46,1,98.0,261.0,194.0,193.0,inside_visible,842.0325,598.745,1
Cmw2H5C_Ves_3621-3747,46,2,956.1428571428572,165.0,228.8571428571429,264.0,inside_visible,717.825909090909,601.1574545454546,1
Cmw2H5C_Ves_3621-3747,46,3,567.8275862068965,30.620689655172413,180.0,219.0,inside_visible,919.92,579.7325000000001,0
Cmw2H5C_Ves_3621-3747,47,1,98.0,261.0,194.0,193.0,inside_visible,838.56425,599.7855,1
Cmw2H5C_Ves_3621-3747,47,2,955.0,165.0,230.0,264.0,inside_visible,718.3478181818182,601.6669090909091,1
Cmw2H5C_Ves_3621-3747,47,3,567.8965517241379,30.67241379310345,180.0,219.0,inside_visible,920.9605,579.96375,0
Cmw2H5C_Ves_3621-3747,48,1,98.0,261.0,194.0,193.0,inside_visible,835.096,600.826,1
Cmw2H5C_Ves_3621-3747,48,2,956.0769230769232,164.3846153846154,230.0,264.0,inside_visible,718.8697272727272,602.1763636363637,1
Cmw2H5C_Ves_3621-3747,48,3,567.9655172413793,30.724137931034484,180.0,219.0,inside_visible,922.001,580.195,0
Cmw2H5C_Ves_3621-3747,49,1,98.0,261.0,194.0,193.0,inside_visible,834.518,601.2884166666666,1
Cmw2H5C_Ves_3621-3747,49,2,957.1538461538462,163.76923076923077,230.0,264.0,inside_visible,719.3916363636364,602.6858181818183,1
Cmw2H5C_Ves_3621-3747,49,3,568.0344827586207,30.77586206896552,180.0,219.0,inside_visible,923.735,584.01,0
Cmw2H5C_Ves_3621-3747,50,1,98.0,261.0,194.0,193.0,inside_visible,833.94,601.7508333333334,1
Cmw2H5C_Ves_3621-3747,50,2,958.2307692307692,163.15384615384616,230.0,264.0,inside_visible,719.9135454545454,603.1952727272727,1
Cmw2H5C_Ves_3621-3747,50,3,568.1034482758621,30.82758620689655,180.0,219.0,inside_visible,925.469,587.825,0
Cmw2H5C_Ves_3621-3747,51,1,98.0,261.0,194.0,193.0,inside_visible,833.362,602.21325,1
Cmw2H5C_Ves_3621-3747,51,2,959.3076923076924,162.53846153846155,230.0000000000001,264.0,inside_visible,720.4354545454545,603.7047272727273,1
Cmw2H5C_Ves_3621-3747,51,3,568.1724137931035,30.879310344827587,180.0,219.0,inside_visible,927.203,591.6400000000001,0
Cmw2H5C_Ves_3621-3747,52,1,98.0,261.0,194.0,193.0,inside_visible,832.784,602.6756666666666,1
Cmw2H5C_Ves_3621-3747,52,2,960.3846153846154,161.92307692307693,230.0000000000001,264.0,inside_visible,720.9573636363637,604.2141818181818,1
Cmw2H5C_Ves_3621-3747,52,3,568.2413793103449,30.93103448275862,180.0,219.0,inside_visible,928.937,595.455,0
Cmw2H5C_Ves_3621-3747,53,1,98.0,261.0,194.0,193.0,inside_visible,832.206,603.1380833333334,1
Cmw2H5C_Ves_3621-3747,53,2,961.4615384615385,161.30769230769232,230.0000000000001,264.0,inside_visible,721.4792727272727,604.7236363636364,1
Cmw2H5C_Ves_3621-3747,53,3,568.3103448275862,30.98275862068965,180.0,219.0,inside_visible,916.7288,586.2988,0
Cmw2H5C_Ves_3621-3747,54,1,98.0,261.0,194.0,193.0,inside_visible,831.6279999999999,603.6005,1
Cmw2H5C_Ves_3621-3747,54,2,962.5384615384615,160.69230769230768,229.9999999999999,264.0,inside_visible,722.0011818181819,605.233090909091,1
Cmw2H5C_Ves_3621-3747,54,3,568.3793103448276,31.03448275862069,180.0,219.0,inside_visible,904.5206,577.1426,0
Cmw2H5C_Ves_3621-3747,55,1,98.0,261.0,194.0,193.0,inside_visible,831.05,604.0629166666666,1
Cmw2H5C_Ves_3621-3747,55,2,963.6153846153846,160.07692307692307,229.9999999999999,264.0,inside_visible,722.5230909090909,605.7425454545455,1
Cmw2H5C_Ves_3621-3747,55,3,568.448275862069,31.08620689655172,180.0,219.0,inside_visible,892.3124,567.9864,0
Cmw2H5C_Ves_3621-3747,56,1,98.0,261.0,194.0,193.0,inside_visible,830.472,604.5253333333334,1
Cmw2H5C_Ves_3621-3747,56,2,964.6923076923076,159.46153846153845,229.9999999999999,264.0,inside_visible,723.045,606.2520000000001,1
Cmw2H5C_Ves_3621-3747,56,3,568.5172413793103,31.13793103448276,180.0,219.0,inside_visible,880.1042,558.8302,0
Cmw2H5C_Ves_3621-3747,57,1,98.0,261.0,194.0,193.0,inside_visible,829.894,604.98775,1
Cmw2H5C_Ves_3621-3747,57,2,965.7692307692308,158.84615384615384,230.0,264.0,inside_visible,723.5669090909091,606.7614545454546,1
Cmw2H5C_Ves_3621-3747,57,3,568.5862068965517,31.189655172413797,180.0,219.0,inside_visible,867.896,549.674,0
Cmw2H5C_Ves_3621-3747,58,1,98.0,261.0,194.0,193.0,inside_visible,829.316,605.4501666666666,1
Cmw2H5C_Ves_3621-3747,58,2,966.8461538461538,158.23076923076923,230.0,264.0,inside_visible,724.0888181818182,607.2709090909091,1
Cmw2H5C_Ves_3621-3747,58,3,568.6551724137931,31.24137931034483,180.0,219.0,inside_visible,854.4853333333333,549.674,0
Cmw2H5C_Ves_3621-3747,59,1,98.0,261.0,194.0,193.0,inside_visible,828.7379999999999,605.9125833333334,1
Cmw2H5C_Ves_3621-3747,59,2,967.9230769230768,157.6153846153846,230.0,264.0,inside_visible,724.6107272727273,607.7803636363636,1
Cmw2H5C_Ves_3621-3747,59,3,568.7241379310345,31.29310344827586,180.0,219.0,inside_visible,841.0746666666666,549.674,0
Cmw2H5C_Ves_3621-3747,60,1,98.0,261.0,194.0,193.0,inside_visible,828.16,606.375,1
Cmw2H5C_Ves_3621-3747,60,2,969.0,157.0,230.0,264.0,inside_visible,725.1326363636364,608.2898181818182,1
Cmw2H5C_Ves_3621-3747,60,3,568.7931034482758,31.344827586206897,180.0,219.0,inside_visible,827.664,549.674,0
Cmw2H5C_Ves_3621-3747,61,1,98.0,261.0,194.0,193.0,inside_visible,822.7266666666667,603.3693333333333,1
Cmw2H5C_Ves_3621-3747,61,2,970.0909090909092,156.72727272727272,229.9999999999999,263.3636363636364,inside_visible,725.6545454545454,608.7992727272728,1
Cmw2H5C_Ves_3621-3747,61,3,568.8620689655172,31.39655172413793,180.0,219.0,inside_visible,809.629,550.1363333333334,0
Cmw2H5C_Ves_3621-3747,62,1,98.0,261.0,194.0,193.0,inside_visible,817.2933333333333,600.3636666666666,1
Cmw2H5C_Ves_3621-3747,62,2,971.181818181818,156.45454545454547,230.0000000000001,262.72727272727275,inside_visible,726.1764545454546,609.3087272727273,1
Cmw2H5C_Ves_3621-3747,62,3,568.9310344827586,31.448275862068964,180.0,219.0,inside_visible,791.5939999999999,550.5986666666666,0
Cmw2H5C_Ves_3621-3747,63,1,98.0,261.0,194.0,193.0,inside_visible,811.86,597.358,1
Cmw2H5C_Ves_3621-3747,63,2,972.2727272727273,156.1818181818182,230.0,262.09090909090907,inside_visible,726.6983636363636,609.8181818181819,1
Cmw2H5C_Ves_3621-3747,63,3,569.0,31.5,180.0,219.0,inside_visible,773.559,551.061,0
Cmw2H5C_Ves_3621-3747,64,1,98.0,261.0,194.0,193.0,inside_visible,737.986,592.502,1
Cmw2H5C_Ves_3621-3747,64,2,973.3636363636364,155.9090909090909,229.9999999999999,261.4545454545455,inside_visible,727.2202727272727,610.3276363636364,1
Cmw2H5C_Ves_3621-3747,64,3,569.0689655172414,31.55172413793104,180.0,219.0,inside_visible,755.524,564.2405,0
Cmw2H5C_Ves_3621-3747,65,1,98.0,261.0,194.0,193.0,inside_visible,733.717,598.7835,1
Cmw2H5C_Ves_3621-3747,65,2,974.4545454545456,155.63636363636363,230.0,260.8181818181818,inside_visible,727.7421818181818,610.837090909091,1
Cmw2H5C_Ves_3621-3747,65,3,569.1379310344828,31.603448275862068,180.0,219.0,inside_visible,737.489,577.42,0
Cmw2H5C_Ves_3621-3747,66,1,98.0,261.0,194.0,193.0,inside_visible,729.448,605.065,1
Cmw2H5C_Ves_3621-3747,66,2,975.5454545454544,155.36363636363637,230.0,260.1818181818182,inside_visible,728.2640909090909,611.3465454545454,1
Cmw2H5C_Ves_3621-3747,66,3,569.2068965517242,31.655172413793103,180.0,219.0,inside_visible,738.1826666666667,577.1887777777778,0
Cmw2H5C_Ves_3621-3747,67,1,98.0,261.0,194.0,193.0,inside_visible,730.4884583333333,604.949375,1
Cmw2H5C_Ves_3621-3747,67,2,976.6363636363636,155.0909090909091,230.0000000000001,259.5454545454545,inside_visible,728.7860000000001,611.856,1
Cmw2H5C_Ves_3621-3747,67,3,569.2758620689655,31.70689655172414,180.0,219.0,inside_visible,738.8763333333334,576.9575555555555,0
Cmw2H5C_Ves_3621-3747,68,1,98.0,261.0,194.0,193.0,inside_visible,731.5289166666666,604.83375,1
Cmw2H5C_Ves_3621-3747,68,2,977.7272727272727,154.8181818181818,230.0,258.90909090909093,inside_visible,729.3079090909091,612.3654545454546,1
Cmw2H5C_Ves_3621-3747,68,3,569.3448275862069,31.75862068965517,180.0,219.0,inside_visible,739.57,576.7263333333333,0
Cmw2H5C_Ves_3621-3747,69,1,98.0,261.0,194.0,193.0,inside_visible,732.569375,604.7181250000001,1
Cmw2H5C_Ves_3621-3747,69,2,978.818181818182,154.54545454545453,229.9999999999999,258.27272727272725,inside_visible,729.8298181818182,612.8749090909091,1
Cmw2H5C_Ves_3621-3747,69,3,569.4137931034483,31.810344827586206,180.0,219.0,inside_visible,740.2636666666667,576.4951111111111,0
Cmw2H5C_Ves_3621-3747,70,1,98.0,261.0,194.0,193.0,inside_visible,733.6098333333333,604.6025000000001,1
Cmw2H5C_Ves_3621-3747,70,2,979.9090909090908,154.27272727272728,230.0000000000001,257.6363636363636,inside_visible,730.3517272727273,613.3843636363637,1
Cmw2H5C_Ves_3621-3747,70,3,569.4827586206897,31.86206896551724,180.0,219.0,inside_visible,740.9573333333334,576.2638888888889,0
Cmw2H5C_Ves_3621-3747,71,1,98.0,261.0,194.0,193.0,inside_visible,734.6502916666666,604.486875,1
Cmw2H5C_Ves_3621-3747,71,2,981.0,154.0,230.0,257.0,inside_visible,730.8736363636364,613.8938181818182,1
Cmw2H5C_Ves_3621-3747,71,3,569.551724137931,31.91379310344828,180.0,219.0,inside_visible,741.6510000000001,576.0326666666666,0
Cmw2H5C_Ves_3621-3747,72,1,98.0,261.0,194.0,193.0,inside_visible,735.69075,604.37125,1
Cmw2H5C_Ves_3621-3747,72,2,980.7142857142856,153.85714285714286,230.0000000000001,257.0,inside_visible,731.3955454545455,614.4032727272728,1
Cmw2H5C_Ves_3621-3747,72,3,569.6206896551724,31.96551724137931,180.0,219.0,inside_visible,742.3446666666667,575.8014444444444,0
Cmw2H5C_Ves_3621-3747,73,1,98.0,261.0,194.0,193.0,inside_visible,736.7312083333334,604.255625,1
Cmw2H5C_Ves_3621-3747,73,2,980.4285714285714,153.71428571428572,229.9999999999999,257.0,inside_visible,731.9174545454546,614.9127272727274,1
Cmw2H5C_Ves_3621-3747,73,3,569.6896551724138,32.01724137931034,180.0,219.0,inside_visible,743.0383333333334,575.5702222222222,0
Cmw2H5C_Ves_3621-3747,74,1,98.0,261.0,194.0,193.0,inside_visible,737.7716666666666,604.14,1
Cmw2H5C_Ves_3621-3747,74,2,980.1428571428572,153.57142857142858,230.0,257.0,inside_visible,732.4393636363636,615.4221818181818,1
Cmw2H5C_Ves_3621-3747,74,3,569.7586206896551,32.06896551724138,180.0,219.0,inside_visible,743.732,575.3389999999999,0
Cmw2H5C_Ves_3621-3747,75,1,98.0,261.0,194.0,193.0,inside_visible,738.8121249999999,604.024375,1
Cmw2H5C_Ves_3621-3747,75,2,979.8571428571428,153.42857142857142,230.0,257.0,inside_visible,732.9612727272728,615.9316363636364,1
Cmw2H5C_Ves_3621-3747,75,3,569.8275862068965,32.12068965517241,180.0,219.0,inside_visible,744.4256666666666,575.1077777777778,0
Cmw2H5C_Ves_3621-3747,76,1,98.0,261.0,194.0,193.0,inside_visible,739.8525833333333,603.90875,1
Cmw2H5C_Ves_3621-3747,76,2,979.5714285714286,153.28571428571428,230.0000000000001,257.0,inside_visible,733.4831818181818,616.4410909090909,1
Cmw2H5C_Ves_3621-3747,76,3,569.8965517241379,32.172413793103445,180.0,219.0,inside_visible,745.1193333333333,574.8765555555556,0
Cmw2H5C_Ves_3621-3747,77,1,98.0,261.0,194.0,193.0,inside_visible,740.8930416666667,603.793125,1
Cmw2H5C_Ves_3621-3747,77,2,979.2857142857144,153.14285714285714,229.9999999999999,257.0,inside_visible,734.005090909091,616.9505454545455,1
Cmw2H5C_Ves_3621-3747,77,3,569.9655172413793,32.224137931034484,180.0,219.0,inside_visible,745.813,574.6453333333334,0
Cmw2H5C_Ves_3621-3747,78,1,98.0,261.0,194.0,193.0,inside_visible,741.9335,603.6775,1
Cmw2H5C_Ves_3621-3747,78,2,979.0,153.0,230.0,257.0,inside_visible,734.527,617.46,1
Cmw2H5C_Ves_3621-3747,78,3,570.0344827586207,32.27586206896552,180.0,219.0,inside_visible,746.5066666666667,574.4141111111111,0
Cmw2H5C_Ves_3621-3747,79,1,98.0,261.0,194.0,193.0,inside_visible,742.9739583333333,603.561875,1
Cmw2H5C_Ves_3621-3747,79,2,978.7142857142856,152.85714285714286,230.0000000000001,257.0,inside_visible,734.527,617.46,1
Cmw2H5C_Ves_3621-3747,79,3,570.1034482758621,32.327586206896555,180.0,219.0,inside_visible,747.2003333333333,574.1828888888889,0
Cmw2H5C_Ves_3621-3747,80,1,98.0,261.0,194.0,193.0,inside_visible,744.0144166666666,603.44625,1
Cmw2H5C_Ves_3621-3747,80,2,978.4285714285714,152.71428571428572,229.9999999999999,257.0,inside_visible,734.527,617.46,1
Cmw2H5C_Ves_3621-3747,80,3,570.1724137931035,32.37931034482759,180.0,219.0,inside_visible,747.894,573.9516666666667,0
Cmw2H5C_Ves_3621-3747,81,1,98.0,261.0,194.0,193.0,inside_visible,745.054875,603.330625,1
Cmw2H5C_Ves_3621-3747,81,2,978.1428571428572,152.57142857142858,230.0,257.0,inside_visible,734.527,617.46,1
Cmw2H5C_Ves_3621-3747,81,3,570.2413793103449,32.43103448275862,180.0,219.0,inside_visible,748.5876666666667,573.7204444444445,0
Cmw2H5C_Ves_3621-3747,82,1,98.0,261.0,194.0,193.0,inside_visible,746.0953333333333,603.215,1
Cmw2H5C_Ves_3621-3747,82,2,977.8571428571428,152.42857142857142,230.0,257.0,inside_visible,734.527,617.46,1
Cmw2H5C_Ves_3621-3747,82,3,570.3103448275862,32.48275862068966,180.0,219.0,inside_visible,749.2813333333334,573.4892222222222,0
Cmw2H5C_Ves_3621-3747,83,1,98.0,261.0,194.0,193.0,inside_visible,747.1357916666666,603.099375,1
Cmw2H5C_Ves_3621-3747,83,2,977.5714285714286,152.28571428571428,230.0000000000001,257.0,inside_visible,734.527,617.46,1
Cmw2H5C_Ves_3621-3747,83,3,570.3793103448276,32.53448275862069,180.0,219.0,inside_visible,749.975,573.258,0
Cmw2H5C_Ves_3621-3747,84,1,98.0,261.0,194.0,193.0,inside_visible,748.17625,602.98375,1
Cmw2H5C_Ves_3621-3747,84,2,977.2857142857144,152.14285714285714,229.9999999999999,257.0,inside_visible,734.527,617.46,1
Cmw2H5C_Ves_3621-3747,84,3,570.448275862069,32.58620689655172,180.0,219.0,inside_visible,749.4858888888889,574.118,0
Cmw2H5C_Ves_3621-3747,85,1,98.0,261.0,194.0,193.0,inside_visible,749.2167083333334,602.868125,1
Cmw2H5C_Ves_3621-3747,85,2,977.0,152.0,230.0,257.0,inside_visible,734.527,617.46,1
Cmw2H5C_Ves_3621-3747,85,3,570.5172413793103,32.63793103448276,180.0,219.0,inside_visible,748.9967777777778,574.9780000000001,0
Cmw2H5C_Ves_3621-3747,86,1,98.0,261.0,194.0,193.0,inside_visible,750.2571666666666,602.7524999999999,1
Cmw2H5C_Ves_3621-3747,86,2,976.7142857142856,151.85714285714286,230.0000000000001,257.0,inside_visible,734.527,617.46,1
Cmw2H5C_Ves_3621-3747,86,3,570.5862068965517,32.689655172413794,180.0,219.0,inside_visible,748.5076666666666,575.8380000000001,0
Cmw2H5C_Ves_3621-3747,87,1,98.0,261.0,194.0,193.0,inside_visible,751.2976249999999,602.6368749999999,1
Cmw2H5C_Ves_3621-3747,87,2,976.4285714285714,151.71428571428572,229.9999999999999,257.0,inside_visible,734.527,617.46,1
Cmw2H5C_Ves_3621-3747,87,3,570.6551724137931,32.741379310344826,180.0,219.0,inside_visible,748.0185555555556,576.6980000000001,0
Cmw2H5C_Ves_3621-3747,88,1,98.0,261.0,194.0,193.0,inside_visible,752.3380833333333,602.52125,1
Cmw2H5C_Ves_3621-3747,88,2,976.1428571428572,151.57142857142858,230.0,257.0,inside_visible,734.527,617.46,1
Cmw2H5C_Ves_3621-3747,88,3,570.7241379310345,32.793103448275865,180.0,219.0,inside_visible,747.5294444444445,577.558,0
Cmw2H5C_Ves_3621-3747,89,1,98.0,261.0,194.0,193.0,inside_visible,753.3785416666667,602.405625,1
Cmw2H5C_Ves_3621-3747,89,2,975.8571428571428,151.42857142857142,230.0,257.0,inside_visible,734.527,617.46,1
Cmw2H5C_Ves_3621-3747,89,3,570.7931034482758,32.8448275862069,180.0,219.0,inside_visible,747.0403333333334,578.418,0
Cmw2H5C_Ves_3621-3747,90,1,98.0,261.0,194.0,193.0,inside_visible,754.419,602.29,1
Cmw2H5C_Ves_3621-3747,90,2,975.5714285714286,151.28571428571428,230.0000000000001,257.0,gaze_shift,734.527,617.46,1
Cmw2H5C_Ves_3621-3747,90,3,570.8620689655172,32.89655172413793,180.0,219.0,inside_visible,746.5512222222222,579.278,0
Cmw2H5C_Ves_3621-3747,91,1,98.0,261.0,194.0,193.0,inside_visible,756.3149999999999,600.3016,1
Cmw2H5C_Ves_3621-3747,91,2,975.2857142857144,151.14285714285714,229.9999999999999,257.0,gaze_shift,734.527,617.46,1
Cmw2H5C_Ves_3621-3747,91,3,570.9310344827586,32.94827586206897,180.0,219.0,inside_visible,746.0621111111111,580.138,0
Cmw2H5C_Ves_3621-3747,92,1,98.0,261.0,194.0,193.0,inside_visible,758.211,598.3131999999999,1
Cmw2H5C_Ves_3621-3747,92,2,975.0,151.0,230.0,257.0,gaze_shift,734.527,617.46,1
Cmw2H5C_Ves_3621-3747,92,3,571.0,33.0,180.0,219.0,inside_visible,745.5730000000001,580.998,0
Cmw2H5C_Ves_3621-3747,93,1,98.0,261.0,194.0,193.0,inside_visible,760.107,596.3248,1
Cmw2H5C_Ves_3621-3747,93,2,975.0,151.85714285714286,229.0,256.57142857142856,gaze_shift,734.527,617.46,1
Cmw2H5C_Ves_3621-3747,93,3,571.0,33.0,180.0,219.0,inside_visible,745.083888888889,581.8580000000001,0
Cmw2H5C_Ves_3621-3747,94,1,98.0,261.0,194.0,193.0,inside_visible,762.003,594.3363999999999,1
Cmw2H5C_Ves_3621-3747,94,2,975.0,152.71428571428572,228.0,256.1428571428571,gaze_shift,734.527,617.46,1
Cmw2H5C_Ves_3621-3747,94,3,571.0,33.0,180.0,219.0,inside_visible,744.5947777777778,582.7180000000001,0
Cmw2H5C_Ves_3621-3747,95,1,98.0,261.0,194.0,193.0,inside_visible,763.899,592.348,1
Cmw2H5C_Ves_3621-3747,95,2,975.0,153.57142857142858,227.0,255.7142857142857,gaze_shift,734.527,617.46,1
Cmw2H5C_Ves_3621-3747,95,3,571.0,33.0,180.0,219.0,inside_visible,744.1056666666667,583.5780000000001,0
Cmw2H5C_Ves_3621-3747,96,1,98.0,261.0,194.0,193.0,inside_visible,1022.168,262.398,1
Cmw2H5C_Ves_3621-3747,96,2,975.0,154.42857142857142,226.0,255.2857142857143,gaze_shift,734.527,617.46,1
Cmw2H5C_Ves_3621-3747,96,3,571.0,33.0,180.0,219.0,inside_visible,743.6165555555556,584.4380000000001,0
Cmw2H5C_Ves_3621-3747,97,1,98.0,261.0,194.0,193.0,inside_visible,1027.016,264.024,1
Cmw2H5C_Ves_3621-3747,97,2,975.0,155.28571428571428,225.0,254.8571428571429,gaze_shift,734.527,617.46,1
Cmw2H5C_Ves_3621-3747,97,3,571.0,33.0,180.0,219.0,inside_visible,743.1274444444444,585.298,0
Cmw2H5C_Ves_3621-3747,98,1,98.0,261.0,194.0,193.0,inside_visible,1031.864,265.65,1
Cmw2H5C_Ves_3621-3747,98,2,975.0,156.14285714285714,224.0,254.42857142857144,gaze_shift,734.527,617.46,1
Cmw2H5C_Ves_3621-3747,98,3,571.0,33.0,180.0,219.0,inside_visible,742.6383333333333,586.158,0
Cmw2H5C_Ves_3621-3747,99,1,98.0,261.0,194.0,193.0,inside_visible,1032.5941578947368,265.65,1
Cmw2H5C_Ves_3621-3747,99,2,975.0,157.0,223.0,254.0,gaze_shift,734.527,617.46,1
Cmw2H5C_Ves_3621-3747,99,3,571.0,33.0,180.0,219.0,inside_visible,742.1492222222223,587.018,0
Cmw2H5C_Ves_3621-3747,100,1,98.0,261.0,194.0,193.0,inside_visible,1033.3243157894738,265.65,1
Cmw2H5C_Ves_3621-3747,100,2,975.0,157.85714285714286,222.0,253.57142857142856,gaze_shift,734.527,617.46,1
Cmw2H5C_Ves_3621-3747,100,3,571.0,33.0,180.0,219.0,inside_visible,741.6601111111112,587.878,0
Cmw2H5C_Ves_3621-3747,101,1,98.0,261.0,194.0,193.0,inside_visible,1034.0544736842105,265.65,1
Cmw2H5C_Ves_3621-3747,101,2,975.0,158.71428571428572,221.0,253.1428571428571,gaze_shift,734.527,617.46,1
Cmw2H5C_Ves_3621-3747,101,3,571.0,33.0,180.0,219.0,inside_visible,741.171,588.738,0
Cmw2H5C_Ves_3621-3747,102,1,98.0,261.0,194.0,193.0,inside_visible,1034.7846315789477,265.65,1
Cmw2H5C_Ves_3621-3747,102,2,975.0,159.57142857142858,220.0,252.7142857142857,gaze_shift,734.527,617.46,1
Cmw2H5C_Ves_3621-3747,102,3,571.0,33.0,180.0,219.0,inside_visible,1037.949,252.788,0
Cmw2H5C_Ves_3621-3747,103,1,98.0,261.0,194.0,193.0,inside_visible,1035.5147894736842,265.65,1
Cmw2H5C_Ves_3621-3747,103,2,975.0,160.42857142857142,219.0,252.2857142857143,gaze_shift,734.527,617.46,1
Cmw2H5C_Ves_3621-3747,103,3,571.0,33.0,180.0,219.0,inside_visible,1039.5504,251.885,0
Cmw2H5C_Ves_3621-3747,104,1,98.0,261.0,194.0,193.0,inside_visible,1036.2449473684212,265.65,1
Cmw2H5C_Ves_3621-3747,104,2,975.0,161.28571428571428,218.0,251.8571428571429,gaze_shift,734.527,617.46,1
Cmw2H5C_Ves_3621-3747,104,3,571.0,33.0,180.0,219.0,inside_visible,1041.1518,250.982,0
Cmw2H5C_Ves_3621-3747,105,1,98.0,261.0,194.0,193.0,inside_visible,1036.975105263158,265.65,1
Cmw2H5C_Ves_3621-3747,105,2,975.0,162.14285714285714,217.0,251.42857142857144,outside_frame,734.527,617.46,1
Cmw2H5C_Ves_3621-3747,105,3,571.0,33.0,180.0,219.0,inside_visible,1042.7532,250.079,0
Cmw2H5C_Ves_3621-3747,106,1,98.0,261.0,194.0,193.0,inside_visible,1037.7052631578947,265.65,1
Cmw2H5C_Ves_3621-3747,106,2,975.0,163.0,216.0,251.0,outside_frame,734.527,617.46,1
Cmw2H5C_Ves_3621-3747,106,3,571.0,33.0,180.0,219.0,inside_visible,1044.3546,249.176,0
Cmw2H5C_Ves_3621-3747,107,1,98.0,261.0,194.0,193.0,inside_visible,1038.4354210526317,265.65,1
Cmw2H5C_Ves_3621-3747,107,2,975.7272727272727,163.0909090909091,216.0,251.0,outside_frame,734.527,617.46,1
Cmw2H5C_Ves_3621-3747,107,3,571.0,33.0,180.0,219.0,inside_visible,1045.956,248.273,0
Cmw2H5C_Ves_3621-3747,108,1,98.0,261.0,194.0,193.0,inside_visible,1039.1655789473684,265.65,1
Cmw2H5C_Ves_3621-3747,108,2,976.4545454545456,163.1818181818182,216.0,251.0,outside_frame,734.527,617.46,1
Cmw2H5C_Ves_3621-3747,108,3,571.0,33.0,180.0,219.0,inside_visible,1046.6364285714285,248.34564285714285,0
Cmw2H5C_Ves_3621-3747,109,1,98.0,261.0,194.0,193.0,inside_visible,1039.8957368421054,265.65,1
Cmw2H5C_Ves_3621-3747,109,2,977.181818181818,163.27272727272728,216.0000000000001,251.0,outside_frame,734.527,617.46,1
Cmw2H5C_Ves_3621-3747,109,3,571.0,33.0,180.0,219.0,inside_visible,1047.316857142857,248.4182857142857,0
Cmw2H5C_Ves_3621-3747,110,1,98.0,261.0,194.0,193.0,inside_visible,1040.6258947368422,265.65,1
Cmw2H5C_Ves_3621-3747,110,2,977.9090909090908,163.36363636363637,216.0000000000001,251.0,outside_frame,734.527,617.46,1
Cmw2H5C_Ves_3621-3747,110,3,571.0,33.0,180.0,219.0,inside_visible,1047.9972857142857,248.49092857142853,0
Cmw2H5C_Ves_3621-3747,111,1,98.0,261.0,194.0,193.0,inside_visible,1041.356052631579,265.65,1
Cmw2H5C_Ves_3621-3747,111,2,978.6363636363636,163.45454545454547,216.0000000000001,251.0,outside_frame,734.527,617.46,1
Cmw2H5C_Ves_3621-3747,111,3,571.0,33.0,180.0,219.0,inside_visible,1048.6777142857145,248.56357142857144,0
Cmw2H5C_Ves_3621-3747,112,1,98.0,261.0,194.0,193.0,inside_visible,1042.086210526316,265.65,1
Cmw2H5C_Ves_3621-3747,112,2,979.3636363636364,163.54545454545453,215.9999999999999,251.00000000000003,outside_frame,734.527,617.46,1
Cmw2H5C_Ves_3621-3747,112,3,571.0,33.0,180.0,219.0,inside_visible,1049.3581428571429,248.6362142857143,0
Cmw2H5C_Ves_3621-3747,113,1,98.0,261.0,194.0,193.0,inside_visible,1042.8163684210526,265.65,1
Cmw2H5C_Ves_3621-3747,113,2,980.0909090909092,163.63636363636363,215.9999999999999,251.0,outside_frame,734.527,617.46,1
Cmw2H5C_Ves_3621-3747,113,3,571.0,33.0,180.0,219.0,inside_visible,1050.0385714285717,248.70885714285717,0
Cmw2H5C_Ves_3621-3747,114,1,98.0,261.0,194.0,193.0,inside_visible,1043.5465263157896,265.65,1
Cmw2H5C_Ves_3621-3747,114,2,980.818181818182,163.72727272727272,215.9999999999999,251.00000000000003,outside_frame,734.527,617.46,1
Cmw2H5C_Ves_3621-3747,114,3,571.0,33.0,180.0,219.0,inside_visible,1050.719,248.7815,0
Cmw2H5C_Ves_3621-3747,115,1,98.0,261.0,194.0,193.0,inside_visible,1044.2766842105264,265.65,1
Cmw2H5C_Ves_3621-3747,115,2,981.5454545454544,163.8181818181818,216.0,251.0,outside_frame,734.527,617.46,1
Cmw2H5C_Ves_3621-3747,115,3,571.0,33.0,180.0,219.0,inside_visible,1051.3994285714284,248.85414285714285,0
Cmw2H5C_Ves_3621-3747,116,1,98.0,261.0,194.0,193.0,inside_visible,1045.006842105263,265.65,1
Cmw2H5C_Ves_3621-3747,116,2,982.2727272727273,163.9090909090909,216.0,251.00000000000003,outside_frame,734.527,617.46,1
Cmw2H5C_Ves_3621-3747,116,3,571.0,33.0,180.0,219.0,inside_visible,1052.079857142857,248.9267857142857,0
Cmw2H5C_Ves_3621-3747,117,1,98.0,261.0,194.0,193.0,inside_visible,1045.737,265.65,1
Cmw2H5C_Ves_3621-3747,117,2,983.0,164.0,216.0,251.0,outside_frame,734.527,617.46,1
Cmw2H5C_Ves_3621-3747,117,3,571.0,33.0,180.0,219.0,inside_visible,1052.7602857142856,248.99942857142852,0
Cmw2H5C_Ves_3621-3747,118,1,98.0,261.0,194.0,193.0,inside_visible,1045.737,265.65,1
Cmw2H5C_Ves_3621-3747,118,2,983.6,163.7,215.9999999999999,251.0,outside_frame,734.527,617.46,1
Cmw2H5C_Ves_3621-3747,118,3,571.0,33.0,180.0,219.0,inside_visible,1053.4407142857142,249.07207142857143,0
Cmw2H5C_Ves_3621-3747,119,1,98.0,261.0,194.0,193.0,inside_visible,1045.737,265.65,1
Cmw2H5C_Ves_3621-3747,119,2,984.2,163.4,216.0,251.0,outside_frame,734.527,617.46,1
Cmw2H5C_Ves_3621-3747,119,3,571.0,33.0,180.0,219.0,inside_visible,1054.1211428571428,249.1447142857143,0
Cmw2H5C_Ves_3621-3747,120,1,98.0,261.0,194.0,193.0,inside_visible,1045.737,265.65,1
Cmw2H5C_Ves_3621-3747,120,2,984.8,163.1,216.0,251.00000000000003,outside_frame,734.527,617.46,1
Cmw2H5C_Ves_3621-3747,120,3,571.0,33.0,180.0,219.0,inside_visible,1054.8015714285714,249.21735714285717,0
Cmw2H5C_Ves_3621-3747,121,1,98.0,261.0,194.0,193.0,inside_visible,1045.737,265.65,1
Cmw2H5C_Ves_3621-3747,121,2,985.4,162.8,216.0000000000001,251.0,outside_frame,734.527,617.46,1
Cmw2H5C_Ves_3621-3747,121,3,571.0,33.0,180.0,219.0,inside_visible,1055.482,249.29,0
Cmw2H5C_Ves_3621-3747,122,1,98.0,261.0,194.0,193.0,inside_visible,1045.737,265.65,1
Cmw2H5C_Ves_3621-3747,122,2,986.0,162.5,216.0,251.0,outside_frame,734.527,617.46,1
Cmw2H5C_Ves_3621-3747,122,3,571.0,33.0,180.0,219.0,inside_visible,772.658,611.749,0
Cmw2H5C_Ves_3621-3747,123,1,98.0,261.0,194.0,193.0,inside_visible,1045.737,265.65,1
Cmw2H5C_Ves_3621-3747,123,2,986.6,162.2,215.9999999999999,251.0,outside_frame,734.527,617.46,1
Cmw2H5C_Ves_3621-3747,123,3,571.0,33.0,180.0,219.0,inside_visible,773.3145,611.5364999999999,0
Cmw2H5C_Ves_3621-3747,124,1,98.0,261.0,194.0,193.0,inside_visible,1045.737,265.65,1
Cmw2H5C_Ves_3621-3747,124,2,987.2,161.9,216.0,251.0,outside_frame,734.527,617.46,1
Cmw2H5C_Ves_3621-3747,124,3,571.0,33.0,180.0,219.0,inside_visible,773.971,611.324,0
Cmw2H5C_Ves_3621-3747,125,1,98.0,261.0,194.0,193.0,inside_visible,1045.737,265.65,1
Cmw2H5C_Ves_3621-3747,125,2,987.8,161.6,216.0,251.00000000000003,outside_frame,734.527,617.46,1
Cmw2H5C_Ves_3621-3747,125,3,571.0,33.0,180.0,219.0,inside_visible,772.7856666666667,609.1796666666667,0
Cmw2H5C_Ves_3621-3747,126,1,98.0,261.0,194.0,193.0,inside_visible,1045.737,265.65,1
Cmw2H5C_Ves_3621-3747,126,2,988.4,161.3,216.0000000000001,251.0,outside_frame,734.527,617.46,1
Cmw2H5C_Ves_3621-3747,126,3,571.0,33.0,180.0,219.0,inside_visible,771.6003333333333,607.0353333333333,0
Cmw2H5C_Ves_3621-3747,127,1,98.0,261.0,194.0,193.0,inside_visible,1045.737,265.65,1
Cmw2H5C_Ves_3621-3747,127,2,989.0,161.0,216.0,251.0,outside_frame,734.527,617.46,1
Cmw2H5C_Ves_3621-3747,127,3,571.0,33.0,180.0,219.0,inside_visible,770.415,604.891,0
