child_id,clip_id,final_label,num_correct_models,correct_models,rule_based_label,deberta_label,distilbert_label,bart_label
1Ab4vLMMAbY_2354-2439:person_1,1Ab4vLMMAbY_2354-2439,focused_attention,2,rule_based|deberta,focused_attention,focused_attention,exploratory_attention,occluded_attention
1Ab4vLMMAbY_412-554:person_1,1Ab4vLMMAbY_412-554,focused_attention,2,rule_based|deberta,focused_attention,focused_attention,exploratory_attention,occluded_attention
1Ab4vLMMAbY_557-690:person_1,1Ab4vLMMAbY_557-690,focused_attention,2,rule_based|deberta,focused_attention,focused_attention,exploratory_attention,no_attention
31lG75MDwSA_2857-2928:person_1,31lG75MDwSA_2857-2928,focused_attention,2,rule_based|deberta,focused_attention,focused_attention,exploratory_attention,no_attention
31lG75MDwSA_3180-3306:person_1,31lG75MDwSA_3180-3306,focused_attention,2,rule_based|deberta,focused_attention,focused_attention,exploratory_attention,occluded_attention
31lG75MDwSA_4686-4764:person_2,31lG75MDwSA_4686-4764,exploratory_attention,1,distilbert,no_attention,focused_attention,exploratory_attention,no_attention
6mA6UAoT3M0_6165-6361:person_1,6mA6UAoT3M0_6165-6361,exploratory_attention,1,distilbert,no_attention,focused_attention,exploratory_attention,occluded_attention
9DNwRwt5kI4_10666-10822:person_2,9DNwRwt5kI4_10666-10822,focused_attention,2,rule_based|deberta,focused_attention,focused_attention,exploratory_attention,occluded_attention
9DNwRwt5kI4_10666-10822:person_3,9DNwRwt5kI4_10666-10822,exploratory_attention,1,distilbert,no_attention,focused_attention,exploratory_attention,no_attention
9DNwRwt5kI4_14988-15270:person_2,9DNwRwt5kI4_14988-15270,exploratory_attention,1,distilbert,no_attention,focused_attention,exploratory_attention,occluded_attention
9DNwRwt5kI4_2442-3179:person_1,9DNwRwt5kI4_2442-3179,focused_attention,2,rule_based|deberta,focused_attention,focused_attention,exploratory_attention,occluded_attention
LS9Hztyrmmw_1768-1839:person_3,LS9Hztyrmmw_1768-1839,exploratory_attention,1,distilbert,no_attention,focused_attention,exploratory_attention,no_attention
Lva4fn4_q88_1270-1473:person_3,Lva4fn4_q88_1270-1473,exploratory_attention,2,rule_based|distilbert,exploratory_attention,focused_attention,exploratory_attention,occluded_attention
NIk1-ck4c6Q_13651-13719:person_3,NIk1-ck4c6Q_13651-13719,exploratory_attention,2,rule_based|distilbert,exploratory_attention,focused_attention,exploratory_attention,no_attention
Pyb0z_YQjjI_7332-7429:person_2,Pyb0z_YQjjI_7332-7429,exploratory_attention,2,rule_based|distilbert,exploratory_attention,focused_attention,exploratory_attention,occluded_attention
Pyb0z_YQjjI_7632-7685:person_2,Pyb0z_YQjjI_7632-7685,focused_attention,2,rule_based|deberta,focused_attention,focused_attention,exploratory_attention,occluded_attention
UUwGLDeYN8c_266-474:person_1,UUwGLDeYN8c_266-474,focused_attention,2,rule_based|deberta,focused_attention,focused_attention,exploratory_attention,occluded_attention
WpbXt04qWEk_1166-1611:person_1,WpbXt04qWEk_1166-1611,focused_attention,2,rule_based|deberta,focused_attention,focused_attention,exploratory_attention,occluded_attention
dUYIh1U2z-8_4007-4220:person_1,dUYIh1U2z-8_4007-4220,focused_attention,2,rule_based|deberta,focused_attention,focused_attention,exploratory_attention,occluded_attention
f6wqlpG9rd0_9404-9541:person_1,f6wqlpG9rd0_9404-9541,exploratory_attention,1,distilbert,no_attention,focused_attention,exploratory_attention,occluded_attention
fvJbRuIu4-0_1907-2018:person_1,fvJbRuIu4-0_1907-2018,exploratory_attention,1,distilbert,no_attention,focused_attention,exploratory_attention,no_attention
ivX3JXIV1W4_1-1920:person_1,ivX3JXIV1W4_1-1920,exploratory_attention,2,rule_based|distilbert,exploratory_attention,focused_attention,exploratory_attention,no_attention
odFKscFdEas_14127-14292:person_2,odFKscFdEas_14127-14292,exploratory_attention,1,distilbert,no_attention,focused_attention,exploratory_attention,no_attention
whHPATlDw8M_5014-5313-downsampled:person_2,whHPATlDw8M_5014-5313-downsampled,focused_attention,2,rule_based|deberta,focused_attention,focused_attention,exploratory_attention,no_attention
