child_id,clip_id,model,label
1Ab4vLMMAbY_2354-2439:person_1,1Ab4vLMMAbY_2354-2439,rule_based,focused_attention
1Ab4vLMMAbY_2354-2439:person_1,1Ab4vLMMAbY_2354-2439,deberta,focused_attention
1Ab4vLMMAbY_2354-2439:person_1,1Ab4vLMMAbY_2354-2439,distilbert,exploratory_attention
1Ab4vLMMAbY_2354-2439:person_1,1Ab4vLMMAbY_2354-2439,bart,occluded_attention
1Ab4vLMMAbY_412-554:person_1,1Ab4vLMMAbY_412-554,rule_based,focused_attention
1Ab4vLMMAbY_412-554:person_1,1Ab4vLMMAbY_412-554,deberta,focused_attention
1Ab4vLMMAbY_412-554:person_1,1Ab4vLMMAbY_412-554,distilbert,exploratory_attention
1Ab4vLMMAbY_412-554:person_1,1Ab4vLMMAbY_412-554,bart,occluded_attention
1Ab4vLMMAbY_557-690:person_1,1Ab4vLMMAbY_557-690,rule_based,focused_attention
1Ab4vLMMAbY_557-690:person_1,1Ab4vLMMAbY_557-690,deberta,focused_attention
1Ab4vLMMAbY_557-690:person_1,1Ab4vLMMAbY_557-690,distilbert,exploratory_attention
1Ab4vLMMAbY_557-690:person_1,1Ab4vLMMAbY_557-690,bart,mixed_attention
31lG75MDwSA_2857-2928:person_1,31lG75MDwSA_2857-2928,rule_based,focused_attention
31lG75MDwSA_2857-2928:person_1,31lG75MDwSA_2857-2928,deberta,focused_attention
31lG75MDwSA_2857-2928:person_1,31lG75MDwSA_2857-2928,distilbert,exploratory_attention
31lG75MDwSA_2857-2928:person_1,31lG75MDwSA_2857-2928,bart,mixed_attention
31lG75MDwSA_3180-3306:person_1,31lG75MDwSA_3180-3306,rule_based,focused_attention
31lG75MDwSA_3180-3306:person_1,31lG75MDwSA_3180-3306,deberta,focused_attention
31lG75MDwSA_3180-3306:person_1,31lG75MDwSA_3180-3306,distilbert,exploratory_attention
31lG75MDwSA_3180-3306:person_1,31lG75MDwSA_3180-3306,bart,occluded_attention
31lG75MDwSA_4686-4764:person_2,31lG75MDwSA_4686-4764,rule_based,mixed_attention
31lG75MDwSA_4686-4764:person_2,31lG75MDwSA_4686-4764,deberta,focused_attention
31lG75MDwSA_4686-4764:person_2,31lG75MDwSA_4686-4764,distilbert,exploratory_attention
31lG75MDwSA_4686-4764:person_2,31lG75MDwSA_4686-4764,bart,mixed_attention
6mA6UAoT3M0_6165-6361:person_1,6mA6UAoT3M0_6165-6361,rule_based,mixed_attention
6mA6UAoT3M0_6165-6361:person_1,6mA6UAoT3M0_6165-6361,deberta,focused_attention
6mA6UAoT3M0_6165-6361:person_1,6mA6UAoT3M0_6165-6361,distilbert,exploratory_attention
6mA6UAoT3M0_6165-6361:person_1,6mA6UAoT3M0_6165-6361,bart,occluded_attention
6mA6UAoT3M0_6165-6361:person_3,6mA6UAoT3M0_6165-6361,rule_based,focused_attention
6mA6UAoT3M0_6165-6361:person_3,6mA6UAoT3M0_6165-6361,deberta,focused_attention
6mA6UAoT3M0_6165-6361:person_3,6mA6UAoT3M0_6165-6361,distilbert,exploratory_attention
6mA6UAoT3M0_6165-6361:person_3,6mA6UAoT3M0_6165-6361,bart,mixed_attention
9DNwRwt5kI4_10666-10822:person_2,9DNwRwt5kI4_10666-10822,rule_based,focused_attention
9DNwRwt5kI4_10666-10822:person_2,9DNwRwt5kI4_10666-10822,deberta,focused_attention
9DNwRwt5kI4_10666-10822:person_2,9DNwRwt5kI4_10666-10822,distilbert,exploratory_attention
9DNwRwt5kI4_10666-10822:person_2,9DNwRwt5kI4_10666-10822,bart,occluded_attention
9DNwRwt5kI4_10666-10822:person_3,9DNwRwt5kI4_10666-10822,rule_based,mixed_attention
9DNwRwt5kI4_10666-10822:person_3,9DNwRwt5kI4_10666-10822,deberta,focused_attention
9DNwRwt5kI4_10666-10822:person_3,9DNwRwt5kI4_10666-10822,distilbert,exploratory_attention
9DNwRwt5kI4_10666-10822:person_3,9DNwRwt5kI4_10666-10822,bart,mixed_attention
9DNwRwt5kI4_14988-15270:person_2,9DNwRwt5kI4_14988-15270,rule_based,mixed_attention
9DNwRwt5kI4_14988-15270:person_2,9DNwRwt5kI4_14988-15270,deberta,focused_attention
9DNwRwt5kI4_14988-15270:person_2,9DNwRwt5kI4_14988-15270,distilbert,exploratory_attention
9DNwRwt5kI4_14988-15270:person_2,9DNwRwt5kI4_14988-15270,bart,occluded_attention
9DNwRwt5kI4_14988-15270:person_3,9DNwRwt5kI4_14988-15270,rule_based,mixed_attention
9DNwRwt5kI4_14988-15270:person_3,9DNwRwt5kI4_14988-15270,deberta,focused_attention
9DNwRwt5kI4_14988-15270:person_3,9DNwRwt5kI4_14988-15270,distilbert,exploratory_attention
9DNwRwt5kI4_14988-15270:person_3,9DNwRwt5kI4_14988-15270,bart,occluded_attention
9DNwRwt5kI4_2442-3179:person_1,9DNwRwt5kI4_2442-3179,rule_based,focused_attention
9DNwRwt5kI4_2442-3179:person_1,9DNwRwt5kI4_2442-3179,deberta,focused_attention
9DNwRwt5kI4_2442-3179:person_1,9DNwRwt5kI4_2442-3179,distilbert,exploratory_attention
9DNwRwt5kI4_2442-3179:person_1,9DNwRwt5kI4_2442-3179,bart,occluded_attention
9DNwRwt5kI4_2442-3179:person_3,9DNwRwt5kI4_2442-3179,rule_based,mixed_attention
9DNwRwt5kI4_2442-3179:person_3,9DNwRwt5kI4_2442-3179,deberta,focused_attention
9DNwRwt5kI4_2442-3179:person_3,9DNwRwt5kI4_2442-3179,distilbert,exploratory_attention
9DNwRwt5kI4_2442-3179:person_3,9DNwRwt5kI4_2442-3179,bart,occluded_attention
LHT2zVYvObg_1790-1917:person_1,LHT2zVYvObg_1790-1917,rule_based,focused_attention
LHT2zVYvObg_1790-1917:person_1,LHT2zVYvObg_1790-1917,deberta,focused_attention
LHT2zVYvObg_1790-1917:person_1,LHT2zVYvObg_1790-1917,distilbert,exploratory_attention
LHT2zVYvObg_1790-1917:person_1,LHT2zVYvObg_1790-1917,bart,mixed_attention
LHT2zVYvObg_1790-1917:person_2,LHT2zVYvObg_1790-1917,rule_based,mixed_attention
LHT2zVYvObg_1790-1917:person_2,LHT2zVYvObg_1790-1917,deberta,focused_attention
LHT2zVYvObg_1790-1917:person_2,LHT2zVYvObg_1790-1917,distilbert,exploratory_attention
LHT2zVYvObg_1790-1917:person_2,LHT2zVYvObg_1790-1917,bart,mixed_attention
LHT2zVYvObg_1921-2099:person_1,LHT2zVYvObg_1921-2099,rule_based,focused_attention
LHT2zVYvObg_1921-2099:person_1,LHT2zVYvObg_1921-2099,deberta,focused_attention
LHT2zVYvObg_1921-2099:person_1,LHT2zVYvObg_1921-2099,distilbert,exploratory_attention
LHT2zVYvObg_1921-2099:person_1,LHT2zVYvObg_1921-2099,bart,occluded_attention
LS9Hztyrmmw_1768-1839:person_2,LS9Hztyrmmw_1768-1839,rule_based,focused_attention
LS9Hztyrmmw_1768-1839:person_2,LS9Hztyrmmw_1768-1839,deberta,focused_attention
LS9Hztyrmmw_1768-1839:person_2,LS9Hztyrmmw_1768-1839,distilbert,exploratory_attention
LS9Hztyrmmw_1768-1839:person_2,LS9Hztyrmmw_1768-1839,bart,occluded_attention
LS9Hztyrmmw_1768-1839:person_3,LS9Hztyrmmw_1768-1839,rule_based,mixed_attention
LS9Hztyrmmw_1768-1839:person_3,LS9Hztyrmmw_1768-1839,deberta,focused_attention
LS9Hztyrmmw_1768-1839:person_3,LS9Hztyrmmw_1768-1839,distilbert,exploratory_attention
LS9Hztyrmmw_1768-1839:person_3,LS9Hztyrmmw_1768-1839,bart,mixed_attention
LS9Hztyrmmw_2667-2845:person_2,LS9Hztyrmmw_2667-2845,rule_based,focused_attention
LS9Hztyrmmw_2667-2845:person_2,LS9Hztyrmmw_2667-2845,deberta,focused_attention
LS9Hztyrmmw_2667-2845:person_2,LS9Hztyrmmw_2667-2845,distilbert,exploratory_attention
LS9Hztyrmmw_2667-2845:person_2,LS9Hztyrmmw_2667-2845,bart,mixed_attention
LS9Hztyrmmw_2667-2845:person_3,LS9Hztyrmmw_2667-2845,rule_based,focused_attention
LS9Hztyrmmw_2667-2845:person_3,LS9Hztyrmmw_2667-2845,deberta,focused_attention
LS9Hztyrmmw_2667-2845:person_3,LS9Hztyrmmw_2667-2845,distilbert,exploratory_attention
LS9Hztyrmmw_2667-2845:person_3,LS9Hztyrmmw_2667-2845,bart,mixed_attention
Lva4fn4_q88_1270-1473:person_2,Lva4fn4_q88_1270-1473,rule_based,focused_attention
Lva4fn4_q88_1270-1473:person_2,Lva4fn4_q88_1270-1473,deberta,focused_attention
Lva4fn4_q88_1270-1473:person_2,Lva4fn4_q88_1270-1473,distilbert,exploratory_attention
Lva4fn4_q88_1270-1473:person_2,Lva4fn4_q88_1270-1473,bart,occluded_attention
Lva4fn4_q88_1270-1473:person_3,Lva4fn4_q88_1270-1473,rule_based,exploratory_attention
Lva4fn4_q88_1270-1473:person_3,Lva4fn4_q88_1270-1473,deberta,focused_attention
Lva4fn4_q88_1270-1473:person_3,Lva4fn4_q88_1270-1473,distilbert,exploratory_attention
Lva4fn4_q88_1270-1473:person_3,Lva4fn4_q88_1270-1473,bart,occluded_attention
Lva4fn4_q88_4391-4523:person_2,Lva4fn4_q88_4391-4523,rule_based,focused_attention
Lva4fn4_q88_4391-4523:person_2,Lva4fn4_q88_4391-4523,deberta,focused_attention
Lva4fn4_q88_4391-4523:person_2,Lva4fn4_q88_4391-4523,distilbert,exploratory_attention
Lva4fn4_q88_4391-4523:person_2,Lva4fn4_q88_4391-4523,bart,mixed_attention
Lva4fn4_q88_4391-4523:person_3,Lva4fn4_q88_4391-4523,rule_based,focused_attention
Lva4fn4_q88_4391-4523:person_3,Lva4fn4_q88_4391-4523,deberta,focused_attention
Lva4fn4_q88_4391-4523:person_3,Lva4fn4_q88_4391-4523,distilbert,exploratory_attention
Lva4fn4_q88_4391-4523:person_3,Lva4fn4_q88_4391-4523,bart,mixed_attention
Lva4fn4_q88_4691-4775:person_2,Lva4fn4_q88_4691-4775,rule_based,focused_attention
Lva4fn4_q88_4691-4775:person_2,Lva4fn4_q88_4691-4775,deberta,focused_attention
Lva4fn4_q88_4691-4775:person_2,Lva4fn4_q88_4691-4775,distilbert,exploratory_attention
Lva4fn4_q88_4691-4775:person_2,Lva4fn4_q88_4691-4775,bart,mixed_attention
Lva4fn4_q88_4691-4775:person_3,Lva4fn4_q88_4691-4775,rule_based,focused_attention
Lva4fn4_q88_4691-4775:person_3,Lva4fn4_q88_4691-4775,deberta,focused_attention
Lva4fn4_q88_4691-4775:person_3,Lva4fn4_q88_4691-4775,distilbert,exploratory_attention
Lva4fn4_q88_4691-4775:person_3,Lva4fn4_q88_4691-4775,bart,occluded_attention
Lva4fn4_q88_5291-5420:person_2,Lva4fn4_q88_5291-5420,rule_based,focused_attention
Lva4fn4_q88_5291-5420:person_2,Lva4fn4_q88_5291-5420,deberta,focused_attention
Lva4fn4_q88_5291-5420:person_2,Lva4fn4_q88_5291-5420,distilbert,exploratory_attention
Lva4fn4_q88_5291-5420:person_2,Lva4fn4_q88_5291-5420,bart,mixed_attention
Lva4fn4_q88_5291-5420:person_3,Lva4fn4_q88_5291-5420,rule_based,focused_attention
Lva4fn4_q88_5291-5420:person_3,Lva4fn4_q88_5291-5420,deberta,focused_attention
Lva4fn4_q88_5291-5420:person_3,Lva4fn4_q88_5291-5420,distilbert,exploratory_attention
Lva4fn4_q88_5291-5420:person_3,Lva4fn4_q88_5291-5420,bart,occluded_attention
ND7pXuhs3VM_1800-1925:person_2,ND7pXuhs3VM_1800-1925,rule_based,mixed_attention
ND7pXuhs3VM_1800-1925:person_2,ND7pXuhs3VM_1800-1925,deberta,focused_attention
ND7pXuhs3VM_1800-1925:person_2,ND7pXuhs3VM_1800-1925,distilbert,exploratory_attention
ND7pXuhs3VM_1800-1925:person_2,ND7pXuhs3VM_1800-1925,bart,occluded_attention
ND7pXuhs3VM_3066-3159:person_1,ND7pXuhs3VM_3066-3159,rule_based,mixed_attention
ND7pXuhs3VM_3066-3159:person_1,ND7pXuhs3VM_3066-3159,deberta,focused_attention
ND7pXuhs3VM_3066-3159:person_1,ND7pXuhs3VM_3066-3159,distilbert,exploratory_attention
ND7pXuhs3VM_3066-3159:person_1,ND7pXuhs3VM_3066-3159,bart,mixed_attention
NIk1-ck4c6Q_13651-13719:person_2,NIk1-ck4c6Q_13651-13719,rule_based,mixed_attention
NIk1-ck4c6Q_13651-13719:person_2,NIk1-ck4c6Q_13651-13719,deberta,focused_attention
NIk1-ck4c6Q_13651-13719:person_2,NIk1-ck4c6Q_13651-13719,distilbert,exploratory_attention
NIk1-ck4c6Q_13651-13719:person_2,NIk1-ck4c6Q_13651-13719,bart,occluded_attention
NIk1-ck4c6Q_13651-13719:person_3,NIk1-ck4c6Q_13651-13719,rule_based,exploratory_attention
NIk1-ck4c6Q_13651-13719:person_3,NIk1-ck4c6Q_13651-13719,deberta,focused_attention
NIk1-ck4c6Q_13651-13719:person_3,NIk1-ck4c6Q_13651-13719,distilbert,exploratory_attention
NIk1-ck4c6Q_13651-13719:person_3,NIk1-ck4c6Q_13651-13719,bart,mixed_attention
NIk1-ck4c6Q_22766-22806:person_2,NIk1-ck4c6Q_22766-22806,rule_based,focused_attention
NIk1-ck4c6Q_22766-22806:person_2,NIk1-ck4c6Q_22766-22806,deberta,focused_attention
NIk1-ck4c6Q_22766-22806:person_2,NIk1-ck4c6Q_22766-22806,distilbert,exploratory_attention
NIk1-ck4c6Q_22766-22806:person_2,NIk1-ck4c6Q_22766-22806,bart,mixed_attention
NIk1-ck4c6Q_22766-22806:person_3,NIk1-ck4c6Q_22766-22806,rule_based,focused_attention
NIk1-ck4c6Q_22766-22806:person_3,NIk1-ck4c6Q_22766-22806,deberta,focused_attention
NIk1-ck4c6Q_22766-22806:person_3,NIk1-ck4c6Q_22766-22806,distilbert,exploratory_attention
NIk1-ck4c6Q_22766-22806:person_3,NIk1-ck4c6Q_22766-22806,bart,mixed_attention
N_9vfhsDz8w_5785-5911:person_2,N_9vfhsDz8w_5785-5911,rule_based,focused_attention
N_9vfhsDz8w_5785-5911:person_2,N_9vfhsDz8w_5785-5911,deberta,focused_attention
N_9vfhsDz8w_5785-5911:person_2,N_9vfhsDz8w_5785-5911,distilbert,exploratory_attention
N_9vfhsDz8w_5785-5911:person_2,N_9vfhsDz8w_5785-5911,bart,mixed_attention
N_9vfhsDz8w_5785-5911:person_3,N_9vfhsDz8w_5785-5911,rule_based,focused_attention
N_9vfhsDz8w_5785-5911:person_3,N_9vfhsDz8w_5785-5911,deberta,focused_attention
N_9vfhsDz8w_5785-5911:person_3,N_9vfhsDz8w_5785-5911,distilbert,exploratory_attention
N_9vfhsDz8w_5785-5911:person_3,N_9vfhsDz8w_5785-5911,bart,mixed_attention
N_9vfhsDz8w_6085-6298:person_2,N_9vfhsDz8w_6085-6298,rule_based,focused_attention
N_9vfhsDz8w_6085-6298:person_2,N_9vfhsDz8w_6085-6298,deberta,focused_attention
N_9vfhsDz8w_6085-6298:person_2,N_9vfhsDz8w_6085-6298,distilbert,exploratory_attention
N_9vfhsDz8w_6085-6298:person_2,N_9vfhsDz8w_6085-6298,bart,mixed_attention
N_9vfhsDz8w_6085-6298:person_3,N_9vfhsDz8w_6085-6298,rule_based,focused_attention
N_9vfhsDz8w_6085-6298:person_3,N_9vfhsDz8w_6085-6298,deberta,focused_attention
N_9vfhsDz8w_6085-6298:person_3,N_9vfhsDz8w_6085-6298,distilbert,exploratory_attention
N_9vfhsDz8w_6085-6298:person_3,N_9vfhsDz8w_6085-6298,bart,mixed_attention
Pyb0z_YQjjI_7332-7429:person_2,Pyb0z_YQjjI_7332-7429,rule_based,exploratory_attention
Pyb0z_YQjjI_7332-7429:person_2,Pyb0z_YQjjI_7332-7429,deberta,focused_attention
Pyb0z_YQjjI_7332-7429:person_2,Pyb0z_YQjjI_7332-7429,distilbert,exploratory_attention
Pyb0z_YQjjI_7332-7429:person_2,Pyb0z_YQjjI_7332-7429,bart,occluded_attention
Pyb0z_YQjjI_7332-7429:person_3,Pyb0z_YQjjI_7332-7429,rule_based,focused_attention
Pyb0z_YQjjI_7332-7429:person_3,Pyb0z_YQjjI_7332-7429,deberta,focused_attention
Pyb0z_YQjjI_7332-7429:person_3,Pyb0z_YQjjI_7332-7429,distilbert,exploratory_attention
Pyb0z_YQjjI_7332-7429:person_3,Pyb0z_YQjjI_7332-7429,bart,mixed_attention
Pyb0z_YQjjI_7632-7685:person_2,Pyb0z_YQjjI_7632-7685,rule_based,focused_attention
Pyb0z_YQjjI_7632-7685:person_2,Pyb0z_YQjjI_7632-7685,deberta,focused_attention
Pyb0z_YQjjI_7632-7685:person_2,Pyb0z_YQjjI_7632-7685,distilbert,exploratory_attention
Pyb0z_YQjjI_7632-7685:person_2,Pyb0z_YQjjI_7632-7685,bart,occluded_attention
Pyb0z_YQjjI_7632-7685:person_3,Pyb0z_YQjjI_7632-7685,rule_based,focused_attention
Pyb0z_YQjjI_7632-7685:person_3,Pyb0z_YQjjI_7632-7685,deberta,focused_attention
Pyb0z_YQjjI_7632-7685:person_3,Pyb0z_YQjjI_7632-7685,distilbert,exploratory_attention
Pyb0z_YQjjI_7632-7685:person_3,Pyb0z_YQjjI_7632-7685,bart,mixed_attention
UUwGLDeYN8c_266-474:person_1,UUwGLDeYN8c_266-474,rule_based,focused_attention
UUwGLDeYN8c_266-474:person_1,UUwGLDeYN8c_266-474,deberta,focused_attention
UUwGLDeYN8c_266-474:person_1,UUwGLDeYN8c_266-474,distilbert,exploratory_attention
UUwGLDeYN8c_266-474:person_1,UUwGLDeYN8c_266-474,bart,occluded_attention
WpbXt04qWEk_1166-1611:person_1,WpbXt04qWEk_1166-1611,rule_based,focused_attention
WpbXt04qWEk_1166-1611:person_1,WpbXt04qWEk_1166-1611,deberta,focused_attention
WpbXt04qWEk_1166-1611:person_1,WpbXt04qWEk_1166-1611,distilbert,exploratory_attention
WpbXt04qWEk_1166-1611:person_1,WpbXt04qWEk_1166-1611,bart,occluded_attention
WpbXt04qWEk_924-1135:person_1,WpbXt04qWEk_924-1135,rule_based,focused_attention
WpbXt04qWEk_924-1135:person_1,WpbXt04qWEk_924-1135,deberta,focused_attention
WpbXt04qWEk_924-1135:person_1,WpbXt04qWEk_924-1135,distilbert,exploratory_attention
WpbXt04qWEk_924-1135:person_1,WpbXt04qWEk_924-1135,bart,mixed_attention
aWV7UUMddCU_5934-6205:person_2,aWV7UUMddCU_5934-6205,rule_based,mixed_attention
aWV7UUMddCU_5934-6205:person_2,aWV7UUMddCU_5934-6205,deberta,focused_attention
aWV7UUMddCU_5934-6205:person_2,aWV7UUMddCU_5934-6205,distilbert,exploratory_attention
aWV7UUMddCU_5934-6205:person_2,aWV7UUMddCU_5934-6205,bart,occluded_attention
aWV7UUMddCU_6517-7514:person_1,aWV7UUMddCU_6517-7514,rule_based,mixed_attention
aWV7UUMddCU_6517-7514:person_1,aWV7UUMddCU_6517-7514,deberta,focused_attention
aWV7UUMddCU_6517-7514:person_1,aWV7UUMddCU_6517-7514,distilbert,exploratory_attention
aWV7UUMddCU_6517-7514:person_1,aWV7UUMddCU_6517-7514,bart,occluded_attention
dUYIh1U2z-8_3300-3427:person_1,dUYIh1U2z-8_3300-3427,rule_based,focused_attention
dUYIh1U2z-8_3300-3427:person_1,dUYIh1U2z-8_3300-3427,deberta,focused_attention
dUYIh1U2z-8_3300-3427:person_1,dUYIh1U2z-8_3300-3427,distilbert,exploratory_attention
dUYIh1U2z-8_3300-3427:person_1,dUYIh1U2z-8_3300-3427,bart,mixed_attention
dUYIh1U2z-8_3300-3427:person_2,dUYIh1U2z-8_3300-3427,rule_based,focused_attention
dUYIh1U2z-8_3300-3427:person_2,dUYIh1U2z-8_3300-3427,deberta,focused_attention
dUYIh1U2z-8_3300-3427:person_2,dUYIh1U2z-8_3300-3427,distilbert,exploratory_attention
dUYIh1U2z-8_3300-3427:person_2,dUYIh1U2z-8_3300-3427,bart,mixed_attention
dUYIh1U2z-8_4007-4220:person_1,dUYIh1U2z-8_4007-4220,rule_based,focused_attention
dUYIh1U2z-8_4007-4220:person_1,dUYIh1U2z-8_4007-4220,deberta,focused_attention
dUYIh1U2z-8_4007-4220:person_1,dUYIh1U2z-8_4007-4220,distilbert,exploratory_attention
dUYIh1U2z-8_4007-4220:person_1,dUYIh1U2z-8_4007-4220,bart,occluded_attention
dUYIh1U2z-8_4007-4220:person_2,dUYIh1U2z-8_4007-4220,rule_based,focused_attention
dUYIh1U2z-8_4007-4220:person_2,dUYIh1U2z-8_4007-4220,deberta,focused_attention
dUYIh1U2z-8_4007-4220:person_2,dUYIh1U2z-8_4007-4220,distilbert,exploratory_attention
dUYIh1U2z-8_4007-4220:person_2,dUYIh1U2z-8_4007-4220,bart,mixed_attention
dUYIh1U2z-8_4007-4220:person_3,dUYIh1U2z-8_4007-4220,rule_based,focused_attention
dUYIh1U2z-8_4007-4220:person_3,dUYIh1U2z-8_4007-4220,deberta,focused_attention
dUYIh1U2z-8_4007-4220:person_3,dUYIh1U2z-8_4007-4220,distilbert,exploratory_attention
dUYIh1U2z-8_4007-4220:person_3,dUYIh1U2z-8_4007-4220,bart,mixed_attention
f6wqlpG9rd0_1402-1688:person_1,f6wqlpG9rd0_1402-1688,rule_based,focused_attention
f6wqlpG9rd0_1402-1688:person_1,f6wqlpG9rd0_1402-1688,deberta,focused_attention
f6wqlpG9rd0_1402-1688:person_1,f6wqlpG9rd0_1402-1688,distilbert,exploratory_attention
f6wqlpG9rd0_1402-1688:person_1,f6wqlpG9rd0_1402-1688,bart,occluded_attention
f6wqlpG9rd0_203-262:person_1,f6wqlpG9rd0_203-262,rule_based,focused_attention
f6wqlpG9rd0_203-262:person_1,f6wqlpG9rd0_203-262,deberta,focused_attention
f6wqlpG9rd0_203-262:person_1,f6wqlpG9rd0_203-262,distilbert,exploratory_attention
f6wqlpG9rd0_203-262:person_1,f6wqlpG9rd0_203-262,bart,mixed_attention
f6wqlpG9rd0_9404-9541:person_1,f6wqlpG9rd0_9404-9541,rule_based,mixed_attention
f6wqlpG9rd0_9404-9541:person_1,f6wqlpG9rd0_9404-9541,deberta,focused_attention
f6wqlpG9rd0_9404-9541:person_1,f6wqlpG9rd0_9404-9541,distilbert,exploratory_attention
f6wqlpG9rd0_9404-9541:person_1,f6wqlpG9rd0_9404-9541,bart,occluded_attention
f6wqlpG9rd0_9704-9949:person_1,f6wqlpG9rd0_9704-9949,rule_based,mixed_attention
f6wqlpG9rd0_9704-9949:person_1,f6wqlpG9rd0_9704-9949,deberta,focused_attention
f6wqlpG9rd0_9704-9949:person_1,f6wqlpG9rd0_9704-9949,distilbert,exploratory_attention
f6wqlpG9rd0_9704-9949:person_1,f6wqlpG9rd0_9704-9949,bart,occluded_attention
fvJbRuIu4-0_1308-1370:person_1,fvJbRuIu4-0_1308-1370,rule_based,focused_attention
fvJbRuIu4-0_1308-1370:person_1,fvJbRuIu4-0_1308-1370,deberta,focused_attention
fvJbRuIu4-0_1308-1370:person_1,fvJbRuIu4-0_1308-1370,distilbert,exploratory_attention
fvJbRuIu4-0_1308-1370:person_1,fvJbRuIu4-0_1308-1370,bart,mixed_attention
fvJbRuIu4-0_1308-1370:person_2,fvJbRuIu4-0_1308-1370,rule_based,focused_attention
fvJbRuIu4-0_1308-1370:person_2,fvJbRuIu4-0_1308-1370,deberta,focused_attention
fvJbRuIu4-0_1308-1370:person_2,fvJbRuIu4-0_1308-1370,distilbert,exploratory_attention
fvJbRuIu4-0_1308-1370:person_2,fvJbRuIu4-0_1308-1370,bart,mixed_attention
fvJbRuIu4-0_1907-2018:person_1,fvJbRuIu4-0_1907-2018,rule_based,mixed_attention
fvJbRuIu4-0_1907-2018:person_1,fvJbRuIu4-0_1907-2018,deberta,focused_attention
fvJbRuIu4-0_1907-2018:person_1,fvJbRuIu4-0_1907-2018,distilbert,exploratory_attention
fvJbRuIu4-0_1907-2018:person_1,fvJbRuIu4-0_1907-2018,bart,mixed_attention
fvJbRuIu4-0_1907-2018:person_2,fvJbRuIu4-0_1907-2018,rule_based,focused_attention
fvJbRuIu4-0_1907-2018:person_2,fvJbRuIu4-0_1907-2018,deberta,focused_attention
fvJbRuIu4-0_1907-2018:person_2,fvJbRuIu4-0_1907-2018,distilbert,exploratory_attention
fvJbRuIu4-0_1907-2018:person_2,fvJbRuIu4-0_1907-2018,bart,mixed_attention
ivX3JXIV1W4_1-1920:person_1,ivX3JXIV1W4_1-1920,rule_based,exploratory_attention
ivX3JXIV1W4_1-1920:person_1,ivX3JXIV1W4_1-1920,deberta,focused_attention
ivX3JXIV1W4_1-1920:person_1,ivX3JXIV1W4_1-1920,distilbert,exploratory_attention
ivX3JXIV1W4_1-1920:person_1,ivX3JXIV1W4_1-1920,bart,mixed_attention
ivX3JXIV1W4_1-1920:person_2,ivX3JXIV1W4_1-1920,rule_based,focused_attention
ivX3JXIV1W4_1-1920:person_2,ivX3JXIV1W4_1-1920,deberta,focused_attention
ivX3JXIV1W4_1-1920:person_2,ivX3JXIV1W4_1-1920,distilbert,exploratory_attention
ivX3JXIV1W4_1-1920:person_2,ivX3JXIV1W4_1-1920,bart,occluded_attention
odFKscFdEas_14127-14292:person_2,odFKscFdEas_14127-14292,rule_based,mixed_attention
odFKscFdEas_14127-14292:person_2,odFKscFdEas_14127-14292,deberta,focused_attention
odFKscFdEas_14127-14292:person_2,odFKscFdEas_14127-14292,distilbert,exploratory_attention
odFKscFdEas_14127-14292:person_2,odFKscFdEas_14127-14292,bart,mixed_attention
odFKscFdEas_15822-16030:person_2,odFKscFdEas_15822-16030,rule_based,focused_attention
odFKscFdEas_15822-16030:person_2,odFKscFdEas_15822-16030,deberta,focused_attention
odFKscFdEas_15822-16030:person_2,odFKscFdEas_15822-16030,distilbert,exploratory_attention
odFKscFdEas_15822-16030:person_2,odFKscFdEas_15822-16030,bart,occluded_attention
whHPATlDw8M_33039-33248-downsampled:person_1,whHPATlDw8M_33039-33248-downsampled,rule_based,focused_attention
whHPATlDw8M_33039-33248-downsampled:person_1,whHPATlDw8M_33039-33248-downsampled,deberta,focused_attention
whHPATlDw8M_33039-33248-downsampled:person_1,whHPATlDw8M_33039-33248-downsampled,distilbert,exploratory_attention
whHPATlDw8M_33039-33248-downsampled:person_1,whHPATlDw8M_33039-33248-downsampled,bart,mixed_attention
whHPATlDw8M_5014-5313-downsampled:person_2,whHPATlDw8M_5014-5313-downsampled,rule_based,focused_attention
whHPATlDw8M_5014-5313-downsampled:person_2,whHPATlDw8M_5014-5313-downsampled,deberta,focused_attention
whHPATlDw8M_5014-5313-downsampled:person_2,whHPATlDw8M_5014-5313-downsampled,distilbert,exploratory_attention
whHPATlDw8M_5014-5313-downsampled:person_2,whHPATlDw8M_5014-5313-downsampled,bart,mixed_attention
zmZpa1p5zaE_1028-1129:person_1,zmZpa1p5zaE_1028-1129,rule_based,focused_attention
zmZpa1p5zaE_1028-1129:person_1,zmZpa1p5zaE_1028-1129,deberta,focused_attention
zmZpa1p5zaE_1028-1129:person_1,zmZpa1p5zaE_1028-1129,distilbert,exploratory_attention
zmZpa1p5zaE_1028-1129:person_1,zmZpa1p5zaE_1028-1129,bart,mixed_attention
zmZpa1p5zaE_1028-1129:person_2,zmZpa1p5zaE_1028-1129,rule_based,mixed_attention
zmZpa1p5zaE_1028-1129:person_2,zmZpa1p5zaE_1028-1129,deberta,focused_attention
zmZpa1p5zaE_1028-1129:person_2,zmZpa1p5zaE_1028-1129,distilbert,exploratory_attention
zmZpa1p5zaE_1028-1129:person_2,zmZpa1p5zaE_1028-1129,bart,mixed_attention
