rank,model,accuracy,macro_f1,cohen_kappa,num_samples
1,supervised_LinearSVM,0.913,0.4627,0.8082,69
2,supervised_LogisticRegression,0.913,0.4627,0.8082,69
3,rule_based,0.8986,0.5436,0.7835,69
4,supervised_RandomForest,0.8841,0.4467,0.7503,69
5,llm_models_Qwen--Qwen2_5-72B-Instruct,0.7971,0.3156,0.5591,69
6,llm_models_qwen-7b,0.7971,0.4026,0.5905,69
7,llm_models_Qwen--Qwen2_5-7B-Instruct,0.7536,0.3264,0.327,69
8,deberta,0.6667,0.2,0.0,69
9,bart,0.1304,0.075,-0.0529,69
10,distilbert,0.029,0.0141,0.0,69
